2026-05-22 22:00:39.625 | INFO     | __main__:__init__:17 - 🤖 Auto-Pilot System Initialized. AI is ready to take over.
2026-05-22 22:00:39.625 | SUCCESS  | __main__:start_24_7_operation:67 - 🚀 100% AUTO-PILOT MODE ACTIVATED. You can go sleep now!
2026-05-22 22:00:39.626 | INFO     | __main__:run_cycle:56 - 🔄 Starting Auto-Pilot Cycle...
2026-05-22 22:00:39.626 | INFO     | __main__:scan_for_upwork_jobs:23 - 🔍 [Auto-Pilot] Scanning Upwork for high-paying AI jobs...
2026-05-22 22:00:40.121 | INFO     | __main__:scan_for_upwork_jobs:25 - 📊 Found 0 new jobs to evaluate.
2026-05-22 22:00:40.121 | INFO     | __main__:evaluate_and_bid:32 - 💤 No new jobs to evaluate right now.
2026-05-22 22:00:40.123 | INFO     | __main__:check_messages_and_reply:48 - 💬 [Auto-Pilot] Checking client messages and auto-replying...
2026-05-22 22:00:40.123 | INFO     | __main__:run_cycle:60 - ✅ Cycle Complete. Waiting for next cycle.
2026-05-22 22:10:40.519 | INFO     | __main__:run_cycle:56 - 🔄 Starting Auto-Pilot Cycle...
2026-05-22 22:10:40.521 | INFO     | __main__:scan_for_upwork_jobs:23 - 🔍 [Auto-Pilot] Scanning Upwork for high-paying AI jobs...
2026-05-22 22:10:45.297 | INFO     | __main__:scan_for_upwork_jobs:25 - 📊 Found 0 new jobs to evaluate.
2026-05-22 22:10:45.297 | INFO     | __main__:evaluate_and_bid:32 - 💤 No new jobs to evaluate right now.
2026-05-22 22:10:45.297 | INFO     | __main__:check_messages_and_reply:48 - 💬 [Auto-Pilot] Checking client messages and auto-replying...
2026-05-22 22:10:45.297 | INFO     | __main__:run_cycle:60 - ✅ Cycle Complete. Waiting for next cycle.
2026-05-22 22:20:46.263 | INFO     | __main__:run_cycle:56 - 🔄 Starting Auto-Pilot Cycle...
2026-05-22 22:20:46.264 | INFO     | __main__:scan_for_upwork_jobs:23 - 🔍 [Auto-Pilot] Scanning Upwork for high-paying AI jobs...
2026-05-22 22:20:47.294 | INFO     | __main__:scan_for_upwork_jobs:25 - 📊 Found 0 new jobs to evaluate.
2026-05-22 22:20:47.298 | INFO     | __main__:evaluate_and_bid:32 - 💤 No new jobs to evaluate right now.
2026-05-22 22:20:47.298 | INFO     | __main__:check_messages_and_reply:48 - 💬 [Auto-Pilot] Checking client messages and auto-replying...
2026-05-22 22:20:47.298 | INFO     | __main__:run_cycle:60 - ✅ Cycle Complete. Waiting for next cycle.
2026-05-22 22:30:47.935 | INFO     | __main__:run_cycle:56 - 🔄 Starting Auto-Pilot Cycle...
2026-05-22 22:30:47.935 | INFO     | __main__:scan_for_upwork_jobs:23 - 🔍 [Auto-Pilot] Scanning Upwork for high-paying AI jobs...
2026-05-22 22:30:48.637 | INFO     | __main__:scan_for_upwork_jobs:25 - 📊 Found 0 new jobs to evaluate.
2026-05-22 22:30:48.637 | INFO     | __main__:evaluate_and_bid:32 - 💤 No new jobs to evaluate right now.
2026-05-22 22:30:48.637 | INFO     | __main__:check_messages_and_reply:48 - 💬 [Auto-Pilot] Checking client messages and auto-replying...
2026-05-22 22:30:48.638 | INFO     | __main__:run_cycle:60 - ✅ Cycle Complete. Waiting for next cycle.
2026-05-22 22:40:48.800 | INFO     | __main__:run_cycle:56 - 🔄 Starting Auto-Pilot Cycle...
2026-05-22 22:40:48.800 | INFO     | __main__:scan_for_upwork_jobs:23 - 🔍 [Auto-Pilot] Scanning Upwork for high-paying AI jobs...
2026-05-22 22:40:49.296 | INFO     | __main__:scan_for_upwork_jobs:25 - 📊 Found 0 new jobs to evaluate.
2026-05-22 22:40:49.296 | INFO     | __main__:evaluate_and_bid:32 - 💤 No new jobs to evaluate right now.
2026-05-22 22:40:49.298 | INFO     | __main__:check_messages_and_reply:48 - 💬 [Auto-Pilot] Checking client messages and auto-replying...
2026-05-22 22:40:49.298 | INFO     | __main__:run_cycle:60 - ✅ Cycle Complete. Waiting for next cycle.
2026-05-22 22:50:49.328 | INFO     | __main__:run_cycle:56 - 🔄 Starting Auto-Pilot Cycle...
2026-05-22 22:50:49.328 | INFO     | __main__:scan_for_upwork_jobs:23 - 🔍 [Auto-Pilot] Scanning Upwork for high-paying AI jobs...
2026-05-22 22:50:50.241 | INFO     | __main__:scan_for_upwork_jobs:25 - 📊 Found 0 new jobs to evaluate.
2026-05-22 22:50:50.242 | INFO     | __main__:evaluate_and_bid:32 - 💤 No new jobs to evaluate right now.
2026-05-22 22:50:50.242 | INFO     | __main__:check_messages_and_reply:48 - 💬 [Auto-Pilot] Checking client messages and auto-replying...
2026-05-22 22:50:50.242 | INFO     | __main__:run_cycle:60 - ✅ Cycle Complete. Waiting for next cycle.
2026-05-22 23:00:50.330 | INFO     | __main__:run_cycle:56 - 🔄 Starting Auto-Pilot Cycle...
2026-05-22 23:00:50.330 | INFO     | __main__:scan_for_upwork_jobs:23 - 🔍 [Auto-Pilot] Scanning Upwork for high-paying AI jobs...
2026-05-22 23:00:51.977 | INFO     | __main__:scan_for_upwork_jobs:25 - 📊 Found 0 new jobs to evaluate.
2026-05-22 23:00:51.977 | INFO     | __main__:evaluate_and_bid:32 - 💤 No new jobs to evaluate right now.
2026-05-22 23:00:51.977 | INFO     | __main__:check_messages_and_reply:48 - 💬 [Auto-Pilot] Checking client messages and auto-replying...
2026-05-22 23:00:51.977 | INFO     | __main__:run_cycle:60 - ✅ Cycle Complete. Waiting for next cycle.
2026-05-22 23:10:52.312 | INFO     | __main__:run_cycle:56 - 🔄 Starting Auto-Pilot Cycle...
2026-05-22 23:10:52.312 | INFO     | __main__:scan_for_upwork_jobs:23 - 🔍 [Auto-Pilot] Scanning Upwork for high-paying AI jobs...
2026-05-22 23:10:54.347 | INFO     | __main__:scan_for_upwork_jobs:25 - 📊 Found 0 new jobs to evaluate.
2026-05-22 23:10:54.347 | INFO     | __main__:evaluate_and_bid:32 - 💤 No new jobs to evaluate right now.
2026-05-22 23:10:54.347 | INFO     | __main__:check_messages_and_reply:48 - 💬 [Auto-Pilot] Checking client messages and auto-replying...
2026-05-22 23:10:54.349 | INFO     | __main__:run_cycle:60 - ✅ Cycle Complete. Waiting for next cycle.
2026-05-22 23:20:55.331 | INFO     | __main__:run_cycle:56 - 🔄 Starting Auto-Pilot Cycle...
2026-05-22 23:20:55.354 | INFO     | __main__:scan_for_upwork_jobs:23 - 🔍 [Auto-Pilot] Scanning Upwork for high-paying AI jobs...
2026-05-22 23:20:57.984 | INFO     | __main__:scan_for_upwork_jobs:25 - 📊 Found 0 new jobs to evaluate.
2026-05-22 23:20:57.986 | INFO     | __main__:evaluate_and_bid:32 - 💤 No new jobs to evaluate right now.
2026-05-22 23:20:57.988 | INFO     | __main__:check_messages_and_reply:48 - 💬 [Auto-Pilot] Checking client messages and auto-replying...
2026-05-22 23:20:57.988 | INFO     | __main__:run_cycle:60 - ✅ Cycle Complete. Waiting for next cycle.
2026-05-22 23:30:58.545 | INFO     | __main__:run_cycle:56 - 🔄 Starting Auto-Pilot Cycle...
2026-05-22 23:30:58.545 | INFO     | __main__:scan_for_upwork_jobs:23 - 🔍 [Auto-Pilot] Scanning Upwork for high-paying AI jobs...
2026-05-22 23:30:59.865 | INFO     | __main__:scan_for_upwork_jobs:25 - 📊 Found 0 new jobs to evaluate.
2026-05-22 23:30:59.867 | INFO     | __main__:evaluate_and_bid:32 - 💤 No new jobs to evaluate right now.
2026-05-22 23:30:59.868 | INFO     | __main__:check_messages_and_reply:48 - 💬 [Auto-Pilot] Checking client messages and auto-replying...
2026-05-22 23:30:59.868 | INFO     | __main__:run_cycle:60 - ✅ Cycle Complete. Waiting for next cycle.
2026-05-22 23:41:00.852 | INFO     | __main__:run_cycle:56 - 🔄 Starting Auto-Pilot Cycle...
2026-05-22 23:41:00.852 | INFO     | __main__:scan_for_upwork_jobs:23 - 🔍 [Auto-Pilot] Scanning Upwork for high-paying AI jobs...
2026-05-22 23:41:02.468 | INFO     | __main__:scan_for_upwork_jobs:25 - 📊 Found 0 new jobs to evaluate.
2026-05-22 23:41:02.469 | INFO     | __main__:evaluate_and_bid:32 - 💤 No new jobs to evaluate right now.
2026-05-22 23:41:02.470 | INFO     | __main__:check_messages_and_reply:48 - 💬 [Auto-Pilot] Checking client messages and auto-replying...
2026-05-22 23:41:02.470 | INFO     | __main__:run_cycle:60 - ✅ Cycle Complete. Waiting for next cycle.
2026-05-22 23:51:02.829 | INFO     | __main__:run_cycle:56 - 🔄 Starting Auto-Pilot Cycle...
2026-05-22 23:51:02.832 | INFO     | __main__:scan_for_upwork_jobs:23 - 🔍 [Auto-Pilot] Scanning Upwork for high-paying AI jobs...
2026-05-22 23:51:03.958 | INFO     | __main__:scan_for_upwork_jobs:25 - 📊 Found 0 new jobs to evaluate.
2026-05-22 23:51:03.958 | INFO     | __main__:evaluate_and_bid:32 - 💤 No new jobs to evaluate right now.
2026-05-22 23:51:03.958 | INFO     | __main__:check_messages_and_reply:48 - 💬 [Auto-Pilot] Checking client messages and auto-replying...
2026-05-22 23:51:03.958 | INFO     | __main__:run_cycle:60 - ✅ Cycle Complete. Waiting for next cycle.
2026-05-23 00:01:04.559 | INFO     | __main__:run_cycle:56 - 🔄 Starting Auto-Pilot Cycle...
2026-05-23 00:01:04.559 | INFO     | __main__:scan_for_upwork_jobs:23 - 🔍 [Auto-Pilot] Scanning Upwork for high-paying AI jobs...
2026-05-23 00:01:05.561 | INFO     | __main__:scan_for_upwork_jobs:25 - 📊 Found 0 new jobs to evaluate.
2026-05-23 00:01:05.561 | INFO     | __main__:evaluate_and_bid:32 - 💤 No new jobs to evaluate right now.
2026-05-23 00:01:05.561 | INFO     | __main__:check_messages_and_reply:48 - 💬 [Auto-Pilot] Checking client messages and auto-replying...
2026-05-23 00:01:05.565 | INFO     | __main__:run_cycle:60 - ✅ Cycle Complete. Waiting for next cycle.
2026-05-23 00:11:06.479 | INFO     | __main__:run_cycle:56 - 🔄 Starting Auto-Pilot Cycle...
2026-05-23 00:11:06.482 | INFO     | __main__:scan_for_upwork_jobs:23 - 🔍 [Auto-Pilot] Scanning Upwork for high-paying AI jobs...
2026-05-23 00:11:07.987 | INFO     | __main__:scan_for_upwork_jobs:25 - 📊 Found 0 new jobs to evaluate.
2026-05-23 00:11:07.988 | INFO     | __main__:evaluate_and_bid:32 - 💤 No new jobs to evaluate right now.
2026-05-23 00:11:07.988 | INFO     | __main__:check_messages_and_reply:48 - 💬 [Auto-Pilot] Checking client messages and auto-replying...
2026-05-23 00:11:07.991 | INFO     | __main__:run_cycle:60 - ✅ Cycle Complete. Waiting for next cycle.
2026-05-23 00:21:08.972 | INFO     | __main__:run_cycle:56 - 🔄 Starting Auto-Pilot Cycle...
2026-05-23 00:21:08.973 | INFO     | __main__:scan_for_upwork_jobs:23 - 🔍 [Auto-Pilot] Scanning Upwork for high-paying AI jobs...
2026-05-23 00:21:10.104 | INFO     | __main__:scan_for_upwork_jobs:25 - 📊 Found 0 new jobs to evaluate.
2026-05-23 00:21:10.107 | INFO     | __main__:evaluate_and_bid:32 - 💤 No new jobs to evaluate right now.
2026-05-23 00:21:10.108 | INFO     | __main__:check_messages_and_reply:48 - 💬 [Auto-Pilot] Checking client messages and auto-replying...
2026-05-23 00:21:10.108 | INFO     | __main__:run_cycle:60 - ✅ Cycle Complete. Waiting for next cycle.
2026-05-23 00:31:10.220 | INFO     | __main__:run_cycle:56 - 🔄 Starting Auto-Pilot Cycle...
2026-05-23 00:31:10.220 | INFO     | __main__:scan_for_upwork_jobs:23 - 🔍 [Auto-Pilot] Scanning Upwork for high-paying AI jobs...
2026-05-23 00:31:11.754 | INFO     | __main__:scan_for_upwork_jobs:25 - 📊 Found 0 new jobs to evaluate.
2026-05-23 00:31:11.756 | INFO     | __main__:evaluate_and_bid:32 - 💤 No new jobs to evaluate right now.
2026-05-23 00:31:11.757 | INFO     | __main__:check_messages_and_reply:48 - 💬 [Auto-Pilot] Checking client messages and auto-replying...
2026-05-23 00:31:11.757 | INFO     | __main__:run_cycle:60 - ✅ Cycle Complete. Waiting for next cycle.
2026-05-23 00:41:11.857 | INFO     | __main__:run_cycle:56 - 🔄 Starting Auto-Pilot Cycle...
2026-05-23 00:41:11.944 | INFO     | __main__:scan_for_upwork_jobs:23 - 🔍 [Auto-Pilot] Scanning Upwork for high-paying AI jobs...
2026-05-23 00:41:15.270 | INFO     | __main__:scan_for_upwork_jobs:25 - 📊 Found 0 new jobs to evaluate.
2026-05-23 00:41:15.424 | INFO     | __main__:evaluate_and_bid:32 - 💤 No new jobs to evaluate right now.
2026-05-23 00:41:15.546 | INFO     | __main__:check_messages_and_reply:48 - 💬 [Auto-Pilot] Checking client messages and auto-replying...
2026-05-23 00:41:15.658 | INFO     | __main__:run_cycle:60 - ✅ Cycle Complete. Waiting for next cycle.
2026-05-23 00:51:15.942 | INFO     | __main__:run_cycle:56 - 🔄 Starting Auto-Pilot Cycle...
2026-05-23 00:51:15.943 | INFO     | __main__:scan_for_upwork_jobs:23 - 🔍 [Auto-Pilot] Scanning Upwork for high-paying AI jobs...
2026-05-23 00:51:17.618 | INFO     | __main__:scan_for_upwork_jobs:25 - 📊 Found 0 new jobs to evaluate.
2026-05-23 00:51:17.620 | INFO     | __main__:evaluate_and_bid:32 - 💤 No new jobs to evaluate right now.
2026-05-23 00:51:17.622 | INFO     | __main__:check_messages_and_reply:48 - 💬 [Auto-Pilot] Checking client messages and auto-replying...
2026-05-23 00:51:17.623 | INFO     | __main__:run_cycle:60 - ✅ Cycle Complete. Waiting for next cycle.
2026-05-23 01:01:17.792 | INFO     | __main__:run_cycle:56 - 🔄 Starting Auto-Pilot Cycle...
2026-05-23 01:01:17.794 | INFO     | __main__:scan_for_upwork_jobs:23 - 🔍 [Auto-Pilot] Scanning Upwork for high-paying AI jobs...
2026-05-23 01:01:19.208 | INFO     | __main__:scan_for_upwork_jobs:25 - 📊 Found 0 new jobs to evaluate.
2026-05-23 01:01:19.208 | INFO     | __main__:evaluate_and_bid:32 - 💤 No new jobs to evaluate right now.
2026-05-23 01:01:19.208 | INFO     | __main__:check_messages_and_reply:48 - 💬 [Auto-Pilot] Checking client messages and auto-replying...
2026-05-23 01:01:19.212 | INFO     | __main__:run_cycle:60 - ✅ Cycle Complete. Waiting for next cycle.
2026-05-23 01:11:19.512 | INFO     | __main__:run_cycle:56 - 🔄 Starting Auto-Pilot Cycle...
2026-05-23 01:11:19.515 | INFO     | __main__:scan_for_upwork_jobs:23 - 🔍 [Auto-Pilot] Scanning Upwork for high-paying AI jobs...
2026-05-23 01:11:21.102 | INFO     | __main__:scan_for_upwork_jobs:25 - 📊 Found 0 new jobs to evaluate.
2026-05-23 01:11:21.104 | INFO     | __main__:evaluate_and_bid:32 - 💤 No new jobs to evaluate right now.
2026-05-23 01:11:21.108 | INFO     | __main__:check_messages_and_reply:48 - 💬 [Auto-Pilot] Checking client messages and auto-replying...
2026-05-23 01:11:21.109 | INFO     | __main__:run_cycle:60 - ✅ Cycle Complete. Waiting for next cycle.
2026-05-24 00:13:46.245 | INFO     | __main__:run_cycle:56 - 🔄 Starting Auto-Pilot Cycle...
2026-05-24 00:13:46.520 | INFO     | __main__:scan_for_upwork_jobs:23 - 🔍 [Auto-Pilot] Scanning Upwork for high-paying AI jobs...
2026-05-24 00:13:47.839 | INFO     | __main__:scan_for_upwork_jobs:25 - 📊 Found 0 new jobs to evaluate.
2026-05-24 00:13:47.908 | INFO     | __main__:evaluate_and_bid:32 - 💤 No new jobs to evaluate right now.
2026-05-24 00:13:47.961 | INFO     | __main__:check_messages_and_reply:48 - 💬 [Auto-Pilot] Checking client messages and auto-replying...
2026-05-24 00:13:47.963 | INFO     | __main__:run_cycle:60 - ✅ Cycle Complete. Waiting for next cycle.
2026-05-24 00:23:48.557 | INFO     | __main__:run_cycle:56 - 🔄 Starting Auto-Pilot Cycle...
2026-05-24 00:23:48.607 | INFO     | __main__:scan_for_upwork_jobs:23 - 🔍 [Auto-Pilot] Scanning Upwork for high-paying AI jobs...
2026-05-24 00:23:50.417 | INFO     | __main__:scan_for_upwork_jobs:25 - 📊 Found 0 new jobs to evaluate.
2026-05-24 00:23:50.417 | INFO     | __main__:evaluate_and_bid:32 - 💤 No new jobs to evaluate right now.
2026-05-24 00:23:50.417 | INFO     | __main__:check_messages_and_reply:48 - 💬 [Auto-Pilot] Checking client messages and auto-replying...
2026-05-24 00:23:50.420 | INFO     | __main__:run_cycle:60 - ✅ Cycle Complete. Waiting for next cycle.
2026-05-24 00:33:51.278 | INFO     | __main__:run_cycle:56 - 🔄 Starting Auto-Pilot Cycle...
2026-05-24 00:33:51.278 | INFO     | __main__:scan_for_upwork_jobs:23 - 🔍 [Auto-Pilot] Scanning Upwork for high-paying AI jobs...
2026-05-24 00:33:52.324 | INFO     | __main__:scan_for_upwork_jobs:25 - 📊 Found 0 new jobs to evaluate.
2026-05-24 00:33:52.325 | INFO     | __main__:evaluate_and_bid:32 - 💤 No new jobs to evaluate right now.
2026-05-24 00:33:52.325 | INFO     | __main__:check_messages_and_reply:48 - 💬 [Auto-Pilot] Checking client messages and auto-replying...
2026-05-24 00:33:52.326 | INFO     | __main__:run_cycle:60 - ✅ Cycle Complete. Waiting for next cycle.
2026-05-24 00:36:35.238 | INFO     | __main__:__init__:17 - 🤖 Auto-Pilot System Initialized. AI is ready to take over.
2026-05-24 00:36:35.238 | SUCCESS  | __main__:start_24_7_operation:67 - 🚀 100% AUTO-PILOT MODE ACTIVATED. You can go sleep now!
2026-05-24 00:36:35.238 | INFO     | __main__:run_cycle:56 - 🔄 Starting Auto-Pilot Cycle...
2026-05-24 00:36:35.240 | INFO     | __main__:scan_for_upwork_jobs:23 - 🔍 [Auto-Pilot] Scanning Upwork for high-paying AI jobs...
2026-05-24 00:36:35.248 | INFO     | __main__:__init__:17 - 🤖 Auto-Pilot System Initialized. AI is ready to take over.
2026-05-24 00:36:35.248 | SUCCESS  | __main__:start_24_7_operation:67 - 🚀 100% AUTO-PILOT MODE ACTIVATED. You can go sleep now!
2026-05-24 00:36:35.248 | INFO     | __main__:run_cycle:56 - 🔄 Starting Auto-Pilot Cycle...
2026-05-24 00:36:35.250 | INFO     | __main__:scan_for_upwork_jobs:23 - 🔍 [Auto-Pilot] Scanning Upwork for high-paying AI jobs...
2026-05-24 00:36:35.865 | INFO     | __main__:scan_for_upwork_jobs:25 - 📊 Found 0 new jobs to evaluate.
2026-05-24 00:36:35.865 | INFO     | __main__:evaluate_and_bid:32 - 💤 No new jobs to evaluate right now.
2026-05-24 00:36:35.865 | INFO     | __main__:check_messages_and_reply:48 - 💬 [Auto-Pilot] Checking client messages and auto-replying...
2026-05-24 00:36:35.867 | INFO     | __main__:run_cycle:60 - ✅ Cycle Complete. Waiting for next cycle.
2026-05-24 00:36:35.867 | INFO     | __main__:scan_for_upwork_jobs:25 - 📊 Found 0 new jobs to evaluate.
2026-05-24 00:36:35.867 | INFO     | __main__:evaluate_and_bid:32 - 💤 No new jobs to evaluate right now.
2026-05-24 00:36:35.867 | INFO     | __main__:check_messages_and_reply:48 - 💬 [Auto-Pilot] Checking client messages and auto-replying...
2026-05-24 00:36:35.867 | INFO     | __main__:run_cycle:60 - ✅ Cycle Complete. Waiting for next cycle.
2026-05-24 00:37:01.595 | INFO     | __main__:__init__:17 - 🤖 Auto-Pilot System Initialized. AI is ready to take over.
2026-05-24 00:37:01.595 | SUCCESS  | __main__:start_24_7_operation:67 - 🚀 100% AUTO-PILOT MODE ACTIVATED. You can go sleep now!
2026-05-24 00:37:01.595 | INFO     | __main__:run_cycle:56 - 🔄 Starting Auto-Pilot Cycle...
2026-05-24 00:37:01.595 | INFO     | __main__:scan_for_upwork_jobs:23 - 🔍 [Auto-Pilot] Scanning Upwork for high-paying AI jobs...
2026-05-24 00:37:02.063 | INFO     | __main__:scan_for_upwork_jobs:25 - 📊 Found 0 new jobs to evaluate.
2026-05-24 00:37:02.063 | INFO     | __main__:evaluate_and_bid:32 - 💤 No new jobs to evaluate right now.
2026-05-24 00:37:02.063 | INFO     | __main__:check_messages_and_reply:48 - 💬 [Auto-Pilot] Checking client messages and auto-replying...
2026-05-24 00:37:02.063 | INFO     | __main__:run_cycle:60 - ✅ Cycle Complete. Waiting for next cycle.
2026-05-24 00:43:53.163 | INFO     | __main__:run_cycle:56 - 🔄 Starting Auto-Pilot Cycle...
2026-05-24 00:43:53.163 | INFO     | __main__:scan_for_upwork_jobs:23 - 🔍 [Auto-Pilot] Scanning Upwork for high-paying AI jobs...
2026-05-24 00:43:54.212 | INFO     | __main__:scan_for_upwork_jobs:25 - 📊 Found 0 new jobs to evaluate.
2026-05-24 00:43:54.214 | INFO     | __main__:evaluate_and_bid:32 - 💤 No new jobs to evaluate right now.
2026-05-24 00:43:54.214 | INFO     | __main__:check_messages_and_reply:48 - 💬 [Auto-Pilot] Checking client messages and auto-replying...
2026-05-24 00:43:54.214 | INFO     | __main__:run_cycle:60 - ✅ Cycle Complete. Waiting for next cycle.
2026-05-24 00:47:01.754 | INFO     | __main__:run_cycle:56 - 🔄 Starting Auto-Pilot Cycle...
2026-05-24 00:47:01.754 | INFO     | __main__:scan_for_upwork_jobs:23 - 🔍 [Auto-Pilot] Scanning Upwork for high-paying AI jobs...
2026-05-24 00:47:02.943 | INFO     | __main__:scan_for_upwork_jobs:25 - 📊 Found 0 new jobs to evaluate.
2026-05-24 00:47:02.945 | INFO     | __main__:evaluate_and_bid:32 - 💤 No new jobs to evaluate right now.
2026-05-24 00:47:02.945 | INFO     | __main__:check_messages_and_reply:48 - 💬 [Auto-Pilot] Checking client messages and auto-replying...
2026-05-24 00:47:02.945 | INFO     | __main__:run_cycle:60 - ✅ Cycle Complete. Waiting for next cycle.
2026-05-24 00:53:54.264 | INFO     | __main__:run_cycle:56 - 🔄 Starting Auto-Pilot Cycle...
2026-05-24 00:53:54.332 | INFO     | __main__:scan_for_upwork_jobs:23 - 🔍 [Auto-Pilot] Scanning Upwork for high-paying AI jobs...
2026-05-24 00:53:57.650 | INFO     | __main__:scan_for_upwork_jobs:25 - 📊 Found 0 new jobs to evaluate.
2026-05-24 00:53:57.681 | INFO     | __main__:evaluate_and_bid:32 - 💤 No new jobs to evaluate right now.
2026-05-24 00:53:57.699 | INFO     | __main__:check_messages_and_reply:48 - 💬 [Auto-Pilot] Checking client messages and auto-replying...
2026-05-24 00:53:57.709 | INFO     | __main__:run_cycle:60 - ✅ Cycle Complete. Waiting for next cycle.
2026-05-24 00:57:02.999 | INFO     | __main__:run_cycle:56 - 🔄 Starting Auto-Pilot Cycle...
2026-05-24 00:57:02.999 | INFO     | __main__:scan_for_upwork_jobs:23 - 🔍 [Auto-Pilot] Scanning Upwork for high-paying AI jobs...
2026-05-24 00:57:04.482 | INFO     | __main__:scan_for_upwork_jobs:25 - 📊 Found 0 new jobs to evaluate.
2026-05-24 00:57:04.484 | INFO     | __main__:evaluate_and_bid:32 - 💤 No new jobs to evaluate right now.
2026-05-24 00:57:04.485 | INFO     | __main__:check_messages_and_reply:48 - 💬 [Auto-Pilot] Checking client messages and auto-replying...
2026-05-24 00:57:04.485 | INFO     | __main__:run_cycle:60 - ✅ Cycle Complete. Waiting for next cycle.
2026-05-24 01:03:57.937 | INFO     | __main__:run_cycle:56 - 🔄 Starting Auto-Pilot Cycle...
2026-05-24 01:03:57.938 | INFO     | __main__:scan_for_upwork_jobs:23 - 🔍 [Auto-Pilot] Scanning Upwork for high-paying AI jobs...
2026-05-24 01:03:59.432 | INFO     | __main__:scan_for_upwork_jobs:25 - 📊 Found 0 new jobs to evaluate.
2026-05-24 01:03:59.445 | INFO     | __main__:evaluate_and_bid:32 - 💤 No new jobs to evaluate right now.
2026-05-24 01:03:59.447 | INFO     | __main__:check_messages_and_reply:48 - 💬 [Auto-Pilot] Checking client messages and auto-replying...
2026-05-24 01:03:59.447 | INFO     | __main__:run_cycle:60 - ✅ Cycle Complete. Waiting for next cycle.
2026-05-24 01:07:04.619 | INFO     | __main__:run_cycle:56 - 🔄 Starting Auto-Pilot Cycle...
2026-05-24 01:07:04.634 | INFO     | __main__:scan_for_upwork_jobs:23 - 🔍 [Auto-Pilot] Scanning Upwork for high-paying AI jobs...
2026-05-24 01:07:07.740 | INFO     | __main__:scan_for_upwork_jobs:25 - 📊 Found 0 new jobs to evaluate.
2026-05-24 01:07:07.743 | INFO     | __main__:evaluate_and_bid:32 - 💤 No new jobs to evaluate right now.
2026-05-24 01:07:07.743 | INFO     | __main__:check_messages_and_reply:48 - 💬 [Auto-Pilot] Checking client messages and auto-replying...
2026-05-24 01:07:07.743 | INFO     | __main__:run_cycle:60 - ✅ Cycle Complete. Waiting for next cycle.
2026-05-24 01:13:59.465 | INFO     | __main__:run_cycle:56 - 🔄 Starting Auto-Pilot Cycle...
2026-05-24 01:13:59.465 | INFO     | __main__:scan_for_upwork_jobs:23 - 🔍 [Auto-Pilot] Scanning Upwork for high-paying AI jobs...
2026-05-24 01:14:00.773 | INFO     | __main__:scan_for_upwork_jobs:25 - 📊 Found 0 new jobs to evaluate.
2026-05-24 01:14:00.775 | INFO     | __main__:evaluate_and_bid:32 - 💤 No new jobs to evaluate right now.
2026-05-24 01:14:00.776 | INFO     | __main__:check_messages_and_reply:48 - 💬 [Auto-Pilot] Checking client messages and auto-replying...
2026-05-24 01:14:00.777 | INFO     | __main__:run_cycle:60 - ✅ Cycle Complete. Waiting for next cycle.
2026-05-24 01:17:07.876 | INFO     | __main__:run_cycle:56 - 🔄 Starting Auto-Pilot Cycle...
2026-05-24 01:17:07.877 | INFO     | __main__:scan_for_upwork_jobs:23 - 🔍 [Auto-Pilot] Scanning Upwork for high-paying AI jobs...
2026-05-24 01:17:09.467 | INFO     | __main__:scan_for_upwork_jobs:25 - 📊 Found 0 new jobs to evaluate.
2026-05-24 01:17:09.467 | INFO     | __main__:evaluate_and_bid:32 - 💤 No new jobs to evaluate right now.
2026-05-24 01:17:09.470 | INFO     | __main__:check_messages_and_reply:48 - 💬 [Auto-Pilot] Checking client messages and auto-replying...
2026-05-24 01:17:09.470 | INFO     | __main__:run_cycle:60 - ✅ Cycle Complete. Waiting for next cycle.
2026-05-24 01:24:01.583 | INFO     | __main__:run_cycle:56 - 🔄 Starting Auto-Pilot Cycle...
2026-05-24 01:24:01.585 | INFO     | __main__:scan_for_upwork_jobs:23 - 🔍 [Auto-Pilot] Scanning Upwork for high-paying AI jobs...
2026-05-24 01:24:02.691 | INFO     | __main__:scan_for_upwork_jobs:25 - 📊 Found 0 new jobs to evaluate.
2026-05-24 01:24:02.695 | INFO     | __main__:evaluate_and_bid:32 - 💤 No new jobs to evaluate right now.
2026-05-24 01:24:02.695 | INFO     | __main__:check_messages_and_reply:48 - 💬 [Auto-Pilot] Checking client messages and auto-replying...
2026-05-24 01:24:02.695 | INFO     | __main__:run_cycle:60 - ✅ Cycle Complete. Waiting for next cycle.
2026-05-24 01:27:09.549 | INFO     | __main__:run_cycle:56 - 🔄 Starting Auto-Pilot Cycle...
2026-05-24 01:27:09.551 | INFO     | __main__:scan_for_upwork_jobs:23 - 🔍 [Auto-Pilot] Scanning Upwork for high-paying AI jobs...
2026-05-24 01:27:10.882 | INFO     | __main__:scan_for_upwork_jobs:25 - 📊 Found 0 new jobs to evaluate.
2026-05-24 01:27:10.884 | INFO     | __main__:evaluate_and_bid:32 - 💤 No new jobs to evaluate right now.
2026-05-24 01:27:10.885 | INFO     | __main__:check_messages_and_reply:48 - 💬 [Auto-Pilot] Checking client messages and auto-replying...
2026-05-24 01:27:10.887 | INFO     | __main__:run_cycle:60 - ✅ Cycle Complete. Waiting for next cycle.
2026-05-24 01:34:03.560 | INFO     | __main__:run_cycle:56 - 🔄 Starting Auto-Pilot Cycle...
2026-05-24 01:34:03.560 | INFO     | __main__:scan_for_upwork_jobs:23 - 🔍 [Auto-Pilot] Scanning Upwork for high-paying AI jobs...
2026-05-24 01:34:04.993 | INFO     | __main__:scan_for_upwork_jobs:25 - 📊 Found 0 new jobs to evaluate.
2026-05-24 01:34:04.995 | INFO     | __main__:evaluate_and_bid:32 - 💤 No new jobs to evaluate right now.
2026-05-24 01:34:04.995 | INFO     | __main__:check_messages_and_reply:48 - 💬 [Auto-Pilot] Checking client messages and auto-replying...
2026-05-24 01:34:04.995 | INFO     | __main__:run_cycle:60 - ✅ Cycle Complete. Waiting for next cycle.
2026-05-24 01:37:10.992 | INFO     | __main__:run_cycle:56 - 🔄 Starting Auto-Pilot Cycle...
2026-05-24 01:37:10.992 | INFO     | __main__:scan_for_upwork_jobs:23 - 🔍 [Auto-Pilot] Scanning Upwork for high-paying AI jobs...
2026-05-24 01:37:12.163 | INFO     | __main__:scan_for_upwork_jobs:25 - 📊 Found 0 new jobs to evaluate.
2026-05-24 01:37:12.167 | INFO     | __main__:evaluate_and_bid:32 - 💤 No new jobs to evaluate right now.
2026-05-24 01:37:12.168 | INFO     | __main__:check_messages_and_reply:48 - 💬 [Auto-Pilot] Checking client messages and auto-replying...
2026-05-24 01:37:12.169 | INFO     | __main__:run_cycle:60 - ✅ Cycle Complete. Waiting for next cycle.
2026-05-24 01:44:05.143 | INFO     | __main__:run_cycle:56 - 🔄 Starting Auto-Pilot Cycle...
2026-05-24 01:44:05.144 | INFO     | __main__:scan_for_upwork_jobs:23 - 🔍 [Auto-Pilot] Scanning Upwork for high-paying AI jobs...
2026-05-24 01:44:06.248 | INFO     | __main__:scan_for_upwork_jobs:25 - 📊 Found 0 new jobs to evaluate.
2026-05-24 01:44:06.248 | INFO     | __main__:evaluate_and_bid:32 - 💤 No new jobs to evaluate right now.
2026-05-24 01:44:06.250 | INFO     | __main__:check_messages_and_reply:48 - 💬 [Auto-Pilot] Checking client messages and auto-replying...
2026-05-24 01:44:06.250 | INFO     | __main__:run_cycle:60 - ✅ Cycle Complete. Waiting for next cycle.
2026-05-24 01:47:12.305 | INFO     | __main__:run_cycle:56 - 🔄 Starting Auto-Pilot Cycle...
2026-05-24 01:47:12.305 | INFO     | __main__:scan_for_upwork_jobs:23 - 🔍 [Auto-Pilot] Scanning Upwork for high-paying AI jobs...
2026-05-24 01:47:13.634 | INFO     | __main__:scan_for_upwork_jobs:25 - 📊 Found 0 new jobs to evaluate.
2026-05-24 01:47:13.635 | INFO     | __main__:evaluate_and_bid:32 - 💤 No new jobs to evaluate right now.
2026-05-24 01:47:13.637 | INFO     | __main__:check_messages_and_reply:48 - 💬 [Auto-Pilot] Checking client messages and auto-replying...
2026-05-24 01:47:13.637 | INFO     | __main__:run_cycle:60 - ✅ Cycle Complete. Waiting for next cycle.
2026-05-24 01:54:06.750 | INFO     | __main__:run_cycle:56 - 🔄 Starting Auto-Pilot Cycle...
2026-05-24 01:54:06.751 | INFO     | __main__:scan_for_upwork_jobs:23 - 🔍 [Auto-Pilot] Scanning Upwork for high-paying AI jobs...
2026-05-24 01:54:08.383 | INFO     | __main__:scan_for_upwork_jobs:25 - 📊 Found 0 new jobs to evaluate.
2026-05-24 01:54:08.385 | INFO     | __main__:evaluate_and_bid:32 - 💤 No new jobs to evaluate right now.
2026-05-24 01:54:08.385 | INFO     | __main__:check_messages_and_reply:48 - 💬 [Auto-Pilot] Checking client messages and auto-replying...
2026-05-24 01:54:08.387 | INFO     | __main__:run_cycle:60 - ✅ Cycle Complete. Waiting for next cycle.
2026-05-24 01:57:13.997 | INFO     | __main__:run_cycle:56 - 🔄 Starting Auto-Pilot Cycle...
2026-05-24 01:57:13.997 | INFO     | __main__:scan_for_upwork_jobs:23 - 🔍 [Auto-Pilot] Scanning Upwork for high-paying AI jobs...
2026-05-24 01:57:15.471 | INFO     | __main__:scan_for_upwork_jobs:25 - 📊 Found 0 new jobs to evaluate.
2026-05-24 01:57:15.472 | INFO     | __main__:evaluate_and_bid:32 - 💤 No new jobs to evaluate right now.
2026-05-24 01:57:15.472 | INFO     | __main__:check_messages_and_reply:48 - 💬 [Auto-Pilot] Checking client messages and auto-replying...
2026-05-24 01:57:15.474 | INFO     | __main__:run_cycle:60 - ✅ Cycle Complete. Waiting for next cycle.
2026-05-24 02:04:09.340 | INFO     | __main__:run_cycle:56 - 🔄 Starting Auto-Pilot Cycle...
2026-05-24 02:04:09.344 | INFO     | __main__:scan_for_upwork_jobs:23 - 🔍 [Auto-Pilot] Scanning Upwork for high-paying AI jobs...
2026-05-24 02:04:11.215 | INFO     | __main__:scan_for_upwork_jobs:25 - 📊 Found 0 new jobs to evaluate.
2026-05-24 02:04:11.217 | INFO     | __main__:evaluate_and_bid:32 - 💤 No new jobs to evaluate right now.
2026-05-24 02:04:11.220 | INFO     | __main__:check_messages_and_reply:48 - 💬 [Auto-Pilot] Checking client messages and auto-replying...
2026-05-24 02:04:11.221 | INFO     | __main__:run_cycle:60 - ✅ Cycle Complete. Waiting for next cycle.
2026-05-24 02:07:15.766 | INFO     | __main__:run_cycle:56 - 🔄 Starting Auto-Pilot Cycle...
2026-05-24 02:07:15.768 | INFO     | __main__:scan_for_upwork_jobs:23 - 🔍 [Auto-Pilot] Scanning Upwork for high-paying AI jobs...
2026-05-24 02:07:17.691 | INFO     | __main__:scan_for_upwork_jobs:25 - 📊 Found 0 new jobs to evaluate.
2026-05-24 02:07:17.695 | INFO     | __main__:evaluate_and_bid:32 - 💤 No new jobs to evaluate right now.
2026-05-24 02:07:17.695 | INFO     | __main__:check_messages_and_reply:48 - 💬 [Auto-Pilot] Checking client messages and auto-replying...
2026-05-24 02:07:17.697 | INFO     | __main__:run_cycle:60 - ✅ Cycle Complete. Waiting for next cycle.
2026-05-24 02:14:12.103 | INFO     | __main__:run_cycle:56 - 🔄 Starting Auto-Pilot Cycle...
2026-05-24 02:14:12.103 | INFO     | __main__:scan_for_upwork_jobs:23 - 🔍 [Auto-Pilot] Scanning Upwork for high-paying AI jobs...
2026-05-24 02:14:13.926 | INFO     | __main__:scan_for_upwork_jobs:25 - 📊 Found 0 new jobs to evaluate.
2026-05-24 02:14:13.927 | INFO     | __main__:evaluate_and_bid:32 - 💤 No new jobs to evaluate right now.
2026-05-24 02:14:13.928 | INFO     | __main__:check_messages_and_reply:48 - 💬 [Auto-Pilot] Checking client messages and auto-replying...
2026-05-24 02:14:13.928 | INFO     | __main__:run_cycle:60 - ✅ Cycle Complete. Waiting for next cycle.
2026-05-24 02:17:18.093 | INFO     | __main__:run_cycle:56 - 🔄 Starting Auto-Pilot Cycle...
2026-05-24 02:17:18.093 | INFO     | __main__:scan_for_upwork_jobs:23 - 🔍 [Auto-Pilot] Scanning Upwork for high-paying AI jobs...
2026-05-24 02:17:19.649 | INFO     | __main__:scan_for_upwork_jobs:25 - 📊 Found 0 new jobs to evaluate.
2026-05-24 02:17:19.652 | INFO     | __main__:evaluate_and_bid:32 - 💤 No new jobs to evaluate right now.
2026-05-24 02:17:19.652 | INFO     | __main__:check_messages_and_reply:48 - 💬 [Auto-Pilot] Checking client messages and auto-replying...
2026-05-24 02:17:19.656 | INFO     | __main__:run_cycle:60 - ✅ Cycle Complete. Waiting for next cycle.
2026-05-24 02:24:13.950 | INFO     | __main__:run_cycle:56 - 🔄 Starting Auto-Pilot Cycle...
2026-05-24 02:24:13.952 | INFO     | __main__:scan_for_upwork_jobs:23 - 🔍 [Auto-Pilot] Scanning Upwork for high-paying AI jobs...
2026-05-24 02:24:15.141 | INFO     | __main__:scan_for_upwork_jobs:25 - 📊 Found 0 new jobs to evaluate.
2026-05-24 02:24:15.141 | INFO     | __main__:evaluate_and_bid:32 - 💤 No new jobs to evaluate right now.
2026-05-24 02:24:15.146 | INFO     | __main__:check_messages_and_reply:48 - 💬 [Auto-Pilot] Checking client messages and auto-replying...
2026-05-24 02:24:15.146 | INFO     | __main__:run_cycle:60 - ✅ Cycle Complete. Waiting for next cycle.
2026-05-24 02:27:19.673 | INFO     | __main__:run_cycle:56 - 🔄 Starting Auto-Pilot Cycle...
2026-05-24 02:27:19.673 | INFO     | __main__:scan_for_upwork_jobs:23 - 🔍 [Auto-Pilot] Scanning Upwork for high-paying AI jobs...
2026-05-24 02:27:21.237 | INFO     | __main__:scan_for_upwork_jobs:25 - 📊 Found 0 new jobs to evaluate.
2026-05-24 02:27:21.239 | INFO     | __main__:evaluate_and_bid:32 - 💤 No new jobs to evaluate right now.
2026-05-24 02:27:21.242 | INFO     | __main__:check_messages_and_reply:48 - 💬 [Auto-Pilot] Checking client messages and auto-replying...
2026-05-24 02:27:21.243 | INFO     | __main__:run_cycle:60 - ✅ Cycle Complete. Waiting for next cycle.
2026-05-24 02:34:15.371 | INFO     | __main__:run_cycle:56 - 🔄 Starting Auto-Pilot Cycle...
2026-05-24 02:34:15.371 | INFO     | __main__:scan_for_upwork_jobs:23 - 🔍 [Auto-Pilot] Scanning Upwork for high-paying AI jobs...
2026-05-24 02:34:16.964 | INFO     | __main__:scan_for_upwork_jobs:25 - 📊 Found 0 new jobs to evaluate.
2026-05-24 02:34:16.964 | INFO     | __main__:evaluate_and_bid:32 - 💤 No new jobs to evaluate right now.
2026-05-24 02:34:16.967 | INFO     | __main__:check_messages_and_reply:48 - 💬 [Auto-Pilot] Checking client messages and auto-replying...
2026-05-24 02:34:16.967 | INFO     | __main__:run_cycle:60 - ✅ Cycle Complete. Waiting for next cycle.
2026-05-24 07:29:22.040 | INFO     | __main__:run_cycle:56 - 🔄 Starting Auto-Pilot Cycle...
2026-05-24 07:29:22.073 | INFO     | __main__:run_cycle:56 - 🔄 Starting Auto-Pilot Cycle...
2026-05-24 07:29:22.105 | INFO     | __main__:scan_for_upwork_jobs:23 - 🔍 [Auto-Pilot] Scanning Upwork for high-paying AI jobs...
2026-05-24 07:29:22.141 | INFO     | __main__:scan_for_upwork_jobs:23 - 🔍 [Auto-Pilot] Scanning Upwork for high-paying AI jobs...
2026-05-24 07:29:22.584 | INFO     | __main__:scan_for_upwork_jobs:25 - 📊 Found 0 new jobs to evaluate.
2026-05-24 07:29:22.584 | INFO     | __main__:evaluate_and_bid:32 - 💤 No new jobs to evaluate right now.
2026-05-24 07:29:22.585 | INFO     | __main__:check_messages_and_reply:48 - 💬 [Auto-Pilot] Checking client messages and auto-replying...
2026-05-24 07:29:22.585 | INFO     | __main__:run_cycle:60 - ✅ Cycle Complete. Waiting for next cycle.
2026-05-24 07:29:23.003 | INFO     | __main__:scan_for_upwork_jobs:25 - 📊 Found 0 new jobs to evaluate.
2026-05-24 07:29:23.167 | INFO     | __main__:evaluate_and_bid:32 - 💤 No new jobs to evaluate right now.
2026-05-24 07:29:23.314 | INFO     | __main__:check_messages_and_reply:48 - 💬 [Auto-Pilot] Checking client messages and auto-replying...
2026-05-24 07:29:23.503 | INFO     | __main__:run_cycle:60 - ✅ Cycle Complete. Waiting for next cycle.
2026-05-24 23:52:15.710 | INFO     | __main__:__init__:17 - 🤖 Auto-Pilot System Initialized. AI is ready to take over.
2026-05-24 23:52:15.711 | SUCCESS  | __main__:start_24_7_operation:67 - 🚀 100% AUTO-PILOT MODE ACTIVATED. You can go sleep now!
2026-05-24 23:52:15.711 | INFO     | __main__:run_cycle:56 - 🔄 Starting Auto-Pilot Cycle...
2026-05-24 23:52:15.711 | INFO     | __main__:scan_for_upwork_jobs:23 - 🔍 [Auto-Pilot] Scanning Upwork for high-paying AI jobs...
2026-05-24 23:52:16.575 | INFO     | __main__:scan_for_upwork_jobs:25 - 📊 Found 0 new jobs to evaluate.
2026-05-24 23:52:16.575 | INFO     | __main__:evaluate_and_bid:32 - 💤 No new jobs to evaluate right now.
2026-05-24 23:52:16.575 | INFO     | __main__:check_messages_and_reply:48 - 💬 [Auto-Pilot] Checking client messages and auto-replying...
2026-05-24 23:52:16.575 | INFO     | __main__:run_cycle:60 - ✅ Cycle Complete. Waiting for next cycle.
2026-05-25 00:02:15.865 | INFO     | __main__:run_cycle:56 - 🔄 Starting Auto-Pilot Cycle...
2026-05-25 00:02:15.866 | INFO     | __main__:scan_for_upwork_jobs:23 - 🔍 [Auto-Pilot] Scanning Upwork for high-paying AI jobs...
2026-05-25 00:02:16.265 | INFO     | __main__:scan_for_upwork_jobs:25 - 📊 Found 0 new jobs to evaluate.
2026-05-25 00:02:16.265 | INFO     | __main__:evaluate_and_bid:32 - 💤 No new jobs to evaluate right now.
2026-05-25 00:02:16.265 | INFO     | __main__:check_messages_and_reply:48 - 💬 [Auto-Pilot] Checking client messages and auto-replying...
2026-05-25 00:02:16.265 | INFO     | __main__:run_cycle:60 - ✅ Cycle Complete. Waiting for next cycle.
2026-05-25 00:12:17.128 | INFO     | __main__:run_cycle:56 - 🔄 Starting Auto-Pilot Cycle...
2026-05-25 00:12:17.128 | INFO     | __main__:scan_for_upwork_jobs:23 - 🔍 [Auto-Pilot] Scanning Upwork for high-paying AI jobs...
2026-05-25 00:12:18.215 | INFO     | __main__:scan_for_upwork_jobs:25 - 📊 Found 0 new jobs to evaluate.
2026-05-25 00:12:18.219 | INFO     | __main__:evaluate_and_bid:32 - 💤 No new jobs to evaluate right now.
2026-05-25 00:12:18.219 | INFO     | __main__:check_messages_and_reply:48 - 💬 [Auto-Pilot] Checking client messages and auto-replying...
2026-05-25 00:12:18.220 | INFO     | __main__:run_cycle:60 - ✅ Cycle Complete. Waiting for next cycle.
2026-05-25 00:22:18.274 | INFO     | __main__:run_cycle:56 - 🔄 Starting Auto-Pilot Cycle...
2026-05-25 00:22:18.275 | INFO     | __main__:scan_for_upwork_jobs:23 - 🔍 [Auto-Pilot] Scanning Upwork for high-paying AI jobs...
2026-05-25 00:22:18.690 | INFO     | __main__:scan_for_upwork_jobs:25 - 📊 Found 0 new jobs to evaluate.
2026-05-25 00:22:18.690 | INFO     | __main__:evaluate_and_bid:32 - 💤 No new jobs to evaluate right now.
2026-05-25 00:22:18.691 | INFO     | __main__:check_messages_and_reply:48 - 💬 [Auto-Pilot] Checking client messages and auto-replying...
2026-05-25 00:22:18.691 | INFO     | __main__:run_cycle:60 - ✅ Cycle Complete. Waiting for next cycle.
2026-05-25 00:32:18.770 | INFO     | __main__:run_cycle:56 - 🔄 Starting Auto-Pilot Cycle...
2026-05-25 00:32:18.770 | INFO     | __main__:scan_for_upwork_jobs:23 - 🔍 [Auto-Pilot] Scanning Upwork for high-paying AI jobs...
2026-05-25 00:32:19.209 | INFO     | __main__:scan_for_upwork_jobs:25 - 📊 Found 0 new jobs to evaluate.
2026-05-25 00:32:19.209 | INFO     | __main__:evaluate_and_bid:32 - 💤 No new jobs to evaluate right now.
2026-05-25 00:32:19.210 | INFO     | __main__:check_messages_and_reply:48 - 💬 [Auto-Pilot] Checking client messages and auto-replying...
2026-05-25 00:32:19.210 | INFO     | __main__:run_cycle:60 - ✅ Cycle Complete. Waiting for next cycle.
2026-05-25 00:34:00.410 | INFO     | __main__:__init__:17 - 🤖 Auto-Pilot System Initialized. AI is ready to take over.
2026-05-25 00:34:00.411 | SUCCESS  | __main__:start_24_7_operation:67 - 🚀 100% AUTO-PILOT MODE ACTIVATED. You can go sleep now!
2026-05-25 00:34:00.411 | INFO     | __main__:run_cycle:56 - 🔄 Starting Auto-Pilot Cycle...
2026-05-25 00:34:00.411 | INFO     | __main__:scan_for_upwork_jobs:23 - 🔍 [Auto-Pilot] Scanning Upwork for high-paying AI jobs...
2026-05-25 00:34:00.843 | INFO     | __main__:scan_for_upwork_jobs:25 - 📊 Found 0 new jobs to evaluate.
2026-05-25 00:34:00.845 | INFO     | __main__:evaluate_and_bid:32 - 💤 No new jobs to evaluate right now.
2026-05-25 00:34:00.845 | INFO     | __main__:check_messages_and_reply:48 - 💬 [Auto-Pilot] Checking client messages and auto-replying...
2026-05-25 00:34:00.845 | INFO     | __main__:run_cycle:60 - ✅ Cycle Complete. Waiting for next cycle.
2026-05-25 00:42:19.941 | INFO     | __main__:run_cycle:56 - 🔄 Starting Auto-Pilot Cycle...
2026-05-25 00:42:19.941 | INFO     | __main__:scan_for_upwork_jobs:23 - 🔍 [Auto-Pilot] Scanning Upwork for high-paying AI jobs...
2026-05-25 00:42:20.299 | INFO     | __main__:scan_for_upwork_jobs:25 - 📊 Found 0 new jobs to evaluate.
2026-05-25 00:42:20.301 | INFO     | __main__:evaluate_and_bid:32 - 💤 No new jobs to evaluate right now.
2026-05-25 00:42:20.301 | INFO     | __main__:check_messages_and_reply:48 - 💬 [Auto-Pilot] Checking client messages and auto-replying...
2026-05-25 00:42:20.301 | INFO     | __main__:run_cycle:60 - ✅ Cycle Complete. Waiting for next cycle.
2026-05-25 00:44:00.591 | INFO     | __main__:run_cycle:56 - 🔄 Starting Auto-Pilot Cycle...
2026-05-25 00:44:00.591 | INFO     | __main__:scan_for_upwork_jobs:23 - 🔍 [Auto-Pilot] Scanning Upwork for high-paying AI jobs...
2026-05-25 00:44:00.947 | INFO     | __main__:scan_for_upwork_jobs:25 - 📊 Found 0 new jobs to evaluate.
2026-05-25 00:44:00.947 | INFO     | __main__:evaluate_and_bid:32 - 💤 No new jobs to evaluate right now.
2026-05-25 00:44:00.947 | INFO     | __main__:check_messages_and_reply:48 - 💬 [Auto-Pilot] Checking client messages and auto-replying...
2026-05-25 00:44:00.947 | INFO     | __main__:run_cycle:60 - ✅ Cycle Complete. Waiting for next cycle.
2026-05-25 00:52:21.016 | INFO     | __main__:run_cycle:56 - 🔄 Starting Auto-Pilot Cycle...
2026-05-25 00:52:21.016 | INFO     | __main__:scan_for_upwork_jobs:23 - 🔍 [Auto-Pilot] Scanning Upwork for high-paying AI jobs...
2026-05-25 00:52:21.380 | INFO     | __main__:scan_for_upwork_jobs:25 - 📊 Found 0 new jobs to evaluate.
2026-05-25 00:52:21.380 | INFO     | __main__:evaluate_and_bid:32 - 💤 No new jobs to evaluate right now.
2026-05-25 00:52:21.380 | INFO     | __main__:check_messages_and_reply:48 - 💬 [Auto-Pilot] Checking client messages and auto-replying...
2026-05-25 00:52:21.380 | INFO     | __main__:run_cycle:60 - ✅ Cycle Complete. Waiting for next cycle.
2026-05-25 00:54:01.574 | INFO     | __main__:run_cycle:56 - 🔄 Starting Auto-Pilot Cycle...
2026-05-25 00:54:01.574 | INFO     | __main__:scan_for_upwork_jobs:23 - 🔍 [Auto-Pilot] Scanning Upwork for high-paying AI jobs...
2026-05-25 00:54:01.951 | INFO     | __main__:scan_for_upwork_jobs:25 - 📊 Found 0 new jobs to evaluate.
2026-05-25 00:54:01.951 | INFO     | __main__:evaluate_and_bid:32 - 💤 No new jobs to evaluate right now.
2026-05-25 00:54:01.951 | INFO     | __main__:check_messages_and_reply:48 - 💬 [Auto-Pilot] Checking client messages and auto-replying...
2026-05-25 00:54:01.951 | INFO     | __main__:run_cycle:60 - ✅ Cycle Complete. Waiting for next cycle.
2026-05-25 01:02:21.928 | INFO     | __main__:run_cycle:56 - 🔄 Starting Auto-Pilot Cycle...
2026-05-25 01:02:21.928 | INFO     | __main__:scan_for_upwork_jobs:23 - 🔍 [Auto-Pilot] Scanning Upwork for high-paying AI jobs...
2026-05-25 01:02:22.283 | INFO     | __main__:scan_for_upwork_jobs:25 - 📊 Found 0 new jobs to evaluate.
2026-05-25 01:02:22.283 | INFO     | __main__:evaluate_and_bid:32 - 💤 No new jobs to evaluate right now.
2026-05-25 01:02:22.283 | INFO     | __main__:check_messages_and_reply:48 - 💬 [Auto-Pilot] Checking client messages and auto-replying...
2026-05-25 01:02:22.283 | INFO     | __main__:run_cycle:60 - ✅ Cycle Complete. Waiting for next cycle.
2026-05-25 01:04:02.600 | INFO     | __main__:run_cycle:56 - 🔄 Starting Auto-Pilot Cycle...
2026-05-25 01:04:02.601 | INFO     | __main__:scan_for_upwork_jobs:23 - 🔍 [Auto-Pilot] Scanning Upwork for high-paying AI jobs...
2026-05-25 01:04:03.001 | INFO     | __main__:scan_for_upwork_jobs:25 - 📊 Found 0 new jobs to evaluate.
2026-05-25 01:04:03.003 | INFO     | __main__:evaluate_and_bid:32 - 💤 No new jobs to evaluate right now.
2026-05-25 01:04:03.003 | INFO     | __main__:check_messages_and_reply:48 - 💬 [Auto-Pilot] Checking client messages and auto-replying...
2026-05-25 01:04:03.004 | INFO     | __main__:run_cycle:60 - ✅ Cycle Complete. Waiting for next cycle.
2026-05-25 01:12:22.832 | INFO     | __main__:run_cycle:56 - 🔄 Starting Auto-Pilot Cycle...
2026-05-25 01:12:22.832 | INFO     | __main__:scan_for_upwork_jobs:23 - 🔍 [Auto-Pilot] Scanning Upwork for high-paying AI jobs...
2026-05-25 01:12:23.232 | INFO     | __main__:scan_for_upwork_jobs:25 - 📊 Found 0 new jobs to evaluate.
2026-05-25 01:12:23.232 | INFO     | __main__:evaluate_and_bid:32 - 💤 No new jobs to evaluate right now.
2026-05-25 01:12:23.232 | INFO     | __main__:check_messages_and_reply:48 - 💬 [Auto-Pilot] Checking client messages and auto-replying...
2026-05-25 01:12:23.232 | INFO     | __main__:run_cycle:60 - ✅ Cycle Complete. Waiting for next cycle.
2026-05-25 01:14:03.649 | INFO     | __main__:run_cycle:56 - 🔄 Starting Auto-Pilot Cycle...
2026-05-25 01:14:03.650 | INFO     | __main__:scan_for_upwork_jobs:23 - 🔍 [Auto-Pilot] Scanning Upwork for high-paying AI jobs...
2026-05-25 01:14:04.023 | INFO     | __main__:scan_for_upwork_jobs:25 - 📊 Found 0 new jobs to evaluate.
2026-05-25 01:14:04.025 | INFO     | __main__:evaluate_and_bid:32 - 💤 No new jobs to evaluate right now.
2026-05-25 01:14:04.025 | INFO     | __main__:check_messages_and_reply:48 - 💬 [Auto-Pilot] Checking client messages and auto-replying...
2026-05-25 01:14:04.025 | INFO     | __main__:run_cycle:60 - ✅ Cycle Complete. Waiting for next cycle.
2026-05-25 01:22:23.793 | INFO     | __main__:run_cycle:56 - 🔄 Starting Auto-Pilot Cycle...
2026-05-25 01:22:23.794 | INFO     | __main__:scan_for_upwork_jobs:23 - 🔍 [Auto-Pilot] Scanning Upwork for high-paying AI jobs...
2026-05-25 01:22:24.160 | INFO     | __main__:scan_for_upwork_jobs:25 - 📊 Found 0 new jobs to evaluate.
2026-05-25 01:22:24.160 | INFO     | __main__:evaluate_and_bid:32 - 💤 No new jobs to evaluate right now.
2026-05-25 01:22:24.160 | INFO     | __main__:check_messages_and_reply:48 - 💬 [Auto-Pilot] Checking client messages and auto-replying...
2026-05-25 01:22:24.164 | INFO     | __main__:run_cycle:60 - ✅ Cycle Complete. Waiting for next cycle.
2026-05-25 01:24:04.611 | INFO     | __main__:run_cycle:56 - 🔄 Starting Auto-Pilot Cycle...
2026-05-25 01:24:04.611 | INFO     | __main__:scan_for_upwork_jobs:23 - 🔍 [Auto-Pilot] Scanning Upwork for high-paying AI jobs...
2026-05-25 01:24:04.992 | INFO     | __main__:scan_for_upwork_jobs:25 - 📊 Found 0 new jobs to evaluate.
2026-05-25 01:24:04.992 | INFO     | __main__:evaluate_and_bid:32 - 💤 No new jobs to evaluate right now.
2026-05-25 01:24:04.992 | INFO     | __main__:check_messages_and_reply:48 - 💬 [Auto-Pilot] Checking client messages and auto-replying...
2026-05-25 01:24:04.994 | INFO     | __main__:run_cycle:60 - ✅ Cycle Complete. Waiting for next cycle.
2026-05-25 01:32:24.583 | INFO     | __main__:run_cycle:56 - 🔄 Starting Auto-Pilot Cycle...
2026-05-25 01:32:24.584 | INFO     | __main__:scan_for_upwork_jobs:23 - 🔍 [Auto-Pilot] Scanning Upwork for high-paying AI jobs...
2026-05-25 01:32:24.951 | INFO     | __main__:scan_for_upwork_jobs:25 - 📊 Found 0 new jobs to evaluate.
2026-05-25 01:32:24.951 | INFO     | __main__:evaluate_and_bid:32 - 💤 No new jobs to evaluate right now.
2026-05-25 01:32:24.953 | INFO     | __main__:check_messages_and_reply:48 - 💬 [Auto-Pilot] Checking client messages and auto-replying...
2026-05-25 01:32:24.953 | INFO     | __main__:run_cycle:60 - ✅ Cycle Complete. Waiting for next cycle.
2026-05-25 01:34:05.444 | INFO     | __main__:run_cycle:56 - 🔄 Starting Auto-Pilot Cycle...
2026-05-25 01:34:05.444 | INFO     | __main__:scan_for_upwork_jobs:23 - 🔍 [Auto-Pilot] Scanning Upwork for high-paying AI jobs...
2026-05-25 01:34:05.810 | INFO     | __main__:scan_for_upwork_jobs:25 - 📊 Found 0 new jobs to evaluate.
2026-05-25 01:34:05.810 | INFO     | __main__:evaluate_and_bid:32 - 💤 No new jobs to evaluate right now.
2026-05-25 01:34:05.810 | INFO     | __main__:check_messages_and_reply:48 - 💬 [Auto-Pilot] Checking client messages and auto-replying...
2026-05-25 01:34:05.814 | INFO     | __main__:run_cycle:60 - ✅ Cycle Complete. Waiting for next cycle.
2026-05-25 01:42:25.373 | INFO     | __main__:run_cycle:56 - 🔄 Starting Auto-Pilot Cycle...
2026-05-25 01:42:25.373 | INFO     | __main__:scan_for_upwork_jobs:23 - 🔍 [Auto-Pilot] Scanning Upwork for high-paying AI jobs...
2026-05-25 01:42:25.747 | INFO     | __main__:scan_for_upwork_jobs:25 - 📊 Found 0 new jobs to evaluate.
2026-05-25 01:42:25.747 | INFO     | __main__:evaluate_and_bid:32 - 💤 No new jobs to evaluate right now.
2026-05-25 01:42:25.747 | INFO     | __main__:check_messages_and_reply:48 - 💬 [Auto-Pilot] Checking client messages and auto-replying...
2026-05-25 01:42:25.749 | INFO     | __main__:run_cycle:60 - ✅ Cycle Complete. Waiting for next cycle.
2026-05-25 01:44:06.202 | INFO     | __main__:run_cycle:56 - 🔄 Starting Auto-Pilot Cycle...
2026-05-25 01:44:06.202 | INFO     | __main__:scan_for_upwork_jobs:23 - 🔍 [Auto-Pilot] Scanning Upwork for high-paying AI jobs...
2026-05-25 01:44:06.614 | INFO     | __main__:scan_for_upwork_jobs:25 - 📊 Found 0 new jobs to evaluate.
2026-05-25 01:44:06.614 | INFO     | __main__:evaluate_and_bid:32 - 💤 No new jobs to evaluate right now.
2026-05-25 01:44:06.615 | INFO     | __main__:check_messages_and_reply:48 - 💬 [Auto-Pilot] Checking client messages and auto-replying...
2026-05-25 01:44:06.615 | INFO     | __main__:run_cycle:60 - ✅ Cycle Complete. Waiting for next cycle.
2026-05-25 01:52:26.142 | INFO     | __main__:run_cycle:56 - 🔄 Starting Auto-Pilot Cycle...
2026-05-25 01:52:26.142 | INFO     | __main__:scan_for_upwork_jobs:23 - 🔍 [Auto-Pilot] Scanning Upwork for high-paying AI jobs...
2026-05-25 01:52:26.504 | INFO     | __main__:scan_for_upwork_jobs:25 - 📊 Found 0 new jobs to evaluate.
2026-05-25 01:52:26.504 | INFO     | __main__:evaluate_and_bid:32 - 💤 No new jobs to evaluate right now.
2026-05-25 01:52:26.504 | INFO     | __main__:check_messages_and_reply:48 - 💬 [Auto-Pilot] Checking client messages and auto-replying...
2026-05-25 01:52:26.509 | INFO     | __main__:run_cycle:60 - ✅ Cycle Complete. Waiting for next cycle.
2026-05-25 01:54:07.034 | INFO     | __main__:run_cycle:56 - 🔄 Starting Auto-Pilot Cycle...
2026-05-25 01:54:07.034 | INFO     | __main__:scan_for_upwork_jobs:23 - 🔍 [Auto-Pilot] Scanning Upwork for high-paying AI jobs...
2026-05-25 01:54:07.365 | INFO     | __main__:scan_for_upwork_jobs:25 - 📊 Found 0 new jobs to evaluate.
2026-05-25 01:54:07.365 | INFO     | __main__:evaluate_and_bid:32 - 💤 No new jobs to evaluate right now.
2026-05-25 01:54:07.365 | INFO     | __main__:check_messages_and_reply:48 - 💬 [Auto-Pilot] Checking client messages and auto-replying...
2026-05-25 01:54:07.365 | INFO     | __main__:run_cycle:60 - ✅ Cycle Complete. Waiting for next cycle.
2026-05-25 02:02:26.887 | INFO     | __main__:run_cycle:56 - 🔄 Starting Auto-Pilot Cycle...
2026-05-25 02:02:26.888 | INFO     | __main__:scan_for_upwork_jobs:23 - 🔍 [Auto-Pilot] Scanning Upwork for high-paying AI jobs...
2026-05-25 02:02:27.246 | INFO     | __main__:scan_for_upwork_jobs:25 - 📊 Found 0 new jobs to evaluate.
2026-05-25 02:02:27.246 | INFO     | __main__:evaluate_and_bid:32 - 💤 No new jobs to evaluate right now.
2026-05-25 02:02:27.250 | INFO     | __main__:check_messages_and_reply:48 - 💬 [Auto-Pilot] Checking client messages and auto-replying...
2026-05-25 02:02:27.250 | INFO     | __main__:run_cycle:60 - ✅ Cycle Complete. Waiting for next cycle.
2026-05-25 02:04:07.746 | INFO     | __main__:run_cycle:56 - 🔄 Starting Auto-Pilot Cycle...
2026-05-25 02:04:07.746 | INFO     | __main__:scan_for_upwork_jobs:23 - 🔍 [Auto-Pilot] Scanning Upwork for high-paying AI jobs...
2026-05-25 02:04:08.110 | INFO     | __main__:scan_for_upwork_jobs:25 - 📊 Found 0 new jobs to evaluate.
2026-05-25 02:04:08.110 | INFO     | __main__:evaluate_and_bid:32 - 💤 No new jobs to evaluate right now.
2026-05-25 02:04:08.110 | INFO     | __main__:check_messages_and_reply:48 - 💬 [Auto-Pilot] Checking client messages and auto-replying...
2026-05-25 02:04:08.110 | INFO     | __main__:run_cycle:60 - ✅ Cycle Complete. Waiting for next cycle.
2026-05-25 02:12:27.665 | INFO     | __main__:run_cycle:56 - 🔄 Starting Auto-Pilot Cycle...
2026-05-25 02:12:27.665 | INFO     | __main__:scan_for_upwork_jobs:23 - 🔍 [Auto-Pilot] Scanning Upwork for high-paying AI jobs...
2026-05-25 02:12:28.010 | INFO     | __main__:scan_for_upwork_jobs:25 - 📊 Found 0 new jobs to evaluate.
2026-05-25 02:12:28.010 | INFO     | __main__:evaluate_and_bid:32 - 💤 No new jobs to evaluate right now.
2026-05-25 02:12:28.010 | INFO     | __main__:check_messages_and_reply:48 - 💬 [Auto-Pilot] Checking client messages and auto-replying...
2026-05-25 02:12:28.014 | INFO     | __main__:run_cycle:60 - ✅ Cycle Complete. Waiting for next cycle.
2026-05-25 02:14:08.491 | INFO     | __main__:run_cycle:56 - 🔄 Starting Auto-Pilot Cycle...
2026-05-25 02:14:08.491 | INFO     | __main__:scan_for_upwork_jobs:23 - 🔍 [Auto-Pilot] Scanning Upwork for high-paying AI jobs...
2026-05-25 02:14:08.854 | INFO     | __main__:scan_for_upwork_jobs:25 - 📊 Found 0 new jobs to evaluate.
2026-05-25 02:14:08.854 | INFO     | __main__:evaluate_and_bid:32 - 💤 No new jobs to evaluate right now.
2026-05-25 02:14:08.854 | INFO     | __main__:check_messages_and_reply:48 - 💬 [Auto-Pilot] Checking client messages and auto-replying...
2026-05-25 02:14:08.854 | INFO     | __main__:run_cycle:60 - ✅ Cycle Complete. Waiting for next cycle.
2026-05-25 02:22:28.384 | INFO     | __main__:run_cycle:56 - 🔄 Starting Auto-Pilot Cycle...
2026-05-25 02:22:28.384 | INFO     | __main__:scan_for_upwork_jobs:23 - 🔍 [Auto-Pilot] Scanning Upwork for high-paying AI jobs...
2026-05-25 02:22:28.814 | INFO     | __main__:scan_for_upwork_jobs:25 - 📊 Found 0 new jobs to evaluate.
2026-05-25 02:22:28.814 | INFO     | __main__:evaluate_and_bid:32 - 💤 No new jobs to evaluate right now.
2026-05-25 02:22:28.814 | INFO     | __main__:check_messages_and_reply:48 - 💬 [Auto-Pilot] Checking client messages and auto-replying...
2026-05-25 02:22:28.815 | INFO     | __main__:run_cycle:60 - ✅ Cycle Complete. Waiting for next cycle.
2026-05-25 02:24:09.235 | INFO     | __main__:run_cycle:56 - 🔄 Starting Auto-Pilot Cycle...
2026-05-25 02:24:09.236 | INFO     | __main__:scan_for_upwork_jobs:23 - 🔍 [Auto-Pilot] Scanning Upwork for high-paying AI jobs...
2026-05-25 02:24:10.643 | INFO     | __main__:scan_for_upwork_jobs:25 - 📊 Found 0 new jobs to evaluate.
2026-05-25 02:24:10.644 | INFO     | __main__:evaluate_and_bid:32 - 💤 No new jobs to evaluate right now.
2026-05-25 02:24:10.644 | INFO     | __main__:check_messages_and_reply:48 - 💬 [Auto-Pilot] Checking client messages and auto-replying...
2026-05-25 02:24:10.644 | INFO     | __main__:run_cycle:60 - ✅ Cycle Complete. Waiting for next cycle.
2026-05-25 02:32:29.190 | INFO     | __main__:run_cycle:56 - 🔄 Starting Auto-Pilot Cycle...
2026-05-25 02:32:29.191 | INFO     | __main__:scan_for_upwork_jobs:23 - 🔍 [Auto-Pilot] Scanning Upwork for high-paying AI jobs...
2026-05-25 02:32:29.546 | INFO     | __main__:scan_for_upwork_jobs:25 - 📊 Found 0 new jobs to evaluate.
2026-05-25 02:32:29.546 | INFO     | __main__:evaluate_and_bid:32 - 💤 No new jobs to evaluate right now.
2026-05-25 02:32:29.549 | INFO     | __main__:check_messages_and_reply:48 - 💬 [Auto-Pilot] Checking client messages and auto-replying...
2026-05-25 02:32:29.549 | INFO     | __main__:run_cycle:60 - ✅ Cycle Complete. Waiting for next cycle.
2026-05-25 02:34:11.027 | INFO     | __main__:run_cycle:56 - 🔄 Starting Auto-Pilot Cycle...
2026-05-25 02:34:11.028 | INFO     | __main__:scan_for_upwork_jobs:23 - 🔍 [Auto-Pilot] Scanning Upwork for high-paying AI jobs...
2026-05-25 02:34:11.396 | INFO     | __main__:scan_for_upwork_jobs:25 - 📊 Found 0 new jobs to evaluate.
2026-05-25 02:34:11.396 | INFO     | __main__:evaluate_and_bid:32 - 💤 No new jobs to evaluate right now.
2026-05-25 02:34:11.396 | INFO     | __main__:check_messages_and_reply:48 - 💬 [Auto-Pilot] Checking client messages and auto-replying...
2026-05-25 02:34:11.396 | INFO     | __main__:run_cycle:60 - ✅ Cycle Complete. Waiting for next cycle.
2026-05-25 02:42:29.919 | INFO     | __main__:run_cycle:56 - 🔄 Starting Auto-Pilot Cycle...
2026-05-25 02:42:29.920 | INFO     | __main__:scan_for_upwork_jobs:23 - 🔍 [Auto-Pilot] Scanning Upwork for high-paying AI jobs...
2026-05-25 02:42:30.270 | INFO     | __main__:scan_for_upwork_jobs:25 - 📊 Found 0 new jobs to evaluate.
2026-05-25 02:42:30.270 | INFO     | __main__:evaluate_and_bid:32 - 💤 No new jobs to evaluate right now.
2026-05-25 02:42:30.270 | INFO     | __main__:check_messages_and_reply:48 - 💬 [Auto-Pilot] Checking client messages and auto-replying...
2026-05-25 02:42:30.270 | INFO     | __main__:run_cycle:60 - ✅ Cycle Complete. Waiting for next cycle.
2026-05-25 02:44:11.796 | INFO     | __main__:run_cycle:56 - 🔄 Starting Auto-Pilot Cycle...
2026-05-25 02:44:11.797 | INFO     | __main__:scan_for_upwork_jobs:23 - 🔍 [Auto-Pilot] Scanning Upwork for high-paying AI jobs...
2026-05-25 02:44:12.133 | INFO     | __main__:scan_for_upwork_jobs:25 - 📊 Found 0 new jobs to evaluate.
2026-05-25 02:44:12.133 | INFO     | __main__:evaluate_and_bid:32 - 💤 No new jobs to evaluate right now.
2026-05-25 02:44:12.133 | INFO     | __main__:check_messages_and_reply:48 - 💬 [Auto-Pilot] Checking client messages and auto-replying...
2026-05-25 02:44:12.133 | INFO     | __main__:run_cycle:60 - ✅ Cycle Complete. Waiting for next cycle.
2026-05-25 02:52:30.744 | INFO     | __main__:run_cycle:56 - 🔄 Starting Auto-Pilot Cycle...
2026-05-25 02:52:30.744 | INFO     | __main__:scan_for_upwork_jobs:23 - 🔍 [Auto-Pilot] Scanning Upwork for high-paying AI jobs...
2026-05-25 02:52:31.134 | INFO     | __main__:scan_for_upwork_jobs:25 - 📊 Found 0 new jobs to evaluate.
2026-05-25 02:52:31.134 | INFO     | __main__:evaluate_and_bid:32 - 💤 No new jobs to evaluate right now.
2026-05-25 02:52:31.138 | INFO     | __main__:check_messages_and_reply:48 - 💬 [Auto-Pilot] Checking client messages and auto-replying...
2026-05-25 02:52:31.138 | INFO     | __main__:run_cycle:60 - ✅ Cycle Complete. Waiting for next cycle.
2026-05-25 02:54:12.524 | INFO     | __main__:run_cycle:56 - 🔄 Starting Auto-Pilot Cycle...
2026-05-25 02:54:12.524 | INFO     | __main__:scan_for_upwork_jobs:23 - 🔍 [Auto-Pilot] Scanning Upwork for high-paying AI jobs...
2026-05-25 02:54:12.860 | INFO     | __main__:scan_for_upwork_jobs:25 - 📊 Found 0 new jobs to evaluate.
2026-05-25 02:54:12.861 | INFO     | __main__:evaluate_and_bid:32 - 💤 No new jobs to evaluate right now.
2026-05-25 02:54:12.862 | INFO     | __main__:check_messages_and_reply:48 - 💬 [Auto-Pilot] Checking client messages and auto-replying...
2026-05-25 02:54:12.862 | INFO     | __main__:run_cycle:60 - ✅ Cycle Complete. Waiting for next cycle.
2026-05-25 03:02:31.522 | INFO     | __main__:run_cycle:56 - 🔄 Starting Auto-Pilot Cycle...
2026-05-25 03:02:31.523 | INFO     | __main__:scan_for_upwork_jobs:23 - 🔍 [Auto-Pilot] Scanning Upwork for high-paying AI jobs...
2026-05-25 03:02:31.869 | INFO     | __main__:scan_for_upwork_jobs:25 - 📊 Found 0 new jobs to evaluate.
2026-05-25 03:02:31.870 | INFO     | __main__:evaluate_and_bid:32 - 💤 No new jobs to evaluate right now.
2026-05-25 03:02:31.870 | INFO     | __main__:check_messages_and_reply:48 - 💬 [Auto-Pilot] Checking client messages and auto-replying...
2026-05-25 03:02:31.870 | INFO     | __main__:run_cycle:60 - ✅ Cycle Complete. Waiting for next cycle.
2026-05-25 03:04:13.251 | INFO     | __main__:run_cycle:56 - 🔄 Starting Auto-Pilot Cycle...
2026-05-25 03:04:13.251 | INFO     | __main__:scan_for_upwork_jobs:23 - 🔍 [Auto-Pilot] Scanning Upwork for high-paying AI jobs...
2026-05-25 03:04:13.665 | INFO     | __main__:scan_for_upwork_jobs:25 - 📊 Found 0 new jobs to evaluate.
2026-05-25 03:04:13.668 | INFO     | __main__:evaluate_and_bid:32 - 💤 No new jobs to evaluate right now.
2026-05-25 03:04:13.668 | INFO     | __main__:check_messages_and_reply:48 - 💬 [Auto-Pilot] Checking client messages and auto-replying...
2026-05-25 03:04:13.669 | INFO     | __main__:run_cycle:60 - ✅ Cycle Complete. Waiting for next cycle.
2026-05-25 03:12:32.238 | INFO     | __main__:run_cycle:56 - 🔄 Starting Auto-Pilot Cycle...
2026-05-25 03:12:32.238 | INFO     | __main__:scan_for_upwork_jobs:23 - 🔍 [Auto-Pilot] Scanning Upwork for high-paying AI jobs...
2026-05-25 03:12:32.657 | INFO     | __main__:scan_for_upwork_jobs:25 - 📊 Found 0 new jobs to evaluate.
2026-05-25 03:12:32.657 | INFO     | __main__:evaluate_and_bid:32 - 💤 No new jobs to evaluate right now.
2026-05-25 03:12:32.657 | INFO     | __main__:check_messages_and_reply:48 - 💬 [Auto-Pilot] Checking client messages and auto-replying...
2026-05-25 03:12:32.657 | INFO     | __main__:run_cycle:60 - ✅ Cycle Complete. Waiting for next cycle.
2026-05-25 03:14:14.026 | INFO     | __main__:run_cycle:56 - 🔄 Starting Auto-Pilot Cycle...
2026-05-25 03:14:14.026 | INFO     | __main__:scan_for_upwork_jobs:23 - 🔍 [Auto-Pilot] Scanning Upwork for high-paying AI jobs...
2026-05-25 03:14:14.369 | INFO     | __main__:scan_for_upwork_jobs:25 - 📊 Found 0 new jobs to evaluate.
2026-05-25 03:14:14.369 | INFO     | __main__:evaluate_and_bid:32 - 💤 No new jobs to evaluate right now.
2026-05-25 03:14:14.370 | INFO     | __main__:check_messages_and_reply:48 - 💬 [Auto-Pilot] Checking client messages and auto-replying...
2026-05-25 03:14:14.370 | INFO     | __main__:run_cycle:60 - ✅ Cycle Complete. Waiting for next cycle.
2026-05-25 03:22:33.040 | INFO     | __main__:run_cycle:56 - 🔄 Starting Auto-Pilot Cycle...
2026-05-25 03:22:33.040 | INFO     | __main__:scan_for_upwork_jobs:23 - 🔍 [Auto-Pilot] Scanning Upwork for high-paying AI jobs...
2026-05-25 03:22:33.430 | INFO     | __main__:scan_for_upwork_jobs:25 - 📊 Found 0 new jobs to evaluate.
2026-05-25 03:22:33.430 | INFO     | __main__:evaluate_and_bid:32 - 💤 No new jobs to evaluate right now.
2026-05-25 03:22:33.430 | INFO     | __main__:check_messages_and_reply:48 - 💬 [Auto-Pilot] Checking client messages and auto-replying...
2026-05-25 03:22:33.430 | INFO     | __main__:run_cycle:60 - ✅ Cycle Complete. Waiting for next cycle.
2026-05-25 03:24:14.795 | INFO     | __main__:run_cycle:56 - 🔄 Starting Auto-Pilot Cycle...
2026-05-25 03:24:14.795 | INFO     | __main__:scan_for_upwork_jobs:23 - 🔍 [Auto-Pilot] Scanning Upwork for high-paying AI jobs...
2026-05-25 03:24:16.147 | INFO     | __main__:scan_for_upwork_jobs:25 - 📊 Found 0 new jobs to evaluate.
2026-05-25 03:24:16.147 | INFO     | __main__:evaluate_and_bid:32 - 💤 No new jobs to evaluate right now.
2026-05-25 03:24:16.147 | INFO     | __main__:check_messages_and_reply:48 - 💬 [Auto-Pilot] Checking client messages and auto-replying...
2026-05-25 03:24:16.147 | INFO     | __main__:run_cycle:60 - ✅ Cycle Complete. Waiting for next cycle.
2026-05-25 03:32:33.790 | INFO     | __main__:run_cycle:56 - 🔄 Starting Auto-Pilot Cycle...
2026-05-25 03:32:33.791 | INFO     | __main__:scan_for_upwork_jobs:23 - 🔍 [Auto-Pilot] Scanning Upwork for high-paying AI jobs...
2026-05-25 03:32:34.148 | INFO     | __main__:scan_for_upwork_jobs:25 - 📊 Found 0 new jobs to evaluate.
2026-05-25 03:32:34.150 | INFO     | __main__:evaluate_and_bid:32 - 💤 No new jobs to evaluate right now.
2026-05-25 03:32:34.150 | INFO     | __main__:check_messages_and_reply:48 - 💬 [Auto-Pilot] Checking client messages and auto-replying...
2026-05-25 03:32:34.151 | INFO     | __main__:run_cycle:60 - ✅ Cycle Complete. Waiting for next cycle.
2026-05-25 03:34:16.525 | INFO     | __main__:run_cycle:56 - 🔄 Starting Auto-Pilot Cycle...
2026-05-25 03:34:16.525 | INFO     | __main__:scan_for_upwork_jobs:23 - 🔍 [Auto-Pilot] Scanning Upwork for high-paying AI jobs...
2026-05-25 03:34:16.904 | INFO     | __main__:scan_for_upwork_jobs:25 - 📊 Found 0 new jobs to evaluate.
2026-05-25 03:34:16.906 | INFO     | __main__:evaluate_and_bid:32 - 💤 No new jobs to evaluate right now.
2026-05-25 03:34:16.906 | INFO     | __main__:check_messages_and_reply:48 - 💬 [Auto-Pilot] Checking client messages and auto-replying...
2026-05-25 03:34:16.906 | INFO     | __main__:run_cycle:60 - ✅ Cycle Complete. Waiting for next cycle.
2026-05-25 03:42:34.507 | INFO     | __main__:run_cycle:56 - 🔄 Starting Auto-Pilot Cycle...
2026-05-25 03:42:34.507 | INFO     | __main__:scan_for_upwork_jobs:23 - 🔍 [Auto-Pilot] Scanning Upwork for high-paying AI jobs...
2026-05-25 03:42:34.883 | INFO     | __main__:scan_for_upwork_jobs:25 - 📊 Found 0 new jobs to evaluate.
2026-05-25 03:42:34.883 | INFO     | __main__:evaluate_and_bid:32 - 💤 No new jobs to evaluate right now.
2026-05-25 03:42:34.883 | INFO     | __main__:check_messages_and_reply:48 - 💬 [Auto-Pilot] Checking client messages and auto-replying...
2026-05-25 03:42:34.883 | INFO     | __main__:run_cycle:60 - ✅ Cycle Complete. Waiting for next cycle.
2026-05-25 03:44:17.330 | INFO     | __main__:run_cycle:56 - 🔄 Starting Auto-Pilot Cycle...
2026-05-25 03:44:17.330 | INFO     | __main__:scan_for_upwork_jobs:23 - 🔍 [Auto-Pilot] Scanning Upwork for high-paying AI jobs...
2026-05-25 03:44:17.685 | INFO     | __main__:scan_for_upwork_jobs:25 - 📊 Found 0 new jobs to evaluate.
2026-05-25 03:44:17.687 | INFO     | __main__:evaluate_and_bid:32 - 💤 No new jobs to evaluate right now.
2026-05-25 03:44:17.687 | INFO     | __main__:check_messages_and_reply:48 - 💬 [Auto-Pilot] Checking client messages and auto-replying...
2026-05-25 03:44:17.687 | INFO     | __main__:run_cycle:60 - ✅ Cycle Complete. Waiting for next cycle.
2026-05-25 03:52:35.301 | INFO     | __main__:run_cycle:56 - 🔄 Starting Auto-Pilot Cycle...
2026-05-25 03:52:35.301 | INFO     | __main__:scan_for_upwork_jobs:23 - 🔍 [Auto-Pilot] Scanning Upwork for high-paying AI jobs...
2026-05-25 03:52:35.668 | INFO     | __main__:scan_for_upwork_jobs:25 - 📊 Found 0 new jobs to evaluate.
2026-05-25 03:52:35.669 | INFO     | __main__:evaluate_and_bid:32 - 💤 No new jobs to evaluate right now.
2026-05-25 03:52:35.670 | INFO     | __main__:check_messages_and_reply:48 - 💬 [Auto-Pilot] Checking client messages and auto-replying...
2026-05-25 03:52:35.670 | INFO     | __main__:run_cycle:60 - ✅ Cycle Complete. Waiting for next cycle.
2026-05-25 03:54:18.041 | INFO     | __main__:run_cycle:56 - 🔄 Starting Auto-Pilot Cycle...
2026-05-25 03:54:18.041 | INFO     | __main__:scan_for_upwork_jobs:23 - 🔍 [Auto-Pilot] Scanning Upwork for high-paying AI jobs...
2026-05-25 03:54:18.390 | INFO     | __main__:scan_for_upwork_jobs:25 - 📊 Found 0 new jobs to evaluate.
2026-05-25 03:54:18.391 | INFO     | __main__:evaluate_and_bid:32 - 💤 No new jobs to evaluate right now.
2026-05-25 03:54:18.391 | INFO     | __main__:check_messages_and_reply:48 - 💬 [Auto-Pilot] Checking client messages and auto-replying...
2026-05-25 03:54:18.391 | INFO     | __main__:run_cycle:60 - ✅ Cycle Complete. Waiting for next cycle.
2026-05-25 04:02:36.043 | INFO     | __main__:run_cycle:56 - 🔄 Starting Auto-Pilot Cycle...
2026-05-25 04:02:36.044 | INFO     | __main__:scan_for_upwork_jobs:23 - 🔍 [Auto-Pilot] Scanning Upwork for high-paying AI jobs...
2026-05-25 04:02:36.419 | INFO     | __main__:scan_for_upwork_jobs:25 - 📊 Found 0 new jobs to evaluate.
2026-05-25 04:02:36.419 | INFO     | __main__:evaluate_and_bid:32 - 💤 No new jobs to evaluate right now.
2026-05-25 04:02:36.419 | INFO     | __main__:check_messages_and_reply:48 - 💬 [Auto-Pilot] Checking client messages and auto-replying...
2026-05-25 04:02:36.420 | INFO     | __main__:run_cycle:60 - ✅ Cycle Complete. Waiting for next cycle.
2026-05-25 04:04:18.769 | INFO     | __main__:run_cycle:56 - 🔄 Starting Auto-Pilot Cycle...
2026-05-25 04:04:18.769 | INFO     | __main__:scan_for_upwork_jobs:23 - 🔍 [Auto-Pilot] Scanning Upwork for high-paying AI jobs...
2026-05-25 04:04:19.161 | INFO     | __main__:scan_for_upwork_jobs:25 - 📊 Found 0 new jobs to evaluate.
2026-05-25 04:04:19.161 | INFO     | __main__:evaluate_and_bid:32 - 💤 No new jobs to evaluate right now.
2026-05-25 04:04:19.164 | INFO     | __main__:check_messages_and_reply:48 - 💬 [Auto-Pilot] Checking client messages and auto-replying...
2026-05-25 04:04:19.164 | INFO     | __main__:run_cycle:60 - ✅ Cycle Complete. Waiting for next cycle.
2026-05-25 04:12:36.772 | INFO     | __main__:run_cycle:56 - 🔄 Starting Auto-Pilot Cycle...
2026-05-25 04:12:36.773 | INFO     | __main__:scan_for_upwork_jobs:23 - 🔍 [Auto-Pilot] Scanning Upwork for high-paying AI jobs...
2026-05-25 04:12:37.133 | INFO     | __main__:scan_for_upwork_jobs:25 - 📊 Found 0 new jobs to evaluate.
2026-05-25 04:12:37.133 | INFO     | __main__:evaluate_and_bid:32 - 💤 No new jobs to evaluate right now.
2026-05-25 04:12:37.133 | INFO     | __main__:check_messages_and_reply:48 - 💬 [Auto-Pilot] Checking client messages and auto-replying...
2026-05-25 04:12:37.133 | INFO     | __main__:run_cycle:60 - ✅ Cycle Complete. Waiting for next cycle.
2026-05-25 04:14:19.520 | INFO     | __main__:run_cycle:56 - 🔄 Starting Auto-Pilot Cycle...
2026-05-25 04:14:19.521 | INFO     | __main__:scan_for_upwork_jobs:23 - 🔍 [Auto-Pilot] Scanning Upwork for high-paying AI jobs...
2026-05-25 04:14:19.910 | INFO     | __main__:scan_for_upwork_jobs:25 - 📊 Found 0 new jobs to evaluate.
2026-05-25 04:14:19.910 | INFO     | __main__:evaluate_and_bid:32 - 💤 No new jobs to evaluate right now.
2026-05-25 04:14:19.910 | INFO     | __main__:check_messages_and_reply:48 - 💬 [Auto-Pilot] Checking client messages and auto-replying...
2026-05-25 04:14:19.914 | INFO     | __main__:run_cycle:60 - ✅ Cycle Complete. Waiting for next cycle.
2026-05-25 04:22:37.524 | INFO     | __main__:run_cycle:56 - 🔄 Starting Auto-Pilot Cycle...
2026-05-25 04:22:37.524 | INFO     | __main__:scan_for_upwork_jobs:23 - 🔍 [Auto-Pilot] Scanning Upwork for high-paying AI jobs...
2026-05-25 04:22:37.884 | INFO     | __main__:scan_for_upwork_jobs:25 - 📊 Found 0 new jobs to evaluate.
2026-05-25 04:22:37.888 | INFO     | __main__:evaluate_and_bid:32 - 💤 No new jobs to evaluate right now.
2026-05-25 04:22:37.889 | INFO     | __main__:check_messages_and_reply:48 - 💬 [Auto-Pilot] Checking client messages and auto-replying...
2026-05-25 04:22:37.889 | INFO     | __main__:run_cycle:60 - ✅ Cycle Complete. Waiting for next cycle.
2026-05-25 04:24:20.295 | INFO     | __main__:run_cycle:56 - 🔄 Starting Auto-Pilot Cycle...
2026-05-25 04:24:20.295 | INFO     | __main__:scan_for_upwork_jobs:23 - 🔍 [Auto-Pilot] Scanning Upwork for high-paying AI jobs...
2026-05-25 04:24:20.688 | INFO     | __main__:scan_for_upwork_jobs:25 - 📊 Found 0 new jobs to evaluate.
2026-05-25 04:24:20.690 | INFO     | __main__:evaluate_and_bid:32 - 💤 No new jobs to evaluate right now.
2026-05-25 04:24:20.690 | INFO     | __main__:check_messages_and_reply:48 - 💬 [Auto-Pilot] Checking client messages and auto-replying...
2026-05-25 04:24:20.690 | INFO     | __main__:run_cycle:60 - ✅ Cycle Complete. Waiting for next cycle.
2026-05-25 04:32:38.265 | INFO     | __main__:run_cycle:56 - 🔄 Starting Auto-Pilot Cycle...
2026-05-25 04:32:38.265 | INFO     | __main__:scan_for_upwork_jobs:23 - 🔍 [Auto-Pilot] Scanning Upwork for high-paying AI jobs...
2026-05-25 04:32:38.660 | INFO     | __main__:scan_for_upwork_jobs:25 - 📊 Found 0 new jobs to evaluate.
2026-05-25 04:32:38.660 | INFO     | __main__:evaluate_and_bid:32 - 💤 No new jobs to evaluate right now.
2026-05-25 04:32:38.663 | INFO     | __main__:check_messages_and_reply:48 - 💬 [Auto-Pilot] Checking client messages and auto-replying...
2026-05-25 04:32:38.663 | INFO     | __main__:run_cycle:60 - ✅ Cycle Complete. Waiting for next cycle.
2026-05-25 04:34:21.073 | INFO     | __main__:run_cycle:56 - 🔄 Starting Auto-Pilot Cycle...
2026-05-25 04:34:21.073 | INFO     | __main__:scan_for_upwork_jobs:23 - 🔍 [Auto-Pilot] Scanning Upwork for high-paying AI jobs...
2026-05-25 04:34:21.428 | INFO     | __main__:scan_for_upwork_jobs:25 - 📊 Found 0 new jobs to evaluate.
2026-05-25 04:34:21.432 | INFO     | __main__:evaluate_and_bid:32 - 💤 No new jobs to evaluate right now.
2026-05-25 04:34:21.432 | INFO     | __main__:check_messages_and_reply:48 - 💬 [Auto-Pilot] Checking client messages and auto-replying...
2026-05-25 04:34:21.432 | INFO     | __main__:run_cycle:60 - ✅ Cycle Complete. Waiting for next cycle.
2026-05-25 04:42:39.040 | INFO     | __main__:run_cycle:56 - 🔄 Starting Auto-Pilot Cycle...
2026-05-25 04:42:39.040 | INFO     | __main__:scan_for_upwork_jobs:23 - 🔍 [Auto-Pilot] Scanning Upwork for high-paying AI jobs...
2026-05-25 04:42:39.407 | INFO     | __main__:scan_for_upwork_jobs:25 - 📊 Found 0 new jobs to evaluate.
2026-05-25 04:42:39.407 | INFO     | __main__:evaluate_and_bid:32 - 💤 No new jobs to evaluate right now.
2026-05-25 04:42:39.407 | INFO     | __main__:check_messages_and_reply:48 - 💬 [Auto-Pilot] Checking client messages and auto-replying...
2026-05-25 04:42:39.409 | INFO     | __main__:run_cycle:60 - ✅ Cycle Complete. Waiting for next cycle.
2026-05-25 04:44:21.858 | INFO     | __main__:run_cycle:56 - 🔄 Starting Auto-Pilot Cycle...
2026-05-25 04:44:21.858 | INFO     | __main__:scan_for_upwork_jobs:23 - 🔍 [Auto-Pilot] Scanning Upwork for high-paying AI jobs...
2026-05-25 04:44:22.241 | INFO     | __main__:scan_for_upwork_jobs:25 - 📊 Found 0 new jobs to evaluate.
2026-05-25 04:44:22.243 | INFO     | __main__:evaluate_and_bid:32 - 💤 No new jobs to evaluate right now.
2026-05-25 04:44:22.243 | INFO     | __main__:check_messages_and_reply:48 - 💬 [Auto-Pilot] Checking client messages and auto-replying...
2026-05-25 04:44:22.243 | INFO     | __main__:run_cycle:60 - ✅ Cycle Complete. Waiting for next cycle.
2026-05-25 04:52:39.848 | INFO     | __main__:run_cycle:56 - 🔄 Starting Auto-Pilot Cycle...
2026-05-25 04:52:39.849 | INFO     | __main__:scan_for_upwork_jobs:23 - 🔍 [Auto-Pilot] Scanning Upwork for high-paying AI jobs...
2026-05-25 04:52:40.185 | INFO     | __main__:scan_for_upwork_jobs:25 - 📊 Found 0 new jobs to evaluate.
2026-05-25 04:52:40.185 | INFO     | __main__:evaluate_and_bid:32 - 💤 No new jobs to evaluate right now.
2026-05-25 04:52:40.185 | INFO     | __main__:check_messages_and_reply:48 - 💬 [Auto-Pilot] Checking client messages and auto-replying...
2026-05-25 04:52:40.185 | INFO     | __main__:run_cycle:60 - ✅ Cycle Complete. Waiting for next cycle.
2026-05-25 04:54:22.648 | INFO     | __main__:run_cycle:56 - 🔄 Starting Auto-Pilot Cycle...
2026-05-25 04:54:22.648 | INFO     | __main__:scan_for_upwork_jobs:23 - 🔍 [Auto-Pilot] Scanning Upwork for high-paying AI jobs...
2026-05-25 04:54:22.988 | INFO     | __main__:scan_for_upwork_jobs:25 - 📊 Found 0 new jobs to evaluate.
2026-05-25 04:54:22.988 | INFO     | __main__:evaluate_and_bid:32 - 💤 No new jobs to evaluate right now.
2026-05-25 04:54:22.989 | INFO     | __main__:check_messages_and_reply:48 - 💬 [Auto-Pilot] Checking client messages and auto-replying...
2026-05-25 04:54:22.989 | INFO     | __main__:run_cycle:60 - ✅ Cycle Complete. Waiting for next cycle.
2026-05-25 05:02:40.544 | INFO     | __main__:run_cycle:56 - 🔄 Starting Auto-Pilot Cycle...
2026-05-25 05:02:40.546 | INFO     | __main__:scan_for_upwork_jobs:23 - 🔍 [Auto-Pilot] Scanning Upwork for high-paying AI jobs...
2026-05-25 05:02:41.017 | INFO     | __main__:scan_for_upwork_jobs:25 - 📊 Found 0 new jobs to evaluate.
2026-05-25 05:02:41.018 | INFO     | __main__:evaluate_and_bid:32 - 💤 No new jobs to evaluate right now.
2026-05-25 05:02:41.018 | INFO     | __main__:check_messages_and_reply:48 - 💬 [Auto-Pilot] Checking client messages and auto-replying...
2026-05-25 05:02:41.018 | INFO     | __main__:run_cycle:60 - ✅ Cycle Complete. Waiting for next cycle.
2026-05-25 05:04:23.353 | INFO     | __main__:run_cycle:56 - 🔄 Starting Auto-Pilot Cycle...
2026-05-25 05:04:23.353 | INFO     | __main__:scan_for_upwork_jobs:23 - 🔍 [Auto-Pilot] Scanning Upwork for high-paying AI jobs...
2026-05-25 05:04:23.716 | INFO     | __main__:scan_for_upwork_jobs:25 - 📊 Found 0 new jobs to evaluate.
2026-05-25 05:04:23.716 | INFO     | __main__:evaluate_and_bid:32 - 💤 No new jobs to evaluate right now.
2026-05-25 05:04:23.716 | INFO     | __main__:check_messages_and_reply:48 - 💬 [Auto-Pilot] Checking client messages and auto-replying...
2026-05-25 05:04:23.716 | INFO     | __main__:run_cycle:60 - ✅ Cycle Complete. Waiting for next cycle.
2026-05-25 05:12:41.411 | INFO     | __main__:run_cycle:56 - 🔄 Starting Auto-Pilot Cycle...
2026-05-25 05:12:41.411 | INFO     | __main__:scan_for_upwork_jobs:23 - 🔍 [Auto-Pilot] Scanning Upwork for high-paying AI jobs...
2026-05-25 05:12:41.750 | INFO     | __main__:scan_for_upwork_jobs:25 - 📊 Found 0 new jobs to evaluate.
2026-05-25 05:12:41.751 | INFO     | __main__:evaluate_and_bid:32 - 💤 No new jobs to evaluate right now.
2026-05-25 05:12:41.751 | INFO     | __main__:check_messages_and_reply:48 - 💬 [Auto-Pilot] Checking client messages and auto-replying...
2026-05-25 05:12:41.751 | INFO     | __main__:run_cycle:60 - ✅ Cycle Complete. Waiting for next cycle.
2026-05-25 05:14:24.077 | INFO     | __main__:run_cycle:56 - 🔄 Starting Auto-Pilot Cycle...
2026-05-25 05:14:24.077 | INFO     | __main__:scan_for_upwork_jobs:23 - 🔍 [Auto-Pilot] Scanning Upwork for high-paying AI jobs...
2026-05-25 05:14:24.406 | INFO     | __main__:scan_for_upwork_jobs:25 - 📊 Found 0 new jobs to evaluate.
2026-05-25 05:14:24.406 | INFO     | __main__:evaluate_and_bid:32 - 💤 No new jobs to evaluate right now.
2026-05-25 05:14:24.406 | INFO     | __main__:check_messages_and_reply:48 - 💬 [Auto-Pilot] Checking client messages and auto-replying...
2026-05-25 05:14:24.410 | INFO     | __main__:run_cycle:60 - ✅ Cycle Complete. Waiting for next cycle.
2026-05-25 05:22:42.146 | INFO     | __main__:run_cycle:56 - 🔄 Starting Auto-Pilot Cycle...
2026-05-25 05:22:42.146 | INFO     | __main__:scan_for_upwork_jobs:23 - 🔍 [Auto-Pilot] Scanning Upwork for high-paying AI jobs...
2026-05-25 05:22:42.465 | INFO     | __main__:scan_for_upwork_jobs:25 - 📊 Found 0 new jobs to evaluate.
2026-05-25 05:22:42.467 | INFO     | __main__:evaluate_and_bid:32 - 💤 No new jobs to evaluate right now.
2026-05-25 05:22:42.467 | INFO     | __main__:check_messages_and_reply:48 - 💬 [Auto-Pilot] Checking client messages and auto-replying...
2026-05-25 05:22:42.467 | INFO     | __main__:run_cycle:60 - ✅ Cycle Complete. Waiting for next cycle.
2026-05-25 05:24:24.790 | INFO     | __main__:run_cycle:56 - 🔄 Starting Auto-Pilot Cycle...
2026-05-25 05:24:24.791 | INFO     | __main__:scan_for_upwork_jobs:23 - 🔍 [Auto-Pilot] Scanning Upwork for high-paying AI jobs...
2026-05-25 05:24:25.131 | INFO     | __main__:scan_for_upwork_jobs:25 - 📊 Found 0 new jobs to evaluate.
2026-05-25 05:24:25.132 | INFO     | __main__:evaluate_and_bid:32 - 💤 No new jobs to evaluate right now.
2026-05-25 05:24:25.132 | INFO     | __main__:check_messages_and_reply:48 - 💬 [Auto-Pilot] Checking client messages and auto-replying...
2026-05-25 05:24:25.132 | INFO     | __main__:run_cycle:60 - ✅ Cycle Complete. Waiting for next cycle.
2026-05-25 05:32:42.836 | INFO     | __main__:run_cycle:56 - 🔄 Starting Auto-Pilot Cycle...
2026-05-25 05:32:42.836 | INFO     | __main__:scan_for_upwork_jobs:23 - 🔍 [Auto-Pilot] Scanning Upwork for high-paying AI jobs...
2026-05-25 05:32:43.189 | INFO     | __main__:scan_for_upwork_jobs:25 - 📊 Found 0 new jobs to evaluate.
2026-05-25 05:32:43.189 | INFO     | __main__:evaluate_and_bid:32 - 💤 No new jobs to evaluate right now.
2026-05-25 05:32:43.190 | INFO     | __main__:check_messages_and_reply:48 - 💬 [Auto-Pilot] Checking client messages and auto-replying...
2026-05-25 05:32:43.190 | INFO     | __main__:run_cycle:60 - ✅ Cycle Complete. Waiting for next cycle.
2026-05-25 05:34:25.481 | INFO     | __main__:run_cycle:56 - 🔄 Starting Auto-Pilot Cycle...
2026-05-25 05:34:25.481 | INFO     | __main__:scan_for_upwork_jobs:23 - 🔍 [Auto-Pilot] Scanning Upwork for high-paying AI jobs...
2026-05-25 05:34:25.840 | INFO     | __main__:scan_for_upwork_jobs:25 - 📊 Found 0 new jobs to evaluate.
2026-05-25 05:34:25.840 | INFO     | __main__:evaluate_and_bid:32 - 💤 No new jobs to evaluate right now.
2026-05-25 05:34:25.842 | INFO     | __main__:check_messages_and_reply:48 - 💬 [Auto-Pilot] Checking client messages and auto-replying...
2026-05-25 05:34:25.842 | INFO     | __main__:run_cycle:60 - ✅ Cycle Complete. Waiting for next cycle.
2026-05-25 05:42:43.567 | INFO     | __main__:run_cycle:56 - 🔄 Starting Auto-Pilot Cycle...
2026-05-25 05:42:43.567 | INFO     | __main__:scan_for_upwork_jobs:23 - 🔍 [Auto-Pilot] Scanning Upwork for high-paying AI jobs...
2026-05-25 05:42:43.922 | INFO     | __main__:scan_for_upwork_jobs:25 - 📊 Found 0 new jobs to evaluate.
2026-05-25 05:42:43.922 | INFO     | __main__:evaluate_and_bid:32 - 💤 No new jobs to evaluate right now.
2026-05-25 05:42:43.922 | INFO     | __main__:check_messages_and_reply:48 - 💬 [Auto-Pilot] Checking client messages and auto-replying...
2026-05-25 05:42:43.922 | INFO     | __main__:run_cycle:60 - ✅ Cycle Complete. Waiting for next cycle.
2026-05-25 05:44:26.226 | INFO     | __main__:run_cycle:56 - 🔄 Starting Auto-Pilot Cycle...
2026-05-25 05:44:26.227 | INFO     | __main__:scan_for_upwork_jobs:23 - 🔍 [Auto-Pilot] Scanning Upwork for high-paying AI jobs...
2026-05-25 05:44:26.570 | INFO     | __main__:scan_for_upwork_jobs:25 - 📊 Found 0 new jobs to evaluate.
2026-05-25 05:44:26.570 | INFO     | __main__:evaluate_and_bid:32 - 💤 No new jobs to evaluate right now.
2026-05-25 05:44:26.577 | INFO     | __main__:check_messages_and_reply:48 - 💬 [Auto-Pilot] Checking client messages and auto-replying...
2026-05-25 05:44:26.577 | INFO     | __main__:run_cycle:60 - ✅ Cycle Complete. Waiting for next cycle.
2026-05-25 05:52:44.386 | INFO     | __main__:run_cycle:56 - 🔄 Starting Auto-Pilot Cycle...
2026-05-25 05:52:44.386 | INFO     | __main__:scan_for_upwork_jobs:23 - 🔍 [Auto-Pilot] Scanning Upwork for high-paying AI jobs...
2026-05-25 05:52:44.748 | INFO     | __main__:scan_for_upwork_jobs:25 - 📊 Found 0 new jobs to evaluate.
2026-05-25 05:52:44.748 | INFO     | __main__:evaluate_and_bid:32 - 💤 No new jobs to evaluate right now.
2026-05-25 05:52:44.748 | INFO     | __main__:check_messages_and_reply:48 - 💬 [Auto-Pilot] Checking client messages and auto-replying...
2026-05-25 05:52:44.748 | INFO     | __main__:run_cycle:60 - ✅ Cycle Complete. Waiting for next cycle.
2026-05-25 05:54:26.937 | INFO     | __main__:run_cycle:56 - 🔄 Starting Auto-Pilot Cycle...
2026-05-25 05:54:26.938 | INFO     | __main__:scan_for_upwork_jobs:23 - 🔍 [Auto-Pilot] Scanning Upwork for high-paying AI jobs...
2026-05-25 05:54:27.321 | INFO     | __main__:scan_for_upwork_jobs:25 - 📊 Found 0 new jobs to evaluate.
2026-05-25 05:54:27.321 | INFO     | __main__:evaluate_and_bid:32 - 💤 No new jobs to evaluate right now.
2026-05-25 05:54:27.321 | INFO     | __main__:check_messages_and_reply:48 - 💬 [Auto-Pilot] Checking client messages and auto-replying...
2026-05-25 05:54:27.321 | INFO     | __main__:run_cycle:60 - ✅ Cycle Complete. Waiting for next cycle.
2026-05-25 06:02:45.157 | INFO     | __main__:run_cycle:56 - 🔄 Starting Auto-Pilot Cycle...
2026-05-25 06:02:45.157 | INFO     | __main__:scan_for_upwork_jobs:23 - 🔍 [Auto-Pilot] Scanning Upwork for high-paying AI jobs...
2026-05-25 06:02:45.591 | INFO     | __main__:scan_for_upwork_jobs:25 - 📊 Found 0 new jobs to evaluate.
2026-05-25 06:02:45.592 | INFO     | __main__:evaluate_and_bid:32 - 💤 No new jobs to evaluate right now.
2026-05-25 06:02:45.592 | INFO     | __main__:check_messages_and_reply:48 - 💬 [Auto-Pilot] Checking client messages and auto-replying...
2026-05-25 06:02:45.592 | INFO     | __main__:run_cycle:60 - ✅ Cycle Complete. Waiting for next cycle.
2026-05-25 06:04:27.708 | INFO     | __main__:run_cycle:56 - 🔄 Starting Auto-Pilot Cycle...
2026-05-25 06:04:27.708 | INFO     | __main__:scan_for_upwork_jobs:23 - 🔍 [Auto-Pilot] Scanning Upwork for high-paying AI jobs...
2026-05-25 06:04:28.057 | INFO     | __main__:scan_for_upwork_jobs:25 - 📊 Found 0 new jobs to evaluate.
2026-05-25 06:04:28.057 | INFO     | __main__:evaluate_and_bid:32 - 💤 No new jobs to evaluate right now.
2026-05-25 06:04:28.057 | INFO     | __main__:check_messages_and_reply:48 - 💬 [Auto-Pilot] Checking client messages and auto-replying...
2026-05-25 06:04:28.057 | INFO     | __main__:run_cycle:60 - ✅ Cycle Complete. Waiting for next cycle.
2026-05-25 06:12:45.967 | INFO     | __main__:run_cycle:56 - 🔄 Starting Auto-Pilot Cycle...
2026-05-25 06:12:45.967 | INFO     | __main__:scan_for_upwork_jobs:23 - 🔍 [Auto-Pilot] Scanning Upwork for high-paying AI jobs...
2026-05-25 06:12:46.878 | INFO     | __main__:scan_for_upwork_jobs:25 - 📊 Found 0 new jobs to evaluate.
2026-05-25 06:12:46.878 | INFO     | __main__:evaluate_and_bid:32 - 💤 No new jobs to evaluate right now.
2026-05-25 06:12:46.881 | INFO     | __main__:check_messages_and_reply:48 - 💬 [Auto-Pilot] Checking client messages and auto-replying...
2026-05-25 06:12:46.881 | INFO     | __main__:run_cycle:60 - ✅ Cycle Complete. Waiting for next cycle.
2026-05-25 06:14:28.435 | INFO     | __main__:run_cycle:56 - 🔄 Starting Auto-Pilot Cycle...
2026-05-25 06:14:28.435 | INFO     | __main__:scan_for_upwork_jobs:23 - 🔍 [Auto-Pilot] Scanning Upwork for high-paying AI jobs...
2026-05-25 06:14:29.178 | INFO     | __main__:scan_for_upwork_jobs:25 - 📊 Found 0 new jobs to evaluate.
2026-05-25 06:14:29.178 | INFO     | __main__:evaluate_and_bid:32 - 💤 No new jobs to evaluate right now.
2026-05-25 06:14:29.178 | INFO     | __main__:check_messages_and_reply:48 - 💬 [Auto-Pilot] Checking client messages and auto-replying...
2026-05-25 06:14:29.178 | INFO     | __main__:run_cycle:60 - ✅ Cycle Complete. Waiting for next cycle.
2026-05-25 06:22:47.240 | INFO     | __main__:run_cycle:56 - 🔄 Starting Auto-Pilot Cycle...
2026-05-25 06:22:47.241 | INFO     | __main__:scan_for_upwork_jobs:23 - 🔍 [Auto-Pilot] Scanning Upwork for high-paying AI jobs...
2026-05-25 06:22:47.585 | INFO     | __main__:scan_for_upwork_jobs:25 - 📊 Found 0 new jobs to evaluate.
2026-05-25 06:22:47.586 | INFO     | __main__:evaluate_and_bid:32 - 💤 No new jobs to evaluate right now.
2026-05-25 06:22:47.586 | INFO     | __main__:check_messages_and_reply:48 - 💬 [Auto-Pilot] Checking client messages and auto-replying...
2026-05-25 06:22:47.587 | INFO     | __main__:run_cycle:60 - ✅ Cycle Complete. Waiting for next cycle.
2026-05-25 06:24:29.569 | INFO     | __main__:run_cycle:56 - 🔄 Starting Auto-Pilot Cycle...
2026-05-25 06:24:29.569 | INFO     | __main__:scan_for_upwork_jobs:23 - 🔍 [Auto-Pilot] Scanning Upwork for high-paying AI jobs...
2026-05-25 06:24:29.935 | INFO     | __main__:scan_for_upwork_jobs:25 - 📊 Found 0 new jobs to evaluate.
2026-05-25 06:24:29.936 | INFO     | __main__:evaluate_and_bid:32 - 💤 No new jobs to evaluate right now.
2026-05-25 06:24:29.936 | INFO     | __main__:check_messages_and_reply:48 - 💬 [Auto-Pilot] Checking client messages and auto-replying...
2026-05-25 06:24:29.936 | INFO     | __main__:run_cycle:60 - ✅ Cycle Complete. Waiting for next cycle.
2026-05-25 06:32:48.021 | INFO     | __main__:run_cycle:56 - 🔄 Starting Auto-Pilot Cycle...
2026-05-25 06:32:48.021 | INFO     | __main__:scan_for_upwork_jobs:23 - 🔍 [Auto-Pilot] Scanning Upwork for high-paying AI jobs...
2026-05-25 06:32:48.418 | INFO     | __main__:scan_for_upwork_jobs:25 - 📊 Found 0 new jobs to evaluate.
2026-05-25 06:32:48.418 | INFO     | __main__:evaluate_and_bid:32 - 💤 No new jobs to evaluate right now.
2026-05-25 06:32:48.418 | INFO     | __main__:check_messages_and_reply:48 - 💬 [Auto-Pilot] Checking client messages and auto-replying...
2026-05-25 06:32:48.418 | INFO     | __main__:run_cycle:60 - ✅ Cycle Complete. Waiting for next cycle.
2026-05-25 06:34:30.334 | INFO     | __main__:run_cycle:56 - 🔄 Starting Auto-Pilot Cycle...
2026-05-25 06:34:30.334 | INFO     | __main__:scan_for_upwork_jobs:23 - 🔍 [Auto-Pilot] Scanning Upwork for high-paying AI jobs...
2026-05-25 06:34:31.726 | INFO     | __main__:scan_for_upwork_jobs:25 - 📊 Found 0 new jobs to evaluate.
2026-05-25 06:34:31.726 | INFO     | __main__:evaluate_and_bid:32 - 💤 No new jobs to evaluate right now.
2026-05-25 06:34:31.728 | INFO     | __main__:check_messages_and_reply:48 - 💬 [Auto-Pilot] Checking client messages and auto-replying...
2026-05-25 06:34:31.728 | INFO     | __main__:run_cycle:60 - ✅ Cycle Complete. Waiting for next cycle.
2026-05-25 06:42:48.773 | INFO     | __main__:run_cycle:56 - 🔄 Starting Auto-Pilot Cycle...
2026-05-25 06:42:48.774 | INFO     | __main__:scan_for_upwork_jobs:23 - 🔍 [Auto-Pilot] Scanning Upwork for high-paying AI jobs...
2026-05-25 06:42:49.136 | INFO     | __main__:scan_for_upwork_jobs:25 - 📊 Found 0 new jobs to evaluate.
2026-05-25 06:42:49.137 | INFO     | __main__:evaluate_and_bid:32 - 💤 No new jobs to evaluate right now.
2026-05-25 06:42:49.137 | INFO     | __main__:check_messages_and_reply:48 - 💬 [Auto-Pilot] Checking client messages and auto-replying...
2026-05-25 06:42:49.137 | INFO     | __main__:run_cycle:60 - ✅ Cycle Complete. Waiting for next cycle.
2026-05-25 06:44:32.144 | INFO     | __main__:run_cycle:56 - 🔄 Starting Auto-Pilot Cycle...
2026-05-25 06:44:32.145 | INFO     | __main__:scan_for_upwork_jobs:23 - 🔍 [Auto-Pilot] Scanning Upwork for high-paying AI jobs...
2026-05-25 06:44:32.488 | INFO     | __main__:scan_for_upwork_jobs:25 - 📊 Found 0 new jobs to evaluate.
2026-05-25 06:44:32.490 | INFO     | __main__:evaluate_and_bid:32 - 💤 No new jobs to evaluate right now.
2026-05-25 06:44:32.490 | INFO     | __main__:check_messages_and_reply:48 - 💬 [Auto-Pilot] Checking client messages and auto-replying...
2026-05-25 06:44:32.491 | INFO     | __main__:run_cycle:60 - ✅ Cycle Complete. Waiting for next cycle.
2026-05-25 06:52:49.570 | INFO     | __main__:run_cycle:56 - 🔄 Starting Auto-Pilot Cycle...
2026-05-25 06:52:49.570 | INFO     | __main__:scan_for_upwork_jobs:23 - 🔍 [Auto-Pilot] Scanning Upwork for high-paying AI jobs...
2026-05-25 06:52:50.051 | INFO     | __main__:scan_for_upwork_jobs:25 - 📊 Found 0 new jobs to evaluate.
2026-05-25 06:52:50.051 | INFO     | __main__:evaluate_and_bid:32 - 💤 No new jobs to evaluate right now.
2026-05-25 06:52:50.054 | INFO     | __main__:check_messages_and_reply:48 - 💬 [Auto-Pilot] Checking client messages and auto-replying...
2026-05-25 06:52:50.055 | INFO     | __main__:run_cycle:60 - ✅ Cycle Complete. Waiting for next cycle.
2026-05-25 06:54:32.843 | INFO     | __main__:run_cycle:56 - 🔄 Starting Auto-Pilot Cycle...
2026-05-25 06:54:32.843 | INFO     | __main__:scan_for_upwork_jobs:23 - 🔍 [Auto-Pilot] Scanning Upwork for high-paying AI jobs...
2026-05-25 06:54:33.400 | INFO     | __main__:scan_for_upwork_jobs:25 - 📊 Found 0 new jobs to evaluate.
2026-05-25 06:54:33.400 | INFO     | __main__:evaluate_and_bid:32 - 💤 No new jobs to evaluate right now.
2026-05-25 06:54:33.401 | INFO     | __main__:check_messages_and_reply:48 - 💬 [Auto-Pilot] Checking client messages and auto-replying...
2026-05-25 06:54:33.401 | INFO     | __main__:run_cycle:60 - ✅ Cycle Complete. Waiting for next cycle.
2026-05-25 07:02:50.430 | INFO     | __main__:run_cycle:56 - 🔄 Starting Auto-Pilot Cycle...
2026-05-25 07:02:50.430 | INFO     | __main__:scan_for_upwork_jobs:23 - 🔍 [Auto-Pilot] Scanning Upwork for high-paying AI jobs...
2026-05-25 07:02:50.845 | INFO     | __main__:scan_for_upwork_jobs:25 - 📊 Found 0 new jobs to evaluate.
2026-05-25 07:02:50.846 | INFO     | __main__:evaluate_and_bid:32 - 💤 No new jobs to evaluate right now.
2026-05-25 07:02:50.846 | INFO     | __main__:check_messages_and_reply:48 - 💬 [Auto-Pilot] Checking client messages and auto-replying...
2026-05-25 07:02:50.846 | INFO     | __main__:run_cycle:60 - ✅ Cycle Complete. Waiting for next cycle.
2026-05-25 07:04:33.781 | INFO     | __main__:run_cycle:56 - 🔄 Starting Auto-Pilot Cycle...
2026-05-25 07:04:33.781 | INFO     | __main__:scan_for_upwork_jobs:23 - 🔍 [Auto-Pilot] Scanning Upwork for high-paying AI jobs...
2026-05-25 07:04:34.237 | INFO     | __main__:scan_for_upwork_jobs:25 - 📊 Found 0 new jobs to evaluate.
2026-05-25 07:04:34.237 | INFO     | __main__:evaluate_and_bid:32 - 💤 No new jobs to evaluate right now.
2026-05-25 07:04:34.237 | INFO     | __main__:check_messages_and_reply:48 - 💬 [Auto-Pilot] Checking client messages and auto-replying...
2026-05-25 07:04:34.239 | INFO     | __main__:run_cycle:60 - ✅ Cycle Complete. Waiting for next cycle.
2026-05-25 07:12:51.190 | INFO     | __main__:run_cycle:56 - 🔄 Starting Auto-Pilot Cycle...
2026-05-25 07:12:51.190 | INFO     | __main__:scan_for_upwork_jobs:23 - 🔍 [Auto-Pilot] Scanning Upwork for high-paying AI jobs...
2026-05-25 07:12:51.596 | INFO     | __main__:scan_for_upwork_jobs:25 - 📊 Found 0 new jobs to evaluate.
2026-05-25 07:12:51.599 | INFO     | __main__:evaluate_and_bid:32 - 💤 No new jobs to evaluate right now.
2026-05-25 07:12:51.599 | INFO     | __main__:check_messages_and_reply:48 - 💬 [Auto-Pilot] Checking client messages and auto-replying...
2026-05-25 07:12:51.599 | INFO     | __main__:run_cycle:60 - ✅ Cycle Complete. Waiting for next cycle.
2026-05-25 07:14:34.644 | INFO     | __main__:run_cycle:56 - 🔄 Starting Auto-Pilot Cycle...
2026-05-25 07:14:34.645 | INFO     | __main__:scan_for_upwork_jobs:23 - 🔍 [Auto-Pilot] Scanning Upwork for high-paying AI jobs...
2026-05-25 07:14:45.727 | INFO     | __main__:scan_for_upwork_jobs:25 - 📊 Found 0 new jobs to evaluate.
2026-05-25 07:14:45.728 | INFO     | __main__:evaluate_and_bid:32 - 💤 No new jobs to evaluate right now.
2026-05-25 07:14:45.728 | INFO     | __main__:check_messages_and_reply:48 - 💬 [Auto-Pilot] Checking client messages and auto-replying...
2026-05-25 07:14:45.729 | INFO     | __main__:run_cycle:60 - ✅ Cycle Complete. Waiting for next cycle.
2026-05-25 07:22:51.961 | INFO     | __main__:run_cycle:56 - 🔄 Starting Auto-Pilot Cycle...
2026-05-25 07:22:51.961 | INFO     | __main__:scan_for_upwork_jobs:23 - 🔍 [Auto-Pilot] Scanning Upwork for high-paying AI jobs...
2026-05-25 07:22:52.311 | INFO     | __main__:scan_for_upwork_jobs:25 - 📊 Found 0 new jobs to evaluate.
2026-05-25 07:22:52.311 | INFO     | __main__:evaluate_and_bid:32 - 💤 No new jobs to evaluate right now.
2026-05-25 07:22:52.313 | INFO     | __main__:check_messages_and_reply:48 - 💬 [Auto-Pilot] Checking client messages and auto-replying...
2026-05-25 07:22:52.313 | INFO     | __main__:run_cycle:60 - ✅ Cycle Complete. Waiting for next cycle.
2026-05-25 07:24:46.156 | INFO     | __main__:run_cycle:56 - 🔄 Starting Auto-Pilot Cycle...
2026-05-25 07:24:46.156 | INFO     | __main__:scan_for_upwork_jobs:23 - 🔍 [Auto-Pilot] Scanning Upwork for high-paying AI jobs...
2026-05-25 07:24:46.499 | INFO     | __main__:scan_for_upwork_jobs:25 - 📊 Found 0 new jobs to evaluate.
2026-05-25 07:24:46.499 | INFO     | __main__:evaluate_and_bid:32 - 💤 No new jobs to evaluate right now.
2026-05-25 07:24:46.500 | INFO     | __main__:check_messages_and_reply:48 - 💬 [Auto-Pilot] Checking client messages and auto-replying...
2026-05-25 07:24:46.500 | INFO     | __main__:run_cycle:60 - ✅ Cycle Complete. Waiting for next cycle.
2026-05-25 07:32:52.665 | INFO     | __main__:run_cycle:56 - 🔄 Starting Auto-Pilot Cycle...
2026-05-25 07:32:52.666 | INFO     | __main__:scan_for_upwork_jobs:23 - 🔍 [Auto-Pilot] Scanning Upwork for high-paying AI jobs...
2026-05-25 07:32:53.154 | INFO     | __main__:scan_for_upwork_jobs:25 - 📊 Found 0 new jobs to evaluate.
2026-05-25 07:32:53.155 | INFO     | __main__:evaluate_and_bid:32 - 💤 No new jobs to evaluate right now.
2026-05-25 07:32:53.155 | INFO     | __main__:check_messages_and_reply:48 - 💬 [Auto-Pilot] Checking client messages and auto-replying...
2026-05-25 07:32:53.155 | INFO     | __main__:run_cycle:60 - ✅ Cycle Complete. Waiting for next cycle.
2026-05-25 07:34:46.887 | INFO     | __main__:run_cycle:56 - 🔄 Starting Auto-Pilot Cycle...
2026-05-25 07:34:46.887 | INFO     | __main__:scan_for_upwork_jobs:23 - 🔍 [Auto-Pilot] Scanning Upwork for high-paying AI jobs...
2026-05-25 07:34:47.230 | INFO     | __main__:scan_for_upwork_jobs:25 - 📊 Found 0 new jobs to evaluate.
2026-05-25 07:34:47.231 | INFO     | __main__:evaluate_and_bid:32 - 💤 No new jobs to evaluate right now.
2026-05-25 07:34:47.231 | INFO     | __main__:check_messages_and_reply:48 - 💬 [Auto-Pilot] Checking client messages and auto-replying...
2026-05-25 07:34:47.231 | INFO     | __main__:run_cycle:60 - ✅ Cycle Complete. Waiting for next cycle.
2026-05-25 07:42:53.532 | INFO     | __main__:run_cycle:56 - 🔄 Starting Auto-Pilot Cycle...
2026-05-25 07:42:53.532 | INFO     | __main__:scan_for_upwork_jobs:23 - 🔍 [Auto-Pilot] Scanning Upwork for high-paying AI jobs...
2026-05-25 07:42:53.940 | INFO     | __main__:scan_for_upwork_jobs:25 - 📊 Found 0 new jobs to evaluate.
2026-05-25 07:42:53.940 | INFO     | __main__:evaluate_and_bid:32 - 💤 No new jobs to evaluate right now.
2026-05-25 07:42:53.940 | INFO     | __main__:check_messages_and_reply:48 - 💬 [Auto-Pilot] Checking client messages and auto-replying...
2026-05-25 07:42:53.940 | INFO     | __main__:run_cycle:60 - ✅ Cycle Complete. Waiting for next cycle.
2026-05-25 07:44:47.598 | INFO     | __main__:run_cycle:56 - 🔄 Starting Auto-Pilot Cycle...
2026-05-25 07:44:47.598 | INFO     | __main__:scan_for_upwork_jobs:23 - 🔍 [Auto-Pilot] Scanning Upwork for high-paying AI jobs...
2026-05-25 07:44:48.015 | INFO     | __main__:scan_for_upwork_jobs:25 - 📊 Found 0 new jobs to evaluate.
2026-05-25 07:44:48.015 | INFO     | __main__:evaluate_and_bid:32 - 💤 No new jobs to evaluate right now.
2026-05-25 07:44:48.015 | INFO     | __main__:check_messages_and_reply:48 - 💬 [Auto-Pilot] Checking client messages and auto-replying...
2026-05-25 07:44:48.015 | INFO     | __main__:run_cycle:60 - ✅ Cycle Complete. Waiting for next cycle.
2026-05-25 07:52:54.426 | INFO     | __main__:run_cycle:56 - 🔄 Starting Auto-Pilot Cycle...
2026-05-25 07:52:54.427 | INFO     | __main__:scan_for_upwork_jobs:23 - 🔍 [Auto-Pilot] Scanning Upwork for high-paying AI jobs...
2026-05-25 07:52:54.795 | INFO     | __main__:scan_for_upwork_jobs:25 - 📊 Found 0 new jobs to evaluate.
2026-05-25 07:52:54.795 | INFO     | __main__:evaluate_and_bid:32 - 💤 No new jobs to evaluate right now.
2026-05-25 07:52:54.795 | INFO     | __main__:check_messages_and_reply:48 - 💬 [Auto-Pilot] Checking client messages and auto-replying...
2026-05-25 07:52:54.795 | INFO     | __main__:run_cycle:60 - ✅ Cycle Complete. Waiting for next cycle.
2026-05-25 07:53:22.975 | INFO     | __main__:__init__:17 - 🤖 Auto-Pilot System Initialized. AI is ready to take over.
2026-05-25 07:53:22.977 | SUCCESS  | __main__:start_24_7_operation:67 - 🚀 100% AUTO-PILOT MODE ACTIVATED. You can go sleep now!
2026-05-25 07:53:22.977 | INFO     | __main__:run_cycle:56 - 🔄 Starting Auto-Pilot Cycle...
2026-05-25 07:53:22.977 | INFO     | __main__:scan_for_upwork_jobs:23 - 🔍 [Auto-Pilot] Scanning Upwork for high-paying AI jobs...
2026-05-25 07:53:23.362 | INFO     | __main__:scan_for_upwork_jobs:25 - 📊 Found 0 new jobs to evaluate.
2026-05-25 07:53:23.362 | INFO     | __main__:evaluate_and_bid:32 - 💤 No new jobs to evaluate right now.
2026-05-25 07:53:23.362 | INFO     | __main__:check_messages_and_reply:48 - 💬 [Auto-Pilot] Checking client messages and auto-replying...
2026-05-25 07:53:23.362 | INFO     | __main__:run_cycle:60 - ✅ Cycle Complete. Waiting for next cycle.
2026-05-25 07:54:48.443 | INFO     | __main__:run_cycle:56 - 🔄 Starting Auto-Pilot Cycle...
2026-05-25 07:54:48.443 | INFO     | __main__:scan_for_upwork_jobs:23 - 🔍 [Auto-Pilot] Scanning Upwork for high-paying AI jobs...
2026-05-25 07:54:48.857 | INFO     | __main__:scan_for_upwork_jobs:25 - 📊 Found 0 new jobs to evaluate.
2026-05-25 07:54:48.859 | INFO     | __main__:evaluate_and_bid:32 - 💤 No new jobs to evaluate right now.
2026-05-25 07:54:48.859 | INFO     | __main__:check_messages_and_reply:48 - 💬 [Auto-Pilot] Checking client messages and auto-replying...
2026-05-25 07:54:48.859 | INFO     | __main__:run_cycle:60 - ✅ Cycle Complete. Waiting for next cycle.
2026-05-25 08:02:55.205 | INFO     | __main__:run_cycle:56 - 🔄 Starting Auto-Pilot Cycle...
2026-05-25 08:02:55.205 | INFO     | __main__:scan_for_upwork_jobs:23 - 🔍 [Auto-Pilot] Scanning Upwork for high-paying AI jobs...
2026-05-25 08:02:55.827 | INFO     | __main__:scan_for_upwork_jobs:25 - 📊 Found 0 new jobs to evaluate.
2026-05-25 08:02:55.827 | INFO     | __main__:evaluate_and_bid:32 - 💤 No new jobs to evaluate right now.
2026-05-25 08:02:55.827 | INFO     | __main__:check_messages_and_reply:48 - 💬 [Auto-Pilot] Checking client messages and auto-replying...
2026-05-25 08:02:55.827 | INFO     | __main__:run_cycle:60 - ✅ Cycle Complete. Waiting for next cycle.
2026-05-25 08:03:23.771 | INFO     | __main__:run_cycle:56 - 🔄 Starting Auto-Pilot Cycle...
2026-05-25 08:03:23.771 | INFO     | __main__:scan_for_upwork_jobs:23 - 🔍 [Auto-Pilot] Scanning Upwork for high-paying AI jobs...
2026-05-25 08:03:24.209 | INFO     | __main__:scan_for_upwork_jobs:25 - 📊 Found 0 new jobs to evaluate.
2026-05-25 08:03:24.211 | INFO     | __main__:evaluate_and_bid:32 - 💤 No new jobs to evaluate right now.
2026-05-25 08:03:24.211 | INFO     | __main__:check_messages_and_reply:48 - 💬 [Auto-Pilot] Checking client messages and auto-replying...
2026-05-25 08:03:24.212 | INFO     | __main__:run_cycle:60 - ✅ Cycle Complete. Waiting for next cycle.
2026-05-25 08:04:49.255 | INFO     | __main__:run_cycle:56 - 🔄 Starting Auto-Pilot Cycle...
2026-05-25 08:04:49.255 | INFO     | __main__:scan_for_upwork_jobs:23 - 🔍 [Auto-Pilot] Scanning Upwork for high-paying AI jobs...
2026-05-25 08:04:49.655 | INFO     | __main__:scan_for_upwork_jobs:25 - 📊 Found 0 new jobs to evaluate.
2026-05-25 08:04:49.655 | INFO     | __main__:evaluate_and_bid:32 - 💤 No new jobs to evaluate right now.
2026-05-25 08:04:49.658 | INFO     | __main__:check_messages_and_reply:48 - 💬 [Auto-Pilot] Checking client messages and auto-replying...
2026-05-25 08:04:49.658 | INFO     | __main__:run_cycle:60 - ✅ Cycle Complete. Waiting for next cycle.
2026-05-25 08:12:56.213 | INFO     | __main__:run_cycle:56 - 🔄 Starting Auto-Pilot Cycle...
2026-05-25 08:12:56.213 | INFO     | __main__:scan_for_upwork_jobs:23 - 🔍 [Auto-Pilot] Scanning Upwork for high-paying AI jobs...
2026-05-25 08:12:57.192 | INFO     | __main__:scan_for_upwork_jobs:25 - 📊 Found 0 new jobs to evaluate.
2026-05-25 08:12:57.192 | INFO     | __main__:evaluate_and_bid:32 - 💤 No new jobs to evaluate right now.
2026-05-25 08:12:57.192 | INFO     | __main__:check_messages_and_reply:48 - 💬 [Auto-Pilot] Checking client messages and auto-replying...
2026-05-25 08:12:57.192 | INFO     | __main__:run_cycle:60 - ✅ Cycle Complete. Waiting for next cycle.
2026-05-25 08:13:24.574 | INFO     | __main__:run_cycle:56 - 🔄 Starting Auto-Pilot Cycle...
2026-05-25 08:13:24.576 | INFO     | __main__:scan_for_upwork_jobs:23 - 🔍 [Auto-Pilot] Scanning Upwork for high-paying AI jobs...
2026-05-25 08:13:25.972 | INFO     | __main__:scan_for_upwork_jobs:25 - 📊 Found 0 new jobs to evaluate.
2026-05-25 08:13:25.973 | INFO     | __main__:evaluate_and_bid:32 - 💤 No new jobs to evaluate right now.
2026-05-25 08:13:25.973 | INFO     | __main__:check_messages_and_reply:48 - 💬 [Auto-Pilot] Checking client messages and auto-replying...
2026-05-25 08:13:25.973 | INFO     | __main__:run_cycle:60 - ✅ Cycle Complete. Waiting for next cycle.
2026-05-25 08:14:50.017 | INFO     | __main__:run_cycle:56 - 🔄 Starting Auto-Pilot Cycle...
2026-05-25 08:14:50.017 | INFO     | __main__:scan_for_upwork_jobs:23 - 🔍 [Auto-Pilot] Scanning Upwork for high-paying AI jobs...
2026-05-25 08:14:50.625 | INFO     | __main__:scan_for_upwork_jobs:25 - 📊 Found 0 new jobs to evaluate.
2026-05-25 08:14:50.626 | INFO     | __main__:evaluate_and_bid:32 - 💤 No new jobs to evaluate right now.
2026-05-25 08:14:50.626 | INFO     | __main__:check_messages_and_reply:48 - 💬 [Auto-Pilot] Checking client messages and auto-replying...
2026-05-25 08:14:50.626 | INFO     | __main__:run_cycle:60 - ✅ Cycle Complete. Waiting for next cycle.
2026-05-25 08:22:57.562 | INFO     | __main__:run_cycle:56 - 🔄 Starting Auto-Pilot Cycle...
2026-05-25 08:22:57.562 | INFO     | __main__:scan_for_upwork_jobs:23 - 🔍 [Auto-Pilot] Scanning Upwork for high-paying AI jobs...
2026-05-25 08:22:57.951 | INFO     | __main__:scan_for_upwork_jobs:25 - 📊 Found 0 new jobs to evaluate.
2026-05-25 08:22:57.954 | INFO     | __main__:evaluate_and_bid:32 - 💤 No new jobs to evaluate right now.
2026-05-25 08:22:57.954 | INFO     | __main__:check_messages_and_reply:48 - 💬 [Auto-Pilot] Checking client messages and auto-replying...
2026-05-25 08:22:57.955 | INFO     | __main__:run_cycle:60 - ✅ Cycle Complete. Waiting for next cycle.
2026-05-25 08:23:26.341 | INFO     | __main__:run_cycle:56 - 🔄 Starting Auto-Pilot Cycle...
2026-05-25 08:23:26.342 | INFO     | __main__:scan_for_upwork_jobs:23 - 🔍 [Auto-Pilot] Scanning Upwork for high-paying AI jobs...
2026-05-25 08:23:26.700 | INFO     | __main__:scan_for_upwork_jobs:25 - 📊 Found 0 new jobs to evaluate.
2026-05-25 08:23:26.700 | INFO     | __main__:evaluate_and_bid:32 - 💤 No new jobs to evaluate right now.
2026-05-25 08:23:26.702 | INFO     | __main__:check_messages_and_reply:48 - 💬 [Auto-Pilot] Checking client messages and auto-replying...
2026-05-25 08:23:26.703 | INFO     | __main__:run_cycle:60 - ✅ Cycle Complete. Waiting for next cycle.
2026-05-25 08:24:51.003 | INFO     | __main__:run_cycle:56 - 🔄 Starting Auto-Pilot Cycle...
2026-05-25 08:24:51.004 | INFO     | __main__:scan_for_upwork_jobs:23 - 🔍 [Auto-Pilot] Scanning Upwork for high-paying AI jobs...
2026-05-25 08:24:51.474 | INFO     | __main__:scan_for_upwork_jobs:25 - 📊 Found 0 new jobs to evaluate.
2026-05-25 08:24:51.475 | INFO     | __main__:evaluate_and_bid:32 - 💤 No new jobs to evaluate right now.
2026-05-25 08:24:51.475 | INFO     | __main__:check_messages_and_reply:48 - 💬 [Auto-Pilot] Checking client messages and auto-replying...
2026-05-25 08:24:51.475 | INFO     | __main__:run_cycle:60 - ✅ Cycle Complete. Waiting for next cycle.
2026-05-25 08:32:58.334 | INFO     | __main__:run_cycle:56 - 🔄 Starting Auto-Pilot Cycle...
2026-05-25 08:32:58.335 | INFO     | __main__:scan_for_upwork_jobs:23 - 🔍 [Auto-Pilot] Scanning Upwork for high-paying AI jobs...
2026-05-25 08:32:58.681 | INFO     | __main__:scan_for_upwork_jobs:25 - 📊 Found 0 new jobs to evaluate.
2026-05-25 08:32:58.681 | INFO     | __main__:evaluate_and_bid:32 - 💤 No new jobs to evaluate right now.
2026-05-25 08:32:58.682 | INFO     | __main__:check_messages_and_reply:48 - 💬 [Auto-Pilot] Checking client messages and auto-replying...
2026-05-25 08:32:58.682 | INFO     | __main__:run_cycle:60 - ✅ Cycle Complete. Waiting for next cycle.
2026-05-25 08:33:27.127 | INFO     | __main__:run_cycle:56 - 🔄 Starting Auto-Pilot Cycle...
2026-05-25 08:33:27.127 | INFO     | __main__:scan_for_upwork_jobs:23 - 🔍 [Auto-Pilot] Scanning Upwork for high-paying AI jobs...
2026-05-25 08:33:28.409 | INFO     | __main__:scan_for_upwork_jobs:25 - 📊 Found 0 new jobs to evaluate.
2026-05-25 08:33:28.412 | INFO     | __main__:evaluate_and_bid:32 - 💤 No new jobs to evaluate right now.
2026-05-25 08:33:28.412 | INFO     | __main__:check_messages_and_reply:48 - 💬 [Auto-Pilot] Checking client messages and auto-replying...
2026-05-25 08:33:28.412 | INFO     | __main__:run_cycle:60 - ✅ Cycle Complete. Waiting for next cycle.
2026-05-25 08:34:51.847 | INFO     | __main__:run_cycle:56 - 🔄 Starting Auto-Pilot Cycle...
2026-05-25 08:34:51.847 | INFO     | __main__:scan_for_upwork_jobs:23 - 🔍 [Auto-Pilot] Scanning Upwork for high-paying AI jobs...
2026-05-25 08:34:52.193 | INFO     | __main__:scan_for_upwork_jobs:25 - 📊 Found 0 new jobs to evaluate.
2026-05-25 08:34:52.194 | INFO     | __main__:evaluate_and_bid:32 - 💤 No new jobs to evaluate right now.
2026-05-25 08:34:52.194 | INFO     | __main__:check_messages_and_reply:48 - 💬 [Auto-Pilot] Checking client messages and auto-replying...
2026-05-25 08:34:52.195 | INFO     | __main__:run_cycle:60 - ✅ Cycle Complete. Waiting for next cycle.
2026-05-25 08:42:59.046 | INFO     | __main__:run_cycle:56 - 🔄 Starting Auto-Pilot Cycle...
2026-05-25 08:42:59.047 | INFO     | __main__:scan_for_upwork_jobs:23 - 🔍 [Auto-Pilot] Scanning Upwork for high-paying AI jobs...
2026-05-25 08:42:59.704 | INFO     | __main__:scan_for_upwork_jobs:25 - 📊 Found 0 new jobs to evaluate.
2026-05-25 08:42:59.704 | INFO     | __main__:evaluate_and_bid:32 - 💤 No new jobs to evaluate right now.
2026-05-25 08:42:59.704 | INFO     | __main__:check_messages_and_reply:48 - 💬 [Auto-Pilot] Checking client messages and auto-replying...
2026-05-25 08:42:59.704 | INFO     | __main__:run_cycle:60 - ✅ Cycle Complete. Waiting for next cycle.
2026-05-25 08:43:28.807 | INFO     | __main__:run_cycle:56 - 🔄 Starting Auto-Pilot Cycle...
2026-05-25 08:43:28.807 | INFO     | __main__:scan_for_upwork_jobs:23 - 🔍 [Auto-Pilot] Scanning Upwork for high-paying AI jobs...
2026-05-25 08:43:29.314 | INFO     | __main__:scan_for_upwork_jobs:25 - 📊 Found 0 new jobs to evaluate.
2026-05-25 08:43:29.315 | INFO     | __main__:evaluate_and_bid:32 - 💤 No new jobs to evaluate right now.
2026-05-25 08:43:29.315 | INFO     | __main__:check_messages_and_reply:48 - 💬 [Auto-Pilot] Checking client messages and auto-replying...
2026-05-25 08:43:29.316 | INFO     | __main__:run_cycle:60 - ✅ Cycle Complete. Waiting for next cycle.
2026-05-25 08:44:52.590 | INFO     | __main__:run_cycle:56 - 🔄 Starting Auto-Pilot Cycle...
2026-05-25 08:44:52.591 | INFO     | __main__:scan_for_upwork_jobs:23 - 🔍 [Auto-Pilot] Scanning Upwork for high-paying AI jobs...
2026-05-25 08:44:53.061 | INFO     | __main__:scan_for_upwork_jobs:25 - 📊 Found 0 new jobs to evaluate.
2026-05-25 08:44:53.062 | INFO     | __main__:evaluate_and_bid:32 - 💤 No new jobs to evaluate right now.
2026-05-25 08:44:53.062 | INFO     | __main__:check_messages_and_reply:48 - 💬 [Auto-Pilot] Checking client messages and auto-replying...
2026-05-25 08:44:53.062 | INFO     | __main__:run_cycle:60 - ✅ Cycle Complete. Waiting for next cycle.
2026-05-25 08:53:00.090 | INFO     | __main__:run_cycle:56 - 🔄 Starting Auto-Pilot Cycle...
2026-05-25 08:53:00.091 | INFO     | __main__:scan_for_upwork_jobs:23 - 🔍 [Auto-Pilot] Scanning Upwork for high-paying AI jobs...
2026-05-25 08:53:00.526 | INFO     | __main__:scan_for_upwork_jobs:25 - 📊 Found 0 new jobs to evaluate.
2026-05-25 08:53:00.526 | INFO     | __main__:evaluate_and_bid:32 - 💤 No new jobs to evaluate right now.
2026-05-25 08:53:00.528 | INFO     | __main__:check_messages_and_reply:48 - 💬 [Auto-Pilot] Checking client messages and auto-replying...
2026-05-25 08:53:00.528 | INFO     | __main__:run_cycle:60 - ✅ Cycle Complete. Waiting for next cycle.
2026-05-25 08:53:29.700 | INFO     | __main__:run_cycle:56 - 🔄 Starting Auto-Pilot Cycle...
2026-05-25 08:53:29.701 | INFO     | __main__:scan_for_upwork_jobs:23 - 🔍 [Auto-Pilot] Scanning Upwork for high-paying AI jobs...
2026-05-25 08:53:30.158 | INFO     | __main__:scan_for_upwork_jobs:25 - 📊 Found 0 new jobs to evaluate.
2026-05-25 08:53:30.158 | INFO     | __main__:evaluate_and_bid:32 - 💤 No new jobs to evaluate right now.
2026-05-25 08:53:30.161 | INFO     | __main__:check_messages_and_reply:48 - 💬 [Auto-Pilot] Checking client messages and auto-replying...
2026-05-25 08:53:30.161 | INFO     | __main__:run_cycle:60 - ✅ Cycle Complete. Waiting for next cycle.
2026-05-25 08:54:53.417 | INFO     | __main__:run_cycle:56 - 🔄 Starting Auto-Pilot Cycle...
2026-05-25 08:54:53.418 | INFO     | __main__:scan_for_upwork_jobs:23 - 🔍 [Auto-Pilot] Scanning Upwork for high-paying AI jobs...
2026-05-25 08:54:53.950 | INFO     | __main__:scan_for_upwork_jobs:25 - 📊 Found 0 new jobs to evaluate.
2026-05-25 08:54:53.950 | INFO     | __main__:evaluate_and_bid:32 - 💤 No new jobs to evaluate right now.
2026-05-25 08:54:53.950 | INFO     | __main__:check_messages_and_reply:48 - 💬 [Auto-Pilot] Checking client messages and auto-replying...
2026-05-25 08:54:53.952 | INFO     | __main__:run_cycle:60 - ✅ Cycle Complete. Waiting for next cycle.
2026-05-25 09:03:00.931 | INFO     | __main__:run_cycle:56 - 🔄 Starting Auto-Pilot Cycle...
2026-05-25 09:03:00.933 | INFO     | __main__:scan_for_upwork_jobs:23 - 🔍 [Auto-Pilot] Scanning Upwork for high-paying AI jobs...
2026-05-25 09:03:01.337 | INFO     | __main__:scan_for_upwork_jobs:25 - 📊 Found 0 new jobs to evaluate.
2026-05-25 09:03:01.339 | INFO     | __main__:evaluate_and_bid:32 - 💤 No new jobs to evaluate right now.
2026-05-25 09:03:01.340 | INFO     | __main__:check_messages_and_reply:48 - 💬 [Auto-Pilot] Checking client messages and auto-replying...
2026-05-25 09:03:01.340 | INFO     | __main__:run_cycle:60 - ✅ Cycle Complete. Waiting for next cycle.
2026-05-25 09:03:30.537 | INFO     | __main__:run_cycle:56 - 🔄 Starting Auto-Pilot Cycle...
2026-05-25 09:03:30.537 | INFO     | __main__:scan_for_upwork_jobs:23 - 🔍 [Auto-Pilot] Scanning Upwork for high-paying AI jobs...
2026-05-25 09:03:30.885 | INFO     | __main__:scan_for_upwork_jobs:25 - 📊 Found 0 new jobs to evaluate.
2026-05-25 09:03:30.886 | INFO     | __main__:evaluate_and_bid:32 - 💤 No new jobs to evaluate right now.
2026-05-25 09:03:30.886 | INFO     | __main__:check_messages_and_reply:48 - 💬 [Auto-Pilot] Checking client messages and auto-replying...
2026-05-25 09:03:30.886 | INFO     | __main__:run_cycle:60 - ✅ Cycle Complete. Waiting for next cycle.
2026-05-25 09:04:54.359 | INFO     | __main__:run_cycle:56 - 🔄 Starting Auto-Pilot Cycle...
2026-05-25 09:04:54.359 | INFO     | __main__:scan_for_upwork_jobs:23 - 🔍 [Auto-Pilot] Scanning Upwork for high-paying AI jobs...
2026-05-25 09:04:54.684 | INFO     | __main__:scan_for_upwork_jobs:25 - 📊 Found 0 new jobs to evaluate.
2026-05-25 09:04:54.686 | INFO     | __main__:evaluate_and_bid:32 - 💤 No new jobs to evaluate right now.
2026-05-25 09:04:54.686 | INFO     | __main__:check_messages_and_reply:48 - 💬 [Auto-Pilot] Checking client messages and auto-replying...
2026-05-25 09:04:54.686 | INFO     | __main__:run_cycle:60 - ✅ Cycle Complete. Waiting for next cycle.
2026-05-25 09:09:07.447 | INFO     | __main__:__init__:17 - 🤖 Auto-Pilot System Initialized. AI is ready to take over.
2026-05-25 09:09:07.447 | SUCCESS  | __main__:start_24_7_operation:67 - 🚀 100% AUTO-PILOT MODE ACTIVATED. You can go sleep now!
2026-05-25 09:09:07.447 | INFO     | __main__:run_cycle:56 - 🔄 Starting Auto-Pilot Cycle...
2026-05-25 09:09:07.447 | INFO     | __main__:scan_for_upwork_jobs:23 - 🔍 [Auto-Pilot] Scanning Upwork for high-paying AI jobs...
2026-05-25 09:09:08.915 | INFO     | __main__:scan_for_upwork_jobs:25 - 📊 Found 0 new jobs to evaluate.
2026-05-25 09:09:08.915 | INFO     | __main__:evaluate_and_bid:32 - 💤 No new jobs to evaluate right now.
2026-05-25 09:09:08.915 | INFO     | __main__:check_messages_and_reply:48 - 💬 [Auto-Pilot] Checking client messages and auto-replying...
2026-05-25 09:09:08.915 | INFO     | __main__:run_cycle:60 - ✅ Cycle Complete. Waiting for next cycle.
2026-05-25 09:13:01.762 | INFO     | __main__:run_cycle:56 - 🔄 Starting Auto-Pilot Cycle...
2026-05-25 09:13:01.764 | INFO     | __main__:scan_for_upwork_jobs:23 - 🔍 [Auto-Pilot] Scanning Upwork for high-paying AI jobs...
2026-05-25 09:13:02.119 | INFO     | __main__:scan_for_upwork_jobs:25 - 📊 Found 0 new jobs to evaluate.
2026-05-25 09:13:02.119 | INFO     | __main__:evaluate_and_bid:32 - 💤 No new jobs to evaluate right now.
2026-05-25 09:13:02.121 | INFO     | __main__:check_messages_and_reply:48 - 💬 [Auto-Pilot] Checking client messages and auto-replying...
2026-05-25 09:13:02.121 | INFO     | __main__:run_cycle:60 - ✅ Cycle Complete. Waiting for next cycle.
2026-05-25 09:13:31.333 | INFO     | __main__:run_cycle:56 - 🔄 Starting Auto-Pilot Cycle...
2026-05-25 09:13:31.382 | INFO     | __main__:scan_for_upwork_jobs:23 - 🔍 [Auto-Pilot] Scanning Upwork for high-paying AI jobs...
2026-05-25 09:13:33.049 | INFO     | __main__:scan_for_upwork_jobs:25 - 📊 Found 0 new jobs to evaluate.
2026-05-25 09:13:33.049 | INFO     | __main__:evaluate_and_bid:32 - 💤 No new jobs to evaluate right now.
2026-05-25 09:13:33.050 | INFO     | __main__:check_messages_and_reply:48 - 💬 [Auto-Pilot] Checking client messages and auto-replying...
2026-05-25 09:13:33.050 | INFO     | __main__:run_cycle:60 - ✅ Cycle Complete. Waiting for next cycle.
2026-05-25 09:14:55.106 | INFO     | __main__:run_cycle:56 - 🔄 Starting Auto-Pilot Cycle...
2026-05-25 09:14:55.106 | INFO     | __main__:scan_for_upwork_jobs:23 - 🔍 [Auto-Pilot] Scanning Upwork for high-paying AI jobs...
2026-05-25 09:14:55.592 | INFO     | __main__:scan_for_upwork_jobs:25 - 📊 Found 0 new jobs to evaluate.
2026-05-25 09:14:55.592 | INFO     | __main__:evaluate_and_bid:32 - 💤 No new jobs to evaluate right now.
2026-05-25 09:14:55.592 | INFO     | __main__:check_messages_and_reply:48 - 💬 [Auto-Pilot] Checking client messages and auto-replying...
2026-05-25 09:14:55.592 | INFO     | __main__:run_cycle:60 - ✅ Cycle Complete. Waiting for next cycle.
2026-05-25 09:19:08.294 | INFO     | __main__:run_cycle:56 - 🔄 Starting Auto-Pilot Cycle...
2026-05-25 09:19:08.294 | INFO     | __main__:scan_for_upwork_jobs:23 - 🔍 [Auto-Pilot] Scanning Upwork for high-paying AI jobs...
2026-05-25 09:19:08.644 | INFO     | __main__:scan_for_upwork_jobs:25 - 📊 Found 0 new jobs to evaluate.
2026-05-25 09:19:08.644 | INFO     | __main__:evaluate_and_bid:32 - 💤 No new jobs to evaluate right now.
2026-05-25 09:19:08.648 | INFO     | __main__:check_messages_and_reply:48 - 💬 [Auto-Pilot] Checking client messages and auto-replying...
2026-05-25 09:19:08.648 | INFO     | __main__:run_cycle:60 - ✅ Cycle Complete. Waiting for next cycle.
2026-05-25 09:23:02.549 | INFO     | __main__:run_cycle:56 - 🔄 Starting Auto-Pilot Cycle...
2026-05-25 09:23:02.550 | INFO     | __main__:scan_for_upwork_jobs:23 - 🔍 [Auto-Pilot] Scanning Upwork for high-paying AI jobs...
2026-05-25 09:23:02.974 | INFO     | __main__:scan_for_upwork_jobs:25 - 📊 Found 0 new jobs to evaluate.
2026-05-25 09:23:02.974 | INFO     | __main__:evaluate_and_bid:32 - 💤 No new jobs to evaluate right now.
2026-05-25 09:23:02.974 | INFO     | __main__:check_messages_and_reply:48 - 💬 [Auto-Pilot] Checking client messages and auto-replying...
2026-05-25 09:23:02.979 | INFO     | __main__:run_cycle:60 - ✅ Cycle Complete. Waiting for next cycle.
2026-05-25 09:23:33.436 | INFO     | __main__:run_cycle:56 - 🔄 Starting Auto-Pilot Cycle...
2026-05-25 09:23:33.436 | INFO     | __main__:scan_for_upwork_jobs:23 - 🔍 [Auto-Pilot] Scanning Upwork for high-paying AI jobs...
2026-05-25 09:23:33.940 | INFO     | __main__:scan_for_upwork_jobs:25 - 📊 Found 0 new jobs to evaluate.
2026-05-25 09:23:33.940 | INFO     | __main__:evaluate_and_bid:32 - 💤 No new jobs to evaluate right now.
2026-05-25 09:23:33.943 | INFO     | __main__:check_messages_and_reply:48 - 💬 [Auto-Pilot] Checking client messages and auto-replying...
2026-05-25 09:23:33.943 | INFO     | __main__:run_cycle:60 - ✅ Cycle Complete. Waiting for next cycle.
2026-05-25 09:24:55.955 | INFO     | __main__:run_cycle:56 - 🔄 Starting Auto-Pilot Cycle...
2026-05-25 09:24:55.955 | INFO     | __main__:scan_for_upwork_jobs:23 - 🔍 [Auto-Pilot] Scanning Upwork for high-paying AI jobs...
2026-05-25 09:24:56.631 | INFO     | __main__:scan_for_upwork_jobs:25 - 📊 Found 0 new jobs to evaluate.
2026-05-25 09:24:56.631 | INFO     | __main__:evaluate_and_bid:32 - 💤 No new jobs to evaluate right now.
2026-05-25 09:24:56.631 | INFO     | __main__:check_messages_and_reply:48 - 💬 [Auto-Pilot] Checking client messages and auto-replying...
2026-05-25 09:24:56.631 | INFO     | __main__:run_cycle:60 - ✅ Cycle Complete. Waiting for next cycle.
2026-05-25 09:29:09.041 | INFO     | __main__:run_cycle:56 - 🔄 Starting Auto-Pilot Cycle...
2026-05-25 09:29:09.041 | INFO     | __main__:scan_for_upwork_jobs:23 - 🔍 [Auto-Pilot] Scanning Upwork for high-paying AI jobs...
2026-05-25 09:29:09.508 | INFO     | __main__:scan_for_upwork_jobs:25 - 📊 Found 0 new jobs to evaluate.
2026-05-25 09:29:09.508 | INFO     | __main__:evaluate_and_bid:32 - 💤 No new jobs to evaluate right now.
2026-05-25 09:29:09.509 | INFO     | __main__:check_messages_and_reply:48 - 💬 [Auto-Pilot] Checking client messages and auto-replying...
2026-05-25 09:29:09.509 | INFO     | __main__:run_cycle:60 - ✅ Cycle Complete. Waiting for next cycle.
2026-05-25 09:33:03.359 | INFO     | __main__:run_cycle:56 - 🔄 Starting Auto-Pilot Cycle...
2026-05-25 09:33:03.359 | INFO     | __main__:scan_for_upwork_jobs:23 - 🔍 [Auto-Pilot] Scanning Upwork for high-paying AI jobs...
2026-05-25 09:33:03.800 | INFO     | __main__:scan_for_upwork_jobs:25 - 📊 Found 0 new jobs to evaluate.
2026-05-25 09:33:03.800 | INFO     | __main__:evaluate_and_bid:32 - 💤 No new jobs to evaluate right now.
2026-05-25 09:33:03.800 | INFO     | __main__:check_messages_and_reply:48 - 💬 [Auto-Pilot] Checking client messages and auto-replying...
2026-05-25 09:33:03.800 | INFO     | __main__:run_cycle:60 - ✅ Cycle Complete. Waiting for next cycle.
2026-05-25 09:33:34.322 | INFO     | __main__:run_cycle:56 - 🔄 Starting Auto-Pilot Cycle...
2026-05-25 09:33:34.322 | INFO     | __main__:scan_for_upwork_jobs:23 - 🔍 [Auto-Pilot] Scanning Upwork for high-paying AI jobs...
2026-05-25 09:33:34.762 | INFO     | __main__:scan_for_upwork_jobs:25 - 📊 Found 0 new jobs to evaluate.
2026-05-25 09:33:34.762 | INFO     | __main__:evaluate_and_bid:32 - 💤 No new jobs to evaluate right now.
2026-05-25 09:33:34.763 | INFO     | __main__:check_messages_and_reply:48 - 💬 [Auto-Pilot] Checking client messages and auto-replying...
2026-05-25 09:33:34.763 | INFO     | __main__:run_cycle:60 - ✅ Cycle Complete. Waiting for next cycle.
2026-05-25 09:34:56.998 | INFO     | __main__:run_cycle:56 - 🔄 Starting Auto-Pilot Cycle...
2026-05-25 09:34:56.998 | INFO     | __main__:scan_for_upwork_jobs:23 - 🔍 [Auto-Pilot] Scanning Upwork for high-paying AI jobs...
2026-05-25 09:34:57.620 | INFO     | __main__:scan_for_upwork_jobs:25 - 📊 Found 0 new jobs to evaluate.
2026-05-25 09:34:57.621 | INFO     | __main__:evaluate_and_bid:32 - 💤 No new jobs to evaluate right now.
2026-05-25 09:34:57.621 | INFO     | __main__:check_messages_and_reply:48 - 💬 [Auto-Pilot] Checking client messages and auto-replying...
2026-05-25 09:34:57.621 | INFO     | __main__:run_cycle:60 - ✅ Cycle Complete. Waiting for next cycle.
2026-05-25 09:39:09.875 | INFO     | __main__:run_cycle:56 - 🔄 Starting Auto-Pilot Cycle...
2026-05-25 09:39:09.876 | INFO     | __main__:scan_for_upwork_jobs:23 - 🔍 [Auto-Pilot] Scanning Upwork for high-paying AI jobs...
2026-05-25 09:39:10.450 | INFO     | __main__:scan_for_upwork_jobs:25 - 📊 Found 0 new jobs to evaluate.
2026-05-25 09:39:10.454 | INFO     | __main__:evaluate_and_bid:32 - 💤 No new jobs to evaluate right now.
2026-05-25 09:39:10.454 | INFO     | __main__:check_messages_and_reply:48 - 💬 [Auto-Pilot] Checking client messages and auto-replying...
2026-05-25 09:39:10.455 | INFO     | __main__:run_cycle:60 - ✅ Cycle Complete. Waiting for next cycle.
2026-05-25 09:43:04.181 | INFO     | __main__:run_cycle:56 - 🔄 Starting Auto-Pilot Cycle...
2026-05-25 09:43:04.182 | INFO     | __main__:scan_for_upwork_jobs:23 - 🔍 [Auto-Pilot] Scanning Upwork for high-paying AI jobs...
2026-05-25 09:43:04.719 | INFO     | __main__:scan_for_upwork_jobs:25 - 📊 Found 0 new jobs to evaluate.
2026-05-25 09:43:04.719 | INFO     | __main__:evaluate_and_bid:32 - 💤 No new jobs to evaluate right now.
2026-05-25 09:43:04.719 | INFO     | __main__:check_messages_and_reply:48 - 💬 [Auto-Pilot] Checking client messages and auto-replying...
2026-05-25 09:43:04.719 | INFO     | __main__:run_cycle:60 - ✅ Cycle Complete. Waiting for next cycle.
2026-05-25 09:43:35.131 | INFO     | __main__:run_cycle:56 - 🔄 Starting Auto-Pilot Cycle...
2026-05-25 09:43:35.131 | INFO     | __main__:scan_for_upwork_jobs:23 - 🔍 [Auto-Pilot] Scanning Upwork for high-paying AI jobs...
2026-05-25 09:43:35.565 | INFO     | __main__:scan_for_upwork_jobs:25 - 📊 Found 0 new jobs to evaluate.
2026-05-25 09:43:35.565 | INFO     | __main__:evaluate_and_bid:32 - 💤 No new jobs to evaluate right now.
2026-05-25 09:43:35.565 | INFO     | __main__:check_messages_and_reply:48 - 💬 [Auto-Pilot] Checking client messages and auto-replying...
2026-05-25 09:43:35.565 | INFO     | __main__:run_cycle:60 - ✅ Cycle Complete. Waiting for next cycle.
2026-05-25 09:44:57.993 | INFO     | __main__:run_cycle:56 - 🔄 Starting Auto-Pilot Cycle...
2026-05-25 09:44:57.995 | INFO     | __main__:scan_for_upwork_jobs:23 - 🔍 [Auto-Pilot] Scanning Upwork for high-paying AI jobs...
2026-05-25 09:44:58.394 | INFO     | __main__:scan_for_upwork_jobs:25 - 📊 Found 0 new jobs to evaluate.
2026-05-25 09:44:58.394 | INFO     | __main__:evaluate_and_bid:32 - 💤 No new jobs to evaluate right now.
2026-05-25 09:44:58.394 | INFO     | __main__:check_messages_and_reply:48 - 💬 [Auto-Pilot] Checking client messages and auto-replying...
2026-05-25 09:44:58.394 | INFO     | __main__:run_cycle:60 - ✅ Cycle Complete. Waiting for next cycle.
2026-05-25 09:49:10.826 | INFO     | __main__:run_cycle:56 - 🔄 Starting Auto-Pilot Cycle...
2026-05-25 09:49:10.827 | INFO     | __main__:scan_for_upwork_jobs:23 - 🔍 [Auto-Pilot] Scanning Upwork for high-paying AI jobs...
2026-05-25 09:49:11.302 | INFO     | __main__:scan_for_upwork_jobs:25 - 📊 Found 0 new jobs to evaluate.
2026-05-25 09:49:11.303 | INFO     | __main__:evaluate_and_bid:32 - 💤 No new jobs to evaluate right now.
2026-05-25 09:49:11.304 | INFO     | __main__:check_messages_and_reply:48 - 💬 [Auto-Pilot] Checking client messages and auto-replying...
2026-05-25 09:49:11.305 | INFO     | __main__:run_cycle:60 - ✅ Cycle Complete. Waiting for next cycle.
2026-05-25 09:53:05.085 | INFO     | __main__:run_cycle:56 - 🔄 Starting Auto-Pilot Cycle...
2026-05-25 09:53:05.086 | INFO     | __main__:scan_for_upwork_jobs:23 - 🔍 [Auto-Pilot] Scanning Upwork for high-paying AI jobs...
2026-05-25 09:53:05.517 | INFO     | __main__:scan_for_upwork_jobs:25 - 📊 Found 0 new jobs to evaluate.
2026-05-25 09:53:05.517 | INFO     | __main__:evaluate_and_bid:32 - 💤 No new jobs to evaluate right now.
2026-05-25 09:53:05.518 | INFO     | __main__:check_messages_and_reply:48 - 💬 [Auto-Pilot] Checking client messages and auto-replying...
2026-05-25 09:53:05.518 | INFO     | __main__:run_cycle:60 - ✅ Cycle Complete. Waiting for next cycle.
2026-05-25 09:53:35.920 | INFO     | __main__:run_cycle:56 - 🔄 Starting Auto-Pilot Cycle...
2026-05-25 09:53:35.920 | INFO     | __main__:scan_for_upwork_jobs:23 - 🔍 [Auto-Pilot] Scanning Upwork for high-paying AI jobs...
2026-05-25 09:53:36.377 | INFO     | __main__:scan_for_upwork_jobs:25 - 📊 Found 0 new jobs to evaluate.
2026-05-25 09:53:36.378 | INFO     | __main__:evaluate_and_bid:32 - 💤 No new jobs to evaluate right now.
2026-05-25 09:53:36.378 | INFO     | __main__:check_messages_and_reply:48 - 💬 [Auto-Pilot] Checking client messages and auto-replying...
2026-05-25 09:53:36.378 | INFO     | __main__:run_cycle:60 - ✅ Cycle Complete. Waiting for next cycle.
2026-05-25 09:54:58.760 | INFO     | __main__:run_cycle:56 - 🔄 Starting Auto-Pilot Cycle...
2026-05-25 09:54:58.760 | INFO     | __main__:scan_for_upwork_jobs:23 - 🔍 [Auto-Pilot] Scanning Upwork for high-paying AI jobs...
2026-05-25 09:54:59.190 | INFO     | __main__:scan_for_upwork_jobs:25 - 📊 Found 0 new jobs to evaluate.
2026-05-25 09:54:59.190 | INFO     | __main__:evaluate_and_bid:32 - 💤 No new jobs to evaluate right now.
2026-05-25 09:54:59.190 | INFO     | __main__:check_messages_and_reply:48 - 💬 [Auto-Pilot] Checking client messages and auto-replying...
2026-05-25 09:54:59.190 | INFO     | __main__:run_cycle:60 - ✅ Cycle Complete. Waiting for next cycle.
2026-05-25 09:59:11.673 | INFO     | __main__:run_cycle:56 - 🔄 Starting Auto-Pilot Cycle...
2026-05-25 09:59:11.674 | INFO     | __main__:scan_for_upwork_jobs:23 - 🔍 [Auto-Pilot] Scanning Upwork for high-paying AI jobs...
2026-05-25 09:59:12.127 | INFO     | __main__:scan_for_upwork_jobs:25 - 📊 Found 0 new jobs to evaluate.
2026-05-25 09:59:12.127 | INFO     | __main__:evaluate_and_bid:32 - 💤 No new jobs to evaluate right now.
2026-05-25 09:59:12.130 | INFO     | __main__:check_messages_and_reply:48 - 💬 [Auto-Pilot] Checking client messages and auto-replying...
2026-05-25 09:59:12.131 | INFO     | __main__:run_cycle:60 - ✅ Cycle Complete. Waiting for next cycle.
2026-05-25 10:03:05.888 | INFO     | __main__:run_cycle:56 - 🔄 Starting Auto-Pilot Cycle...
2026-05-25 10:03:05.889 | INFO     | __main__:scan_for_upwork_jobs:23 - 🔍 [Auto-Pilot] Scanning Upwork for high-paying AI jobs...
2026-05-25 10:03:06.332 | INFO     | __main__:scan_for_upwork_jobs:25 - 📊 Found 0 new jobs to evaluate.
2026-05-25 10:03:06.332 | INFO     | __main__:evaluate_and_bid:32 - 💤 No new jobs to evaluate right now.
2026-05-25 10:03:06.335 | INFO     | __main__:check_messages_and_reply:48 - 💬 [Auto-Pilot] Checking client messages and auto-replying...
2026-05-25 10:03:06.335 | INFO     | __main__:run_cycle:60 - ✅ Cycle Complete. Waiting for next cycle.
2026-05-25 10:03:36.741 | INFO     | __main__:run_cycle:56 - 🔄 Starting Auto-Pilot Cycle...
2026-05-25 10:03:36.741 | INFO     | __main__:scan_for_upwork_jobs:23 - 🔍 [Auto-Pilot] Scanning Upwork for high-paying AI jobs...
2026-05-25 10:03:37.262 | INFO     | __main__:scan_for_upwork_jobs:25 - 📊 Found 0 new jobs to evaluate.
2026-05-25 10:03:37.262 | INFO     | __main__:evaluate_and_bid:32 - 💤 No new jobs to evaluate right now.
2026-05-25 10:03:37.262 | INFO     | __main__:check_messages_and_reply:48 - 💬 [Auto-Pilot] Checking client messages and auto-replying...
2026-05-25 10:03:37.265 | INFO     | __main__:run_cycle:60 - ✅ Cycle Complete. Waiting for next cycle.
2026-05-25 10:04:59.558 | INFO     | __main__:run_cycle:56 - 🔄 Starting Auto-Pilot Cycle...
2026-05-25 10:04:59.559 | INFO     | __main__:scan_for_upwork_jobs:23 - 🔍 [Auto-Pilot] Scanning Upwork for high-paying AI jobs...
2026-05-25 10:05:00.020 | INFO     | __main__:scan_for_upwork_jobs:25 - 📊 Found 0 new jobs to evaluate.
2026-05-25 10:05:00.020 | INFO     | __main__:evaluate_and_bid:32 - 💤 No new jobs to evaluate right now.
2026-05-25 10:05:00.021 | INFO     | __main__:check_messages_and_reply:48 - 💬 [Auto-Pilot] Checking client messages and auto-replying...
2026-05-25 10:05:00.021 | INFO     | __main__:run_cycle:60 - ✅ Cycle Complete. Waiting for next cycle.
2026-05-25 10:09:12.499 | INFO     | __main__:run_cycle:56 - 🔄 Starting Auto-Pilot Cycle...
2026-05-25 10:09:12.499 | INFO     | __main__:scan_for_upwork_jobs:23 - 🔍 [Auto-Pilot] Scanning Upwork for high-paying AI jobs...
2026-05-25 10:09:12.912 | INFO     | __main__:scan_for_upwork_jobs:25 - 📊 Found 0 new jobs to evaluate.
2026-05-25 10:09:12.912 | INFO     | __main__:evaluate_and_bid:32 - 💤 No new jobs to evaluate right now.
2026-05-25 10:09:12.912 | INFO     | __main__:check_messages_and_reply:48 - 💬 [Auto-Pilot] Checking client messages and auto-replying...
2026-05-25 10:09:12.914 | INFO     | __main__:run_cycle:60 - ✅ Cycle Complete. Waiting for next cycle.
2026-05-25 10:13:06.703 | INFO     | __main__:run_cycle:56 - 🔄 Starting Auto-Pilot Cycle...
2026-05-25 10:13:06.704 | INFO     | __main__:scan_for_upwork_jobs:23 - 🔍 [Auto-Pilot] Scanning Upwork for high-paying AI jobs...
2026-05-25 10:13:07.114 | INFO     | __main__:scan_for_upwork_jobs:25 - 📊 Found 0 new jobs to evaluate.
2026-05-25 10:13:07.115 | INFO     | __main__:evaluate_and_bid:32 - 💤 No new jobs to evaluate right now.
2026-05-25 10:13:07.115 | INFO     | __main__:check_messages_and_reply:48 - 💬 [Auto-Pilot] Checking client messages and auto-replying...
2026-05-25 10:13:07.115 | INFO     | __main__:run_cycle:60 - ✅ Cycle Complete. Waiting for next cycle.
2026-05-25 10:13:37.623 | INFO     | __main__:run_cycle:56 - 🔄 Starting Auto-Pilot Cycle...
2026-05-25 10:13:37.623 | INFO     | __main__:scan_for_upwork_jobs:23 - 🔍 [Auto-Pilot] Scanning Upwork for high-paying AI jobs...
2026-05-25 10:13:38.071 | INFO     | __main__:scan_for_upwork_jobs:25 - 📊 Found 0 new jobs to evaluate.
2026-05-25 10:13:38.071 | INFO     | __main__:evaluate_and_bid:32 - 💤 No new jobs to evaluate right now.
2026-05-25 10:13:38.071 | INFO     | __main__:check_messages_and_reply:48 - 💬 [Auto-Pilot] Checking client messages and auto-replying...
2026-05-25 10:13:38.071 | INFO     | __main__:run_cycle:60 - ✅ Cycle Complete. Waiting for next cycle.
2026-05-25 10:15:00.383 | INFO     | __main__:run_cycle:56 - 🔄 Starting Auto-Pilot Cycle...
2026-05-25 10:15:00.383 | INFO     | __main__:scan_for_upwork_jobs:23 - 🔍 [Auto-Pilot] Scanning Upwork for high-paying AI jobs...
2026-05-25 10:15:00.877 | INFO     | __main__:scan_for_upwork_jobs:25 - 📊 Found 0 new jobs to evaluate.
2026-05-25 10:15:00.878 | INFO     | __main__:evaluate_and_bid:32 - 💤 No new jobs to evaluate right now.
2026-05-25 10:15:00.878 | INFO     | __main__:check_messages_and_reply:48 - 💬 [Auto-Pilot] Checking client messages and auto-replying...
2026-05-25 10:15:00.879 | INFO     | __main__:run_cycle:60 - ✅ Cycle Complete. Waiting for next cycle.
2026-05-25 10:19:13.284 | INFO     | __main__:run_cycle:56 - 🔄 Starting Auto-Pilot Cycle...
2026-05-25 10:19:13.284 | INFO     | __main__:scan_for_upwork_jobs:23 - 🔍 [Auto-Pilot] Scanning Upwork for high-paying AI jobs...
2026-05-25 10:19:14.753 | INFO     | __main__:scan_for_upwork_jobs:25 - 📊 Found 0 new jobs to evaluate.
2026-05-25 10:19:14.753 | INFO     | __main__:evaluate_and_bid:32 - 💤 No new jobs to evaluate right now.
2026-05-25 10:19:14.755 | INFO     | __main__:check_messages_and_reply:48 - 💬 [Auto-Pilot] Checking client messages and auto-replying...
2026-05-25 10:19:14.755 | INFO     | __main__:run_cycle:60 - ✅ Cycle Complete. Waiting for next cycle.
2026-05-25 10:23:07.489 | INFO     | __main__:run_cycle:56 - 🔄 Starting Auto-Pilot Cycle...
2026-05-25 10:23:07.489 | INFO     | __main__:scan_for_upwork_jobs:23 - 🔍 [Auto-Pilot] Scanning Upwork for high-paying AI jobs...
2026-05-25 10:23:10.203 | INFO     | __main__:scan_for_upwork_jobs:25 - 📊 Found 0 new jobs to evaluate.
2026-05-25 10:23:10.203 | INFO     | __main__:evaluate_and_bid:32 - 💤 No new jobs to evaluate right now.
2026-05-25 10:23:10.204 | INFO     | __main__:check_messages_and_reply:48 - 💬 [Auto-Pilot] Checking client messages and auto-replying...
2026-05-25 10:23:10.204 | INFO     | __main__:run_cycle:60 - ✅ Cycle Complete. Waiting for next cycle.
2026-05-25 10:23:38.450 | INFO     | __main__:run_cycle:56 - 🔄 Starting Auto-Pilot Cycle...
2026-05-25 10:23:38.451 | INFO     | __main__:scan_for_upwork_jobs:23 - 🔍 [Auto-Pilot] Scanning Upwork for high-paying AI jobs...
2026-05-25 10:23:39.653 | INFO     | __main__:scan_for_upwork_jobs:25 - 📊 Found 0 new jobs to evaluate.
2026-05-25 10:23:39.655 | INFO     | __main__:evaluate_and_bid:32 - 💤 No new jobs to evaluate right now.
2026-05-25 10:23:39.655 | INFO     | __main__:check_messages_and_reply:48 - 💬 [Auto-Pilot] Checking client messages and auto-replying...
2026-05-25 10:23:39.656 | INFO     | __main__:run_cycle:60 - ✅ Cycle Complete. Waiting for next cycle.
2026-05-25 10:25:01.248 | INFO     | __main__:run_cycle:56 - 🔄 Starting Auto-Pilot Cycle...
2026-05-25 10:25:01.248 | INFO     | __main__:scan_for_upwork_jobs:23 - 🔍 [Auto-Pilot] Scanning Upwork for high-paying AI jobs...
2026-05-25 10:25:02.082 | INFO     | __main__:scan_for_upwork_jobs:25 - 📊 Found 0 new jobs to evaluate.
2026-05-25 10:25:02.084 | INFO     | __main__:evaluate_and_bid:32 - 💤 No new jobs to evaluate right now.
2026-05-25 10:25:02.084 | INFO     | __main__:check_messages_and_reply:48 - 💬 [Auto-Pilot] Checking client messages and auto-replying...
2026-05-25 10:25:02.084 | INFO     | __main__:run_cycle:60 - ✅ Cycle Complete. Waiting for next cycle.
2026-05-25 10:29:15.130 | INFO     | __main__:run_cycle:56 - 🔄 Starting Auto-Pilot Cycle...
2026-05-25 10:29:15.130 | INFO     | __main__:scan_for_upwork_jobs:23 - 🔍 [Auto-Pilot] Scanning Upwork for high-paying AI jobs...
2026-05-25 10:29:17.341 | INFO     | __main__:scan_for_upwork_jobs:25 - 📊 Found 0 new jobs to evaluate.
2026-05-25 10:29:17.341 | INFO     | __main__:evaluate_and_bid:32 - 💤 No new jobs to evaluate right now.
2026-05-25 10:29:17.341 | INFO     | __main__:check_messages_and_reply:48 - 💬 [Auto-Pilot] Checking client messages and auto-replying...
2026-05-25 10:29:17.341 | INFO     | __main__:run_cycle:60 - ✅ Cycle Complete. Waiting for next cycle.
2026-05-25 10:33:10.580 | INFO     | __main__:run_cycle:56 - 🔄 Starting Auto-Pilot Cycle...
2026-05-25 10:33:10.580 | INFO     | __main__:scan_for_upwork_jobs:23 - 🔍 [Auto-Pilot] Scanning Upwork for high-paying AI jobs...
2026-05-25 10:33:11.140 | INFO     | __main__:scan_for_upwork_jobs:25 - 📊 Found 0 new jobs to evaluate.
2026-05-25 10:33:11.143 | INFO     | __main__:evaluate_and_bid:32 - 💤 No new jobs to evaluate right now.
2026-05-25 10:33:11.143 | INFO     | __main__:check_messages_and_reply:48 - 💬 [Auto-Pilot] Checking client messages and auto-replying...
2026-05-25 10:33:11.143 | INFO     | __main__:run_cycle:60 - ✅ Cycle Complete. Waiting for next cycle.
2026-05-25 10:33:40.023 | INFO     | __main__:run_cycle:56 - 🔄 Starting Auto-Pilot Cycle...
2026-05-25 10:33:40.023 | INFO     | __main__:scan_for_upwork_jobs:23 - 🔍 [Auto-Pilot] Scanning Upwork for high-paying AI jobs...
2026-05-25 10:33:42.763 | INFO     | __main__:scan_for_upwork_jobs:25 - 📊 Found 0 new jobs to evaluate.
2026-05-25 10:33:42.764 | INFO     | __main__:evaluate_and_bid:32 - 💤 No new jobs to evaluate right now.
2026-05-25 10:33:42.765 | INFO     | __main__:check_messages_and_reply:48 - 💬 [Auto-Pilot] Checking client messages and auto-replying...
2026-05-25 10:33:42.765 | INFO     | __main__:run_cycle:60 - ✅ Cycle Complete. Waiting for next cycle.
2026-05-25 10:35:02.456 | INFO     | __main__:run_cycle:56 - 🔄 Starting Auto-Pilot Cycle...
2026-05-25 10:35:02.457 | INFO     | __main__:scan_for_upwork_jobs:23 - 🔍 [Auto-Pilot] Scanning Upwork for high-paying AI jobs...
2026-05-25 10:35:06.203 | INFO     | __main__:scan_for_upwork_jobs:25 - 📊 Found 0 new jobs to evaluate.
2026-05-25 10:35:06.203 | INFO     | __main__:evaluate_and_bid:32 - 💤 No new jobs to evaluate right now.
2026-05-25 10:35:06.205 | INFO     | __main__:check_messages_and_reply:48 - 💬 [Auto-Pilot] Checking client messages and auto-replying...
2026-05-25 10:35:06.205 | INFO     | __main__:run_cycle:60 - ✅ Cycle Complete. Waiting for next cycle.
2026-05-25 10:39:17.713 | INFO     | __main__:run_cycle:56 - 🔄 Starting Auto-Pilot Cycle...
2026-05-25 10:39:17.713 | INFO     | __main__:scan_for_upwork_jobs:23 - 🔍 [Auto-Pilot] Scanning Upwork for high-paying AI jobs...
2026-05-25 10:39:18.361 | INFO     | __main__:scan_for_upwork_jobs:25 - 📊 Found 0 new jobs to evaluate.
2026-05-25 10:39:18.361 | INFO     | __main__:evaluate_and_bid:32 - 💤 No new jobs to evaluate right now.
2026-05-25 10:39:18.361 | INFO     | __main__:check_messages_and_reply:48 - 💬 [Auto-Pilot] Checking client messages and auto-replying...
2026-05-25 10:39:18.361 | INFO     | __main__:run_cycle:60 - ✅ Cycle Complete. Waiting for next cycle.
2026-05-25 10:43:11.514 | INFO     | __main__:run_cycle:56 - 🔄 Starting Auto-Pilot Cycle...
2026-05-25 10:43:11.514 | INFO     | __main__:scan_for_upwork_jobs:23 - 🔍 [Auto-Pilot] Scanning Upwork for high-paying AI jobs...
2026-05-25 10:43:11.997 | INFO     | __main__:scan_for_upwork_jobs:25 - 📊 Found 0 new jobs to evaluate.
2026-05-25 10:43:11.999 | INFO     | __main__:evaluate_and_bid:32 - 💤 No new jobs to evaluate right now.
2026-05-25 10:43:11.999 | INFO     | __main__:check_messages_and_reply:48 - 💬 [Auto-Pilot] Checking client messages and auto-replying...
2026-05-25 10:43:12.001 | INFO     | __main__:run_cycle:60 - ✅ Cycle Complete. Waiting for next cycle.
2026-05-25 10:43:43.140 | INFO     | __main__:run_cycle:56 - 🔄 Starting Auto-Pilot Cycle...
2026-05-25 10:43:43.141 | INFO     | __main__:scan_for_upwork_jobs:23 - 🔍 [Auto-Pilot] Scanning Upwork for high-paying AI jobs...
2026-05-25 10:43:43.577 | INFO     | __main__:scan_for_upwork_jobs:25 - 📊 Found 0 new jobs to evaluate.
2026-05-25 10:43:43.579 | INFO     | __main__:evaluate_and_bid:32 - 💤 No new jobs to evaluate right now.
2026-05-25 10:43:43.581 | INFO     | __main__:check_messages_and_reply:48 - 💬 [Auto-Pilot] Checking client messages and auto-replying...
2026-05-25 10:43:43.581 | INFO     | __main__:run_cycle:60 - ✅ Cycle Complete. Waiting for next cycle.
2026-05-25 10:45:06.563 | INFO     | __main__:run_cycle:56 - 🔄 Starting Auto-Pilot Cycle...
2026-05-25 10:45:06.564 | INFO     | __main__:scan_for_upwork_jobs:23 - 🔍 [Auto-Pilot] Scanning Upwork for high-paying AI jobs...
2026-05-25 10:45:07.081 | INFO     | __main__:scan_for_upwork_jobs:25 - 📊 Found 0 new jobs to evaluate.
2026-05-25 10:45:07.082 | INFO     | __main__:evaluate_and_bid:32 - 💤 No new jobs to evaluate right now.
2026-05-25 10:45:07.082 | INFO     | __main__:check_messages_and_reply:48 - 💬 [Auto-Pilot] Checking client messages and auto-replying...
2026-05-25 10:45:07.084 | INFO     | __main__:run_cycle:60 - ✅ Cycle Complete. Waiting for next cycle.
2026-05-25 10:49:18.769 | INFO     | __main__:run_cycle:56 - 🔄 Starting Auto-Pilot Cycle...
2026-05-25 10:49:18.771 | INFO     | __main__:scan_for_upwork_jobs:23 - 🔍 [Auto-Pilot] Scanning Upwork for high-paying AI jobs...
2026-05-25 10:49:19.182 | INFO     | __main__:scan_for_upwork_jobs:25 - 📊 Found 0 new jobs to evaluate.
2026-05-25 10:49:19.182 | INFO     | __main__:evaluate_and_bid:32 - 💤 No new jobs to evaluate right now.
2026-05-25 10:49:19.184 | INFO     | __main__:check_messages_and_reply:48 - 💬 [Auto-Pilot] Checking client messages and auto-replying...
2026-05-25 10:49:19.184 | INFO     | __main__:run_cycle:60 - ✅ Cycle Complete. Waiting for next cycle.
2026-05-25 10:53:12.432 | INFO     | __main__:run_cycle:56 - 🔄 Starting Auto-Pilot Cycle...
2026-05-25 10:53:12.432 | INFO     | __main__:scan_for_upwork_jobs:23 - 🔍 [Auto-Pilot] Scanning Upwork for high-paying AI jobs...
2026-05-25 10:53:12.811 | INFO     | __main__:scan_for_upwork_jobs:25 - 📊 Found 0 new jobs to evaluate.
2026-05-25 10:53:12.811 | INFO     | __main__:evaluate_and_bid:32 - 💤 No new jobs to evaluate right now.
2026-05-25 10:53:12.811 | INFO     | __main__:check_messages_and_reply:48 - 💬 [Auto-Pilot] Checking client messages and auto-replying...
2026-05-25 10:53:12.811 | INFO     | __main__:run_cycle:60 - ✅ Cycle Complete. Waiting for next cycle.
2026-05-25 10:53:43.993 | INFO     | __main__:run_cycle:56 - 🔄 Starting Auto-Pilot Cycle...
2026-05-25 10:53:43.993 | INFO     | __main__:scan_for_upwork_jobs:23 - 🔍 [Auto-Pilot] Scanning Upwork for high-paying AI jobs...
2026-05-25 10:53:44.366 | INFO     | __main__:scan_for_upwork_jobs:25 - 📊 Found 0 new jobs to evaluate.
2026-05-25 10:53:44.367 | INFO     | __main__:evaluate_and_bid:32 - 💤 No new jobs to evaluate right now.
2026-05-25 10:53:44.367 | INFO     | __main__:check_messages_and_reply:48 - 💬 [Auto-Pilot] Checking client messages and auto-replying...
2026-05-25 10:53:44.367 | INFO     | __main__:run_cycle:60 - ✅ Cycle Complete. Waiting for next cycle.
2026-05-25 10:55:07.547 | INFO     | __main__:run_cycle:56 - 🔄 Starting Auto-Pilot Cycle...
2026-05-25 10:55:07.547 | INFO     | __main__:scan_for_upwork_jobs:23 - 🔍 [Auto-Pilot] Scanning Upwork for high-paying AI jobs...
2026-05-25 10:55:07.883 | INFO     | __main__:scan_for_upwork_jobs:25 - 📊 Found 0 new jobs to evaluate.
2026-05-25 10:55:07.883 | INFO     | __main__:evaluate_and_bid:32 - 💤 No new jobs to evaluate right now.
2026-05-25 10:55:07.883 | INFO     | __main__:check_messages_and_reply:48 - 💬 [Auto-Pilot] Checking client messages and auto-replying...
2026-05-25 10:55:07.883 | INFO     | __main__:run_cycle:60 - ✅ Cycle Complete. Waiting for next cycle.
2026-05-25 10:59:19.658 | INFO     | __main__:run_cycle:56 - 🔄 Starting Auto-Pilot Cycle...
2026-05-25 10:59:19.660 | INFO     | __main__:scan_for_upwork_jobs:23 - 🔍 [Auto-Pilot] Scanning Upwork for high-paying AI jobs...
2026-05-25 10:59:20.016 | INFO     | __main__:scan_for_upwork_jobs:25 - 📊 Found 0 new jobs to evaluate.
2026-05-25 10:59:20.020 | INFO     | __main__:evaluate_and_bid:32 - 💤 No new jobs to evaluate right now.
2026-05-25 10:59:20.021 | INFO     | __main__:check_messages_and_reply:48 - 💬 [Auto-Pilot] Checking client messages and auto-replying...
2026-05-25 10:59:20.021 | INFO     | __main__:run_cycle:60 - ✅ Cycle Complete. Waiting for next cycle.
2026-05-25 11:03:13.241 | INFO     | __main__:run_cycle:56 - 🔄 Starting Auto-Pilot Cycle...
2026-05-25 11:03:13.241 | INFO     | __main__:scan_for_upwork_jobs:23 - 🔍 [Auto-Pilot] Scanning Upwork for high-paying AI jobs...
2026-05-25 11:03:13.583 | INFO     | __main__:scan_for_upwork_jobs:25 - 📊 Found 0 new jobs to evaluate.
2026-05-25 11:03:13.586 | INFO     | __main__:evaluate_and_bid:32 - 💤 No new jobs to evaluate right now.
2026-05-25 11:03:13.586 | INFO     | __main__:check_messages_and_reply:48 - 💬 [Auto-Pilot] Checking client messages and auto-replying...
2026-05-25 11:03:13.586 | INFO     | __main__:run_cycle:60 - ✅ Cycle Complete. Waiting for next cycle.
2026-05-25 11:03:44.744 | INFO     | __main__:run_cycle:56 - 🔄 Starting Auto-Pilot Cycle...
2026-05-25 11:03:44.744 | INFO     | __main__:scan_for_upwork_jobs:23 - 🔍 [Auto-Pilot] Scanning Upwork for high-paying AI jobs...
2026-05-25 11:03:45.129 | INFO     | __main__:scan_for_upwork_jobs:25 - 📊 Found 0 new jobs to evaluate.
2026-05-25 11:03:45.131 | INFO     | __main__:evaluate_and_bid:32 - 💤 No new jobs to evaluate right now.
2026-05-25 11:03:45.132 | INFO     | __main__:check_messages_and_reply:48 - 💬 [Auto-Pilot] Checking client messages and auto-replying...
2026-05-25 11:03:45.132 | INFO     | __main__:run_cycle:60 - ✅ Cycle Complete. Waiting for next cycle.
2026-05-25 11:05:08.306 | INFO     | __main__:run_cycle:56 - 🔄 Starting Auto-Pilot Cycle...
2026-05-25 11:05:08.306 | INFO     | __main__:scan_for_upwork_jobs:23 - 🔍 [Auto-Pilot] Scanning Upwork for high-paying AI jobs...
2026-05-25 11:05:08.639 | INFO     | __main__:scan_for_upwork_jobs:25 - 📊 Found 0 new jobs to evaluate.
2026-05-25 11:05:08.639 | INFO     | __main__:evaluate_and_bid:32 - 💤 No new jobs to evaluate right now.
2026-05-25 11:05:08.639 | INFO     | __main__:check_messages_and_reply:48 - 💬 [Auto-Pilot] Checking client messages and auto-replying...
2026-05-25 11:05:08.639 | INFO     | __main__:run_cycle:60 - ✅ Cycle Complete. Waiting for next cycle.
2026-05-25 11:09:20.450 | INFO     | __main__:run_cycle:56 - 🔄 Starting Auto-Pilot Cycle...
2026-05-25 11:09:20.450 | INFO     | __main__:scan_for_upwork_jobs:23 - 🔍 [Auto-Pilot] Scanning Upwork for high-paying AI jobs...
2026-05-25 11:09:21.170 | INFO     | __main__:scan_for_upwork_jobs:25 - 📊 Found 0 new jobs to evaluate.
2026-05-25 11:09:21.170 | INFO     | __main__:evaluate_and_bid:32 - 💤 No new jobs to evaluate right now.
2026-05-25 11:09:21.171 | INFO     | __main__:check_messages_and_reply:48 - 💬 [Auto-Pilot] Checking client messages and auto-replying...
2026-05-25 11:09:21.171 | INFO     | __main__:run_cycle:60 - ✅ Cycle Complete. Waiting for next cycle.
2026-05-25 11:13:14.016 | INFO     | __main__:run_cycle:56 - 🔄 Starting Auto-Pilot Cycle...
2026-05-25 11:13:14.016 | INFO     | __main__:scan_for_upwork_jobs:23 - 🔍 [Auto-Pilot] Scanning Upwork for high-paying AI jobs...
2026-05-25 11:13:14.440 | INFO     | __main__:scan_for_upwork_jobs:25 - 📊 Found 0 new jobs to evaluate.
2026-05-25 11:13:14.444 | INFO     | __main__:evaluate_and_bid:32 - 💤 No new jobs to evaluate right now.
2026-05-25 11:13:14.444 | INFO     | __main__:check_messages_and_reply:48 - 💬 [Auto-Pilot] Checking client messages and auto-replying...
2026-05-25 11:13:14.445 | INFO     | __main__:run_cycle:60 - ✅ Cycle Complete. Waiting for next cycle.
2026-05-25 11:13:45.515 | INFO     | __main__:run_cycle:56 - 🔄 Starting Auto-Pilot Cycle...
2026-05-25 11:13:45.515 | INFO     | __main__:scan_for_upwork_jobs:23 - 🔍 [Auto-Pilot] Scanning Upwork for high-paying AI jobs...
2026-05-25 11:13:46.082 | INFO     | __main__:scan_for_upwork_jobs:25 - 📊 Found 0 new jobs to evaluate.
2026-05-25 11:13:46.082 | INFO     | __main__:evaluate_and_bid:32 - 💤 No new jobs to evaluate right now.
2026-05-25 11:13:46.085 | INFO     | __main__:check_messages_and_reply:48 - 💬 [Auto-Pilot] Checking client messages and auto-replying...
2026-05-25 11:13:46.085 | INFO     | __main__:run_cycle:60 - ✅ Cycle Complete. Waiting for next cycle.
2026-05-25 11:15:09.030 | INFO     | __main__:run_cycle:56 - 🔄 Starting Auto-Pilot Cycle...
2026-05-25 11:15:09.030 | INFO     | __main__:scan_for_upwork_jobs:23 - 🔍 [Auto-Pilot] Scanning Upwork for high-paying AI jobs...
2026-05-25 11:15:09.615 | INFO     | __main__:scan_for_upwork_jobs:25 - 📊 Found 0 new jobs to evaluate.
2026-05-25 11:15:09.616 | INFO     | __main__:evaluate_and_bid:32 - 💤 No new jobs to evaluate right now.
2026-05-25 11:15:09.616 | INFO     | __main__:check_messages_and_reply:48 - 💬 [Auto-Pilot] Checking client messages and auto-replying...
2026-05-25 11:15:09.616 | INFO     | __main__:run_cycle:60 - ✅ Cycle Complete. Waiting for next cycle.
2026-05-25 11:19:21.525 | INFO     | __main__:run_cycle:56 - 🔄 Starting Auto-Pilot Cycle...
2026-05-25 11:19:21.526 | INFO     | __main__:scan_for_upwork_jobs:23 - 🔍 [Auto-Pilot] Scanning Upwork for high-paying AI jobs...
2026-05-25 11:19:22.033 | INFO     | __main__:scan_for_upwork_jobs:25 - 📊 Found 0 new jobs to evaluate.
2026-05-25 11:19:22.034 | INFO     | __main__:evaluate_and_bid:32 - 💤 No new jobs to evaluate right now.
2026-05-25 11:19:22.034 | INFO     | __main__:check_messages_and_reply:48 - 💬 [Auto-Pilot] Checking client messages and auto-replying...
2026-05-25 11:19:22.035 | INFO     | __main__:run_cycle:60 - ✅ Cycle Complete. Waiting for next cycle.
2026-05-25 11:23:14.827 | INFO     | __main__:run_cycle:56 - 🔄 Starting Auto-Pilot Cycle...
2026-05-25 11:23:14.828 | INFO     | __main__:scan_for_upwork_jobs:23 - 🔍 [Auto-Pilot] Scanning Upwork for high-paying AI jobs...
2026-05-25 11:23:15.475 | INFO     | __main__:scan_for_upwork_jobs:25 - 📊 Found 0 new jobs to evaluate.
2026-05-25 11:23:15.478 | INFO     | __main__:evaluate_and_bid:32 - 💤 No new jobs to evaluate right now.
2026-05-25 11:23:15.478 | INFO     | __main__:check_messages_and_reply:48 - 💬 [Auto-Pilot] Checking client messages and auto-replying...
2026-05-25 11:23:15.478 | INFO     | __main__:run_cycle:60 - ✅ Cycle Complete. Waiting for next cycle.
2026-05-25 11:23:46.442 | INFO     | __main__:run_cycle:56 - 🔄 Starting Auto-Pilot Cycle...
2026-05-25 11:23:46.443 | INFO     | __main__:scan_for_upwork_jobs:23 - 🔍 [Auto-Pilot] Scanning Upwork for high-paying AI jobs...
2026-05-25 11:23:47.132 | INFO     | __main__:scan_for_upwork_jobs:25 - 📊 Found 0 new jobs to evaluate.
2026-05-25 11:23:47.132 | INFO     | __main__:evaluate_and_bid:32 - 💤 No new jobs to evaluate right now.
2026-05-25 11:23:47.135 | INFO     | __main__:check_messages_and_reply:48 - 💬 [Auto-Pilot] Checking client messages and auto-replying...
2026-05-25 11:23:47.135 | INFO     | __main__:run_cycle:60 - ✅ Cycle Complete. Waiting for next cycle.
2026-05-25 11:25:09.996 | INFO     | __main__:run_cycle:56 - 🔄 Starting Auto-Pilot Cycle...
2026-05-25 11:25:09.996 | INFO     | __main__:scan_for_upwork_jobs:23 - 🔍 [Auto-Pilot] Scanning Upwork for high-paying AI jobs...
2026-05-25 11:25:10.494 | INFO     | __main__:scan_for_upwork_jobs:25 - 📊 Found 0 new jobs to evaluate.
2026-05-25 11:25:10.495 | INFO     | __main__:evaluate_and_bid:32 - 💤 No new jobs to evaluate right now.
2026-05-25 11:25:10.496 | INFO     | __main__:check_messages_and_reply:48 - 💬 [Auto-Pilot] Checking client messages and auto-replying...
2026-05-25 11:25:10.496 | INFO     | __main__:run_cycle:60 - ✅ Cycle Complete. Waiting for next cycle.
2026-05-25 11:29:22.411 | INFO     | __main__:run_cycle:56 - 🔄 Starting Auto-Pilot Cycle...
2026-05-25 11:29:22.411 | INFO     | __main__:scan_for_upwork_jobs:23 - 🔍 [Auto-Pilot] Scanning Upwork for high-paying AI jobs...
2026-05-25 11:29:22.808 | INFO     | __main__:scan_for_upwork_jobs:25 - 📊 Found 0 new jobs to evaluate.
2026-05-25 11:29:22.808 | INFO     | __main__:evaluate_and_bid:32 - 💤 No new jobs to evaluate right now.
2026-05-25 11:29:22.808 | INFO     | __main__:check_messages_and_reply:48 - 💬 [Auto-Pilot] Checking client messages and auto-replying...
2026-05-25 11:29:22.808 | INFO     | __main__:run_cycle:60 - ✅ Cycle Complete. Waiting for next cycle.
2026-05-25 11:33:15.847 | INFO     | __main__:run_cycle:56 - 🔄 Starting Auto-Pilot Cycle...
2026-05-25 11:33:15.848 | INFO     | __main__:scan_for_upwork_jobs:23 - 🔍 [Auto-Pilot] Scanning Upwork for high-paying AI jobs...
2026-05-25 11:33:16.304 | INFO     | __main__:scan_for_upwork_jobs:25 - 📊 Found 0 new jobs to evaluate.
2026-05-25 11:33:16.304 | INFO     | __main__:evaluate_and_bid:32 - 💤 No new jobs to evaluate right now.
2026-05-25 11:33:16.305 | INFO     | __main__:check_messages_and_reply:48 - 💬 [Auto-Pilot] Checking client messages and auto-replying...
2026-05-25 11:33:16.305 | INFO     | __main__:run_cycle:60 - ✅ Cycle Complete. Waiting for next cycle.
2026-05-25 11:33:47.497 | INFO     | __main__:run_cycle:56 - 🔄 Starting Auto-Pilot Cycle...
2026-05-25 11:33:47.498 | INFO     | __main__:scan_for_upwork_jobs:23 - 🔍 [Auto-Pilot] Scanning Upwork for high-paying AI jobs...
2026-05-25 11:33:47.884 | INFO     | __main__:scan_for_upwork_jobs:25 - 📊 Found 0 new jobs to evaluate.
2026-05-25 11:33:47.884 | INFO     | __main__:evaluate_and_bid:32 - 💤 No new jobs to evaluate right now.
2026-05-25 11:33:47.884 | INFO     | __main__:check_messages_and_reply:48 - 💬 [Auto-Pilot] Checking client messages and auto-replying...
2026-05-25 11:33:47.892 | INFO     | __main__:run_cycle:60 - ✅ Cycle Complete. Waiting for next cycle.
2026-05-25 11:35:10.906 | INFO     | __main__:run_cycle:56 - 🔄 Starting Auto-Pilot Cycle...
2026-05-25 11:35:10.951 | INFO     | __main__:scan_for_upwork_jobs:23 - 🔍 [Auto-Pilot] Scanning Upwork for high-paying AI jobs...
2026-05-25 11:35:11.750 | INFO     | __main__:scan_for_upwork_jobs:25 - 📊 Found 0 new jobs to evaluate.
2026-05-25 11:35:11.750 | INFO     | __main__:evaluate_and_bid:32 - 💤 No new jobs to evaluate right now.
2026-05-25 11:35:11.750 | INFO     | __main__:check_messages_and_reply:48 - 💬 [Auto-Pilot] Checking client messages and auto-replying...
2026-05-25 11:35:11.750 | INFO     | __main__:run_cycle:60 - ✅ Cycle Complete. Waiting for next cycle.
2026-05-25 11:39:23.259 | INFO     | __main__:run_cycle:56 - 🔄 Starting Auto-Pilot Cycle...
2026-05-25 11:39:23.261 | INFO     | __main__:scan_for_upwork_jobs:23 - 🔍 [Auto-Pilot] Scanning Upwork for high-paying AI jobs...
2026-05-25 11:39:23.727 | INFO     | __main__:scan_for_upwork_jobs:25 - 📊 Found 0 new jobs to evaluate.
2026-05-25 11:39:23.727 | INFO     | __main__:evaluate_and_bid:32 - 💤 No new jobs to evaluate right now.
2026-05-25 11:39:23.729 | INFO     | __main__:check_messages_and_reply:48 - 💬 [Auto-Pilot] Checking client messages and auto-replying...
2026-05-25 11:39:23.729 | INFO     | __main__:run_cycle:60 - ✅ Cycle Complete. Waiting for next cycle.
2026-05-25 11:39:32.234 | INFO     | __main__:__init__:21 - 🤖 Auto-Pilot System Initialized. AI is ready to take over.
2026-05-25 11:39:32.234 | SUCCESS  | __main__:start_24_7_operation:84 - 🚀 100% AUTO-PILOT MODE ACTIVATED. You can go sleep now!
2026-05-25 11:39:32.234 | INFO     | __main__:run_cycle:73 - 🔄 Starting Auto-Pilot Cycle...
2026-05-25 11:39:32.234 | INFO     | __main__:scan_for_upwork_jobs:27 - 🔍 [Auto-Pilot] Scanning Upwork for high-paying AI jobs...
2026-05-25 11:39:32.638 | INFO     | __main__:scan_for_upwork_jobs:29 - 📊 Found 0 new jobs to evaluate.
2026-05-25 11:39:32.638 | INFO     | __main__:evaluate_and_bid:36 - 💤 No new jobs to evaluate right now.
2026-05-25 11:39:32.638 | INFO     | __main__:check_messages_and_reply:52 - 💬 [Auto-Pilot] Checking for new leads in DB for WhatsApp outreach...
2026-05-25 11:39:35.501 | INFO     | agents.whatsapp_agent:_init_driver:34 - 📱 WhatsApp Browser Initialized.
2026-05-25 11:39:44.468 | INFO     | agents.whatsapp_agent:send_whatsapp_message:55 - ⏳ Waiting for WhatsApp Web to load for 9009334845650...
2026-05-25 11:40:04.508 | ERROR    | agents.whatsapp_agent:send_whatsapp_message:70 - ❌ Failed to send WhatsApp: Message: no such element: Unable to locate element: {"method":"xpath","selector":"//span[@data-icon='send']"}
  (Session info: chrome=148.0.7778.179); For documentation on this error, please visit: https://www.selenium.dev/documentation/webdriver/troubleshooting/errors#nosuchelementexception
Stacktrace:
	chromedriver!GetHandleVerifier [0x7ff6ef247de5+14895]
	chromedriver!GetHandleVerifier [0x7ff6ef247e50+14900]
	chromedriver!(No symbol) [0x7ff6eefad5ad]
	chromedriver!(No symbol) [0x7ff6ef007822]
	chromedriver!(No symbol) [0x7ff6ef007b2c]
	chromedriver!(No symbol) [0x7ff6ef057d17]
	chromedriver!(No symbol) [0x7ff6ef05486f]
	chromedriver!(No symbol) [0x7ff6eeff9df8]
	chromedriver!(No symbol) [0x7ff6eefface3]
	chromedriver!GetHandleVerifier [0x7ff6ef55cc49+3296f9]
	chromedriver!GetHandleVerifier [0x7ff6ef557375+323e25]
	chromedriver!GetHandleVerifier [0x7ff6ef57bc82+348732]
	chromedriver!GetHandleVerifier [0x7ff6ef266045+32af5]
	chromedriver!GetHandleVerifier [0x7ff6ef26ecec+3b79c]
	chromedriver!GetHandleVerifier [0x7ff6ef251bc4+1e674]
	chromedriver!GetHandleVerifier [0x7ff6ef251d54+1e804]
	chromedriver!GetHandleVerifier [0x7ff6ef2360e7+2b97]
	KERNEL32!BaseThreadInitThunk [0x7ffa119de957+17]
	ntdll!RtlUserThreadStart [0x7ffa1262427c+2c]

2026-05-25 11:40:04.511 | INFO     | __main__:run_cycle:77 - ✅ Cycle Complete. Waiting for next cycle.
2026-05-25 11:41:06.142 | INFO     | __main__:__init__:21 - 🤖 Auto-Pilot System Initialized. AI is ready to take over.
2026-05-25 11:41:06.144 | SUCCESS  | __main__:start_24_7_operation:84 - 🚀 100% AUTO-PILOT MODE ACTIVATED. You can go sleep now!
2026-05-25 11:41:06.144 | INFO     | __main__:run_cycle:73 - 🔄 Starting Auto-Pilot Cycle...
2026-05-25 11:41:06.144 | INFO     | __main__:scan_for_upwork_jobs:27 - 🔍 [Auto-Pilot] Scanning Upwork for high-paying AI jobs...
2026-05-25 11:41:06.469 | INFO     | __main__:scan_for_upwork_jobs:29 - 📊 Found 0 new jobs to evaluate.
2026-05-25 11:41:06.469 | INFO     | __main__:evaluate_and_bid:36 - 💤 No new jobs to evaluate right now.
2026-05-25 11:41:06.469 | INFO     | __main__:check_messages_and_reply:52 - 💬 [Auto-Pilot] Checking for new leads in DB for WhatsApp outreach...
2026-05-25 11:41:09.951 | ERROR    | agents.whatsapp_agent:send_whatsapp_message:70 - ❌ Failed to send WhatsApp: Message: session not created: Chrome failed to start: crashed.
  (session not created: DevToolsActivePort file doesn't exist)
  (The process started from chrome location C:\Program Files\Google\Chrome\Application\chrome.exe is no longer running, so ChromeDriver is assuming that Chrome has crashed.); For documentation on this error, please visit: https://www.selenium.dev/documentation/webdriver/troubleshooting/errors#sessionnotcreatedexception
Stacktrace:
	chromedriver!GetHandleVerifier [0x7ff6ef247de5+14895]
	chromedriver!GetHandleVerifier [0x7ff6ef247e50+14900]
	chromedriver!(No symbol) [0x7ff6eefad5ad]
	chromedriver!(No symbol) [0x7ff6eefef08b]
	chromedriver!(No symbol) [0x7ff6eefea349]
	chromedriver!(No symbol) [0x7ff6ef03dd21]
	chromedriver!(No symbol) [0x7ff6ef03d586]
	chromedriver!(No symbol) [0x7ff6eeff9df8]
	chromedriver!(No symbol) [0x7ff6eefface3]
	chromedriver!GetHandleVerifier [0x7ff6ef55cc49+3296f9]
	chromedriver!GetHandleVerifier [0x7ff6ef557375+323e25]
	chromedriver!GetHandleVerifier [0x7ff6ef57bc82+348732]
	chromedriver!GetHandleVerifier [0x7ff6ef266045+32af5]
	chromedriver!GetHandleVerifier [0x7ff6ef26ecec+3b79c]
	chromedriver!GetHandleVerifier [0x7ff6ef251bc4+1e674]
	chromedriver!GetHandleVerifier [0x7ff6ef251d54+1e804]
	chromedriver!GetHandleVerifier [0x7ff6ef2360e7+2b97]
	KERNEL32!BaseThreadInitThunk [0x7ffa119de957+17]
	ntdll!RtlUserThreadStart [0x7ffa1262427c+2c]

2026-05-25 11:41:09.955 | INFO     | __main__:run_cycle:77 - ✅ Cycle Complete. Waiting for next cycle.
2026-05-25 11:43:05.699 | INFO     | __main__:__init__:21 - 🤖 Auto-Pilot System Initialized. AI is ready to take over.
2026-05-25 11:43:05.699 | SUCCESS  | __main__:start_24_7_operation:84 - 🚀 100% AUTO-PILOT MODE ACTIVATED. You can go sleep now!
2026-05-25 11:43:05.699 | INFO     | __main__:run_cycle:73 - 🔄 Starting Auto-Pilot Cycle...
2026-05-25 11:43:05.699 | INFO     | __main__:scan_for_upwork_jobs:27 - 🔍 [Auto-Pilot] Scanning Upwork for high-paying AI jobs...
2026-05-25 11:43:06.059 | INFO     | __main__:scan_for_upwork_jobs:29 - 📊 Found 0 new jobs to evaluate.
2026-05-25 11:43:06.063 | INFO     | __main__:evaluate_and_bid:36 - 💤 No new jobs to evaluate right now.
2026-05-25 11:43:06.063 | INFO     | __main__:check_messages_and_reply:52 - 💬 [Auto-Pilot] Checking for new leads in DB for WhatsApp outreach...
2026-05-25 11:43:11.523 | ERROR    | agents.whatsapp_agent:send_whatsapp_message:84 - ❌ Failed to send WhatsApp: Message: session not created: Chrome failed to start: crashed.
  (chrome not reachable)
  (The process started from chrome location C:\Program Files\Google\Chrome\Application\chrome.exe is no longer running, so ChromeDriver is assuming that Chrome has crashed.); For documentation on this error, please visit: https://www.selenium.dev/documentation/webdriver/troubleshooting/errors#sessionnotcreatedexception
Stacktrace:
	chromedriver!GetHandleVerifier [0x7ff6ef247de5+14895]
	chromedriver!GetHandleVerifier [0x7ff6ef247e50+14900]
	chromedriver!(No symbol) [0x7ff6eefad5ad]
	chromedriver!(No symbol) [0x7ff6eefef08b]
	chromedriver!(No symbol) [0x7ff6eefea349]
	chromedriver!(No symbol) [0x7ff6ef03dd21]
	chromedriver!(No symbol) [0x7ff6ef03d586]
	chromedriver!(No symbol) [0x7ff6eeff9df8]
	chromedriver!(No symbol) [0x7ff6eefface3]
	chromedriver!GetHandleVerifier [0x7ff6ef55cc49+3296f9]
	chromedriver!GetHandleVerifier [0x7ff6ef557375+323e25]
	chromedriver!GetHandleVerifier [0x7ff6ef57bc82+348732]
	chromedriver!GetHandleVerifier [0x7ff6ef266045+32af5]
	chromedriver!GetHandleVerifier [0x7ff6ef26ecec+3b79c]
	chromedriver!GetHandleVerifier [0x7ff6ef251bc4+1e674]
	chromedriver!GetHandleVerifier [0x7ff6ef251d54+1e804]
	chromedriver!GetHandleVerifier [0x7ff6ef2360e7+2b97]
	KERNEL32!BaseThreadInitThunk [0x7ffa119de957+17]
	ntdll!RtlUserThreadStart [0x7ffa1262427c+2c]

2026-05-25 11:43:11.524 | INFO     | __main__:run_cycle:77 - ✅ Cycle Complete. Waiting for next cycle.
2026-05-25 11:43:16.764 | INFO     | __main__:run_cycle:56 - 🔄 Starting Auto-Pilot Cycle...
2026-05-25 11:43:16.764 | INFO     | __main__:scan_for_upwork_jobs:23 - 🔍 [Auto-Pilot] Scanning Upwork for high-paying AI jobs...
2026-05-25 11:43:17.084 | INFO     | __main__:scan_for_upwork_jobs:25 - 📊 Found 0 new jobs to evaluate.
2026-05-25 11:43:17.084 | INFO     | __main__:evaluate_and_bid:32 - 💤 No new jobs to evaluate right now.
2026-05-25 11:43:17.084 | INFO     | __main__:check_messages_and_reply:48 - 💬 [Auto-Pilot] Checking client messages and auto-replying...
2026-05-25 11:43:17.084 | INFO     | __main__:run_cycle:60 - ✅ Cycle Complete. Waiting for next cycle.
2026-05-25 11:43:48.376 | INFO     | __main__:run_cycle:56 - 🔄 Starting Auto-Pilot Cycle...
2026-05-25 11:43:48.377 | INFO     | __main__:scan_for_upwork_jobs:23 - 🔍 [Auto-Pilot] Scanning Upwork for high-paying AI jobs...
2026-05-25 11:43:48.758 | INFO     | __main__:scan_for_upwork_jobs:25 - 📊 Found 0 new jobs to evaluate.
2026-05-25 11:43:48.758 | INFO     | __main__:evaluate_and_bid:32 - 💤 No new jobs to evaluate right now.
2026-05-25 11:43:48.758 | INFO     | __main__:check_messages_and_reply:48 - 💬 [Auto-Pilot] Checking client messages and auto-replying...
2026-05-25 11:43:48.763 | INFO     | __main__:run_cycle:60 - ✅ Cycle Complete. Waiting for next cycle.
2026-05-25 11:45:12.145 | INFO     | __main__:run_cycle:56 - 🔄 Starting Auto-Pilot Cycle...
2026-05-25 11:45:12.145 | INFO     | __main__:scan_for_upwork_jobs:23 - 🔍 [Auto-Pilot] Scanning Upwork for high-paying AI jobs...
2026-05-25 11:45:12.484 | INFO     | __main__:scan_for_upwork_jobs:25 - 📊 Found 0 new jobs to evaluate.
2026-05-25 11:45:12.484 | INFO     | __main__:evaluate_and_bid:32 - 💤 No new jobs to evaluate right now.
2026-05-25 11:45:12.484 | INFO     | __main__:check_messages_and_reply:48 - 💬 [Auto-Pilot] Checking client messages and auto-replying...
2026-05-25 11:45:12.484 | INFO     | __main__:run_cycle:60 - ✅ Cycle Complete. Waiting for next cycle.
2026-05-25 11:47:25.284 | INFO     | __main__:__init__:21 - 🤖 Auto-Pilot System Initialized. AI is ready to take over.
2026-05-25 11:47:25.284 | SUCCESS  | __main__:start_24_7_operation:84 - 🚀 100% AUTO-PILOT MODE ACTIVATED. You can go sleep now!
2026-05-25 11:47:25.284 | INFO     | __main__:run_cycle:73 - 🔄 Starting Auto-Pilot Cycle...
2026-05-25 11:47:25.284 | INFO     | __main__:scan_for_upwork_jobs:27 - 🔍 [Auto-Pilot] Scanning Upwork for high-paying AI jobs...
2026-05-25 11:47:25.649 | INFO     | __main__:scan_for_upwork_jobs:29 - 📊 Found 0 new jobs to evaluate.
2026-05-25 11:47:25.650 | INFO     | __main__:evaluate_and_bid:36 - 💤 No new jobs to evaluate right now.
2026-05-25 11:47:25.650 | INFO     | __main__:check_messages_and_reply:52 - 💬 [Auto-Pilot] Checking for new leads in DB for WhatsApp outreach...
2026-05-25 11:47:31.693 | ERROR    | agents.whatsapp_agent:send_whatsapp_message:109 - ❌ Failed to send WhatsApp: Message: session not created: Chrome failed to start: crashed.
  (chrome not reachable)
  (The process started from chrome location C:\Program Files\Google\Chrome\Application\chrome.exe is no longer running, so ChromeDriver is assuming that Chrome has crashed.); For documentation on this error, please visit: https://www.selenium.dev/documentation/webdriver/troubleshooting/errors#sessionnotcreatedexception
Stacktrace:
	chromedriver!GetHandleVerifier [0x7ff6ef247de5+14895]
	chromedriver!GetHandleVerifier [0x7ff6ef247e50+14900]
	chromedriver!(No symbol) [0x7ff6eefad5ad]
	chromedriver!(No symbol) [0x7ff6eefef08b]
	chromedriver!(No symbol) [0x7ff6eefea349]
	chromedriver!(No symbol) [0x7ff6ef03dd21]
	chromedriver!(No symbol) [0x7ff6ef03d586]
	chromedriver!(No symbol) [0x7ff6eeff9df8]
	chromedriver!(No symbol) [0x7ff6eefface3]
	chromedriver!GetHandleVerifier [0x7ff6ef55cc49+3296f9]
	chromedriver!GetHandleVerifier [0x7ff6ef557375+323e25]
	chromedriver!GetHandleVerifier [0x7ff6ef57bc82+348732]
	chromedriver!GetHandleVerifier [0x7ff6ef266045+32af5]
	chromedriver!GetHandleVerifier [0x7ff6ef26ecec+3b79c]
	chromedriver!GetHandleVerifier [0x7ff6ef251bc4+1e674]
	chromedriver!GetHandleVerifier [0x7ff6ef251d54+1e804]
	chromedriver!GetHandleVerifier [0x7ff6ef2360e7+2b97]
	KERNEL32!BaseThreadInitThunk [0x7ffa119de957+17]
	ntdll!RtlUserThreadStart [0x7ffa1262427c+2c]

2026-05-25 11:47:31.695 | INFO     | __main__:run_cycle:77 - ✅ Cycle Complete. Waiting for next cycle.
2026-05-25 11:49:24.154 | INFO     | __main__:run_cycle:56 - 🔄 Starting Auto-Pilot Cycle...
2026-05-25 11:49:24.154 | INFO     | __main__:scan_for_upwork_jobs:23 - 🔍 [Auto-Pilot] Scanning Upwork for high-paying AI jobs...
2026-05-25 11:49:24.858 | INFO     | __main__:scan_for_upwork_jobs:25 - 📊 Found 0 new jobs to evaluate.
2026-05-25 11:49:24.858 | INFO     | __main__:evaluate_and_bid:32 - 💤 No new jobs to evaluate right now.
2026-05-25 11:49:24.858 | INFO     | __main__:check_messages_and_reply:48 - 💬 [Auto-Pilot] Checking client messages and auto-replying...
2026-05-25 11:49:24.858 | INFO     | __main__:run_cycle:60 - ✅ Cycle Complete. Waiting for next cycle.
2026-05-25 11:49:32.975 | INFO     | __main__:run_cycle:73 - 🔄 Starting Auto-Pilot Cycle...
2026-05-25 11:49:32.975 | INFO     | __main__:scan_for_upwork_jobs:27 - 🔍 [Auto-Pilot] Scanning Upwork for high-paying AI jobs...
2026-05-25 11:49:33.610 | INFO     | __main__:scan_for_upwork_jobs:29 - 📊 Found 0 new jobs to evaluate.
2026-05-25 11:49:33.610 | INFO     | __main__:evaluate_and_bid:36 - 💤 No new jobs to evaluate right now.
2026-05-25 11:49:33.613 | INFO     | __main__:check_messages_and_reply:52 - 💬 [Auto-Pilot] Checking for new leads in DB for WhatsApp outreach...
2026-05-25 11:49:35.983 | INFO     | agents.whatsapp_agent:send_whatsapp_message:55 - ⏳ Waiting for WhatsApp Web to load for 9009334845650...
2026-05-25 11:49:56.004 | ERROR    | agents.whatsapp_agent:send_whatsapp_message:70 - ❌ Failed to send WhatsApp: Message: no such element: Unable to locate element: {"method":"xpath","selector":"//span[@data-icon='send']"}
  (Session info: chrome=148.0.7778.179); For documentation on this error, please visit: https://www.selenium.dev/documentation/webdriver/troubleshooting/errors#nosuchelementexception
Stacktrace:
	chromedriver!GetHandleVerifier [0x7ff6ef247de5+14895]
	chromedriver!GetHandleVerifier [0x7ff6ef247e50+14900]
	chromedriver!(No symbol) [0x7ff6eefad5ad]
	chromedriver!(No symbol) [0x7ff6ef007822]
	chromedriver!(No symbol) [0x7ff6ef007b2c]
	chromedriver!(No symbol) [0x7ff6ef057d17]
	chromedriver!(No symbol) [0x7ff6ef05486f]
	chromedriver!(No symbol) [0x7ff6eeff9df8]
	chromedriver!(No symbol) [0x7ff6eefface3]
	chromedriver!GetHandleVerifier [0x7ff6ef55cc49+3296f9]
	chromedriver!GetHandleVerifier [0x7ff6ef557375+323e25]
	chromedriver!GetHandleVerifier [0x7ff6ef57bc82+348732]
	chromedriver!GetHandleVerifier [0x7ff6ef266045+32af5]
	chromedriver!GetHandleVerifier [0x7ff6ef26ecec+3b79c]
	chromedriver!GetHandleVerifier [0x7ff6ef251bc4+1e674]
	chromedriver!GetHandleVerifier [0x7ff6ef251d54+1e804]
	chromedriver!GetHandleVerifier [0x7ff6ef2360e7+2b97]
	KERNEL32!BaseThreadInitThunk [0x7ffa119de957+17]
	ntdll!RtlUserThreadStart [0x7ffa1262427c+2c]

2026-05-25 11:49:56.005 | INFO     | __main__:run_cycle:77 - ✅ Cycle Complete. Waiting for next cycle.
2026-05-25 11:51:06.324 | INFO     | __main__:run_cycle:73 - 🔄 Starting Auto-Pilot Cycle...
2026-05-25 11:51:06.324 | INFO     | __main__:scan_for_upwork_jobs:27 - 🔍 [Auto-Pilot] Scanning Upwork for high-paying AI jobs...
2026-05-25 11:51:06.808 | INFO     | __main__:scan_for_upwork_jobs:29 - 📊 Found 0 new jobs to evaluate.
2026-05-25 11:51:06.808 | INFO     | __main__:evaluate_and_bid:36 - 💤 No new jobs to evaluate right now.
2026-05-25 11:51:06.809 | INFO     | __main__:check_messages_and_reply:52 - 💬 [Auto-Pilot] Checking for new leads in DB for WhatsApp outreach...
2026-05-25 11:51:10.098 | ERROR    | agents.whatsapp_agent:send_whatsapp_message:70 - ❌ Failed to send WhatsApp: Message: session not created: Chrome failed to start: crashed.
  (session not created: DevToolsActivePort file doesn't exist)
  (The process started from chrome location C:\Program Files\Google\Chrome\Application\chrome.exe is no longer running, so ChromeDriver is assuming that Chrome has crashed.); For documentation on this error, please visit: https://www.selenium.dev/documentation/webdriver/troubleshooting/errors#sessionnotcreatedexception
Stacktrace:
	chromedriver!GetHandleVerifier [0x7ff6ef247de5+14895]
	chromedriver!GetHandleVerifier [0x7ff6ef247e50+14900]
	chromedriver!(No symbol) [0x7ff6eefad5ad]
	chromedriver!(No symbol) [0x7ff6eefef08b]
	chromedriver!(No symbol) [0x7ff6eefea349]
	chromedriver!(No symbol) [0x7ff6ef03dd21]
	chromedriver!(No symbol) [0x7ff6ef03d586]
	chromedriver!(No symbol) [0x7ff6eeff9df8]
	chromedriver!(No symbol) [0x7ff6eefface3]
	chromedriver!GetHandleVerifier [0x7ff6ef55cc49+3296f9]
	chromedriver!GetHandleVerifier [0x7ff6ef557375+323e25]
	chromedriver!GetHandleVerifier [0x7ff6ef57bc82+348732]
	chromedriver!GetHandleVerifier [0x7ff6ef266045+32af5]
	chromedriver!GetHandleVerifier [0x7ff6ef26ecec+3b79c]
	chromedriver!GetHandleVerifier [0x7ff6ef251bc4+1e674]
	chromedriver!GetHandleVerifier [0x7ff6ef251d54+1e804]
	chromedriver!GetHandleVerifier [0x7ff6ef2360e7+2b97]
	KERNEL32!BaseThreadInitThunk [0x7ffa119de957+17]
	ntdll!RtlUserThreadStart [0x7ffa1262427c+2c]

2026-05-25 11:51:10.100 | INFO     | __main__:run_cycle:77 - ✅ Cycle Complete. Waiting for next cycle.
2026-05-25 11:53:05.876 | INFO     | __main__:run_cycle:73 - 🔄 Starting Auto-Pilot Cycle...
2026-05-25 11:53:05.877 | INFO     | __main__:scan_for_upwork_jobs:27 - 🔍 [Auto-Pilot] Scanning Upwork for high-paying AI jobs...
2026-05-25 11:53:06.273 | INFO     | __main__:scan_for_upwork_jobs:29 - 📊 Found 0 new jobs to evaluate.
2026-05-25 11:53:06.273 | INFO     | __main__:evaluate_and_bid:36 - 💤 No new jobs to evaluate right now.
2026-05-25 11:53:06.273 | INFO     | __main__:check_messages_and_reply:52 - 💬 [Auto-Pilot] Checking for new leads in DB for WhatsApp outreach...
2026-05-25 11:53:11.926 | ERROR    | agents.whatsapp_agent:send_whatsapp_message:84 - ❌ Failed to send WhatsApp: Message: session not created: Chrome failed to start: crashed.
  (chrome not reachable)
  (The process started from chrome location C:\Program Files\Google\Chrome\Application\chrome.exe is no longer running, so ChromeDriver is assuming that Chrome has crashed.); For documentation on this error, please visit: https://www.selenium.dev/documentation/webdriver/troubleshooting/errors#sessionnotcreatedexception
Stacktrace:
	chromedriver!GetHandleVerifier [0x7ff6ef247de5+14895]
	chromedriver!GetHandleVerifier [0x7ff6ef247e50+14900]
	chromedriver!(No symbol) [0x7ff6eefad5ad]
	chromedriver!(No symbol) [0x7ff6eefef08b]
	chromedriver!(No symbol) [0x7ff6eefea349]
	chromedriver!(No symbol) [0x7ff6ef03dd21]
	chromedriver!(No symbol) [0x7ff6ef03d586]
	chromedriver!(No symbol) [0x7ff6eeff9df8]
	chromedriver!(No symbol) [0x7ff6eefface3]
	chromedriver!GetHandleVerifier [0x7ff6ef55cc49+3296f9]
	chromedriver!GetHandleVerifier [0x7ff6ef557375+323e25]
	chromedriver!GetHandleVerifier [0x7ff6ef57bc82+348732]
	chromedriver!GetHandleVerifier [0x7ff6ef266045+32af5]
	chromedriver!GetHandleVerifier [0x7ff6ef26ecec+3b79c]
	chromedriver!GetHandleVerifier [0x7ff6ef251bc4+1e674]
	chromedriver!GetHandleVerifier [0x7ff6ef251d54+1e804]
	chromedriver!GetHandleVerifier [0x7ff6ef2360e7+2b97]
	KERNEL32!BaseThreadInitThunk [0x7ffa119de957+17]
	ntdll!RtlUserThreadStart [0x7ffa1262427c+2c]

2026-05-25 11:53:11.926 | INFO     | __main__:run_cycle:77 - ✅ Cycle Complete. Waiting for next cycle.
2026-05-25 11:53:17.507 | INFO     | __main__:run_cycle:56 - 🔄 Starting Auto-Pilot Cycle...
2026-05-25 11:53:17.509 | INFO     | __main__:scan_for_upwork_jobs:23 - 🔍 [Auto-Pilot] Scanning Upwork for high-paying AI jobs...
2026-05-25 11:53:18.018 | INFO     | __main__:scan_for_upwork_jobs:25 - 📊 Found 0 new jobs to evaluate.
2026-05-25 11:53:18.018 | INFO     | __main__:evaluate_and_bid:32 - 💤 No new jobs to evaluate right now.
2026-05-25 11:53:18.018 | INFO     | __main__:check_messages_and_reply:48 - 💬 [Auto-Pilot] Checking client messages and auto-replying...
2026-05-25 11:53:18.018 | INFO     | __main__:run_cycle:60 - ✅ Cycle Complete. Waiting for next cycle.
2026-05-25 11:53:49.128 | INFO     | __main__:run_cycle:56 - 🔄 Starting Auto-Pilot Cycle...
2026-05-25 11:53:49.128 | INFO     | __main__:scan_for_upwork_jobs:23 - 🔍 [Auto-Pilot] Scanning Upwork for high-paying AI jobs...
2026-05-25 11:53:49.745 | INFO     | __main__:scan_for_upwork_jobs:25 - 📊 Found 0 new jobs to evaluate.
2026-05-25 11:53:49.747 | INFO     | __main__:evaluate_and_bid:32 - 💤 No new jobs to evaluate right now.
2026-05-25 11:53:49.747 | INFO     | __main__:check_messages_and_reply:48 - 💬 [Auto-Pilot] Checking client messages and auto-replying...
2026-05-25 11:53:49.749 | INFO     | __main__:run_cycle:60 - ✅ Cycle Complete. Waiting for next cycle.
2026-05-25 11:55:12.903 | INFO     | __main__:run_cycle:56 - 🔄 Starting Auto-Pilot Cycle...
2026-05-25 11:55:12.904 | INFO     | __main__:scan_for_upwork_jobs:23 - 🔍 [Auto-Pilot] Scanning Upwork for high-paying AI jobs...
2026-05-25 11:55:13.424 | INFO     | __main__:scan_for_upwork_jobs:25 - 📊 Found 0 new jobs to evaluate.
2026-05-25 11:55:13.424 | INFO     | __main__:evaluate_and_bid:32 - 💤 No new jobs to evaluate right now.
2026-05-25 11:55:13.426 | INFO     | __main__:check_messages_and_reply:48 - 💬 [Auto-Pilot] Checking client messages and auto-replying...
2026-05-25 11:55:13.426 | INFO     | __main__:run_cycle:60 - ✅ Cycle Complete. Waiting for next cycle.
2026-05-25 11:57:26.038 | INFO     | __main__:run_cycle:73 - 🔄 Starting Auto-Pilot Cycle...
2026-05-25 11:57:26.038 | INFO     | __main__:scan_for_upwork_jobs:27 - 🔍 [Auto-Pilot] Scanning Upwork for high-paying AI jobs...
2026-05-25 11:57:26.554 | INFO     | __main__:scan_for_upwork_jobs:29 - 📊 Found 0 new jobs to evaluate.
2026-05-25 11:57:26.556 | INFO     | __main__:evaluate_and_bid:36 - 💤 No new jobs to evaluate right now.
2026-05-25 11:57:26.558 | INFO     | __main__:check_messages_and_reply:52 - 💬 [Auto-Pilot] Checking for new leads in DB for WhatsApp outreach...
2026-05-25 11:57:32.232 | ERROR    | agents.whatsapp_agent:send_whatsapp_message:109 - ❌ Failed to send WhatsApp: Message: session not created: Chrome failed to start: crashed.
  (chrome not reachable)
  (The process started from chrome location C:\Program Files\Google\Chrome\Application\chrome.exe is no longer running, so ChromeDriver is assuming that Chrome has crashed.); For documentation on this error, please visit: https://www.selenium.dev/documentation/webdriver/troubleshooting/errors#sessionnotcreatedexception
Stacktrace:
	chromedriver!GetHandleVerifier [0x7ff6ef247de5+14895]
	chromedriver!GetHandleVerifier [0x7ff6ef247e50+14900]
	chromedriver!(No symbol) [0x7ff6eefad5ad]
	chromedriver!(No symbol) [0x7ff6eefef08b]
	chromedriver!(No symbol) [0x7ff6eefea349]
	chromedriver!(No symbol) [0x7ff6ef03dd21]
	chromedriver!(No symbol) [0x7ff6ef03d586]
	chromedriver!(No symbol) [0x7ff6eeff9df8]
	chromedriver!(No symbol) [0x7ff6eefface3]
	chromedriver!GetHandleVerifier [0x7ff6ef55cc49+3296f9]
	chromedriver!GetHandleVerifier [0x7ff6ef557375+323e25]
	chromedriver!GetHandleVerifier [0x7ff6ef57bc82+348732]
	chromedriver!GetHandleVerifier [0x7ff6ef266045+32af5]
	chromedriver!GetHandleVerifier [0x7ff6ef26ecec+3b79c]
	chromedriver!GetHandleVerifier [0x7ff6ef251bc4+1e674]
	chromedriver!GetHandleVerifier [0x7ff6ef251d54+1e804]
	chromedriver!GetHandleVerifier [0x7ff6ef2360e7+2b97]
	KERNEL32!BaseThreadInitThunk [0x7ffa119de957+17]
	ntdll!RtlUserThreadStart [0x7ffa1262427c+2c]

2026-05-25 11:57:32.237 | INFO     | __main__:run_cycle:77 - ✅ Cycle Complete. Waiting for next cycle.
2026-05-25 11:59:25.255 | INFO     | __main__:run_cycle:56 - 🔄 Starting Auto-Pilot Cycle...
2026-05-25 11:59:25.257 | INFO     | __main__:scan_for_upwork_jobs:23 - 🔍 [Auto-Pilot] Scanning Upwork for high-paying AI jobs...
2026-05-25 11:59:25.757 | INFO     | __main__:scan_for_upwork_jobs:25 - 📊 Found 0 new jobs to evaluate.
2026-05-25 11:59:25.757 | INFO     | __main__:evaluate_and_bid:32 - 💤 No new jobs to evaluate right now.
2026-05-25 11:59:25.757 | INFO     | __main__:check_messages_and_reply:48 - 💬 [Auto-Pilot] Checking client messages and auto-replying...
2026-05-25 11:59:25.757 | INFO     | __main__:run_cycle:60 - ✅ Cycle Complete. Waiting for next cycle.
2026-05-25 11:59:56.361 | INFO     | __main__:run_cycle:73 - 🔄 Starting Auto-Pilot Cycle...
2026-05-25 11:59:56.362 | INFO     | __main__:scan_for_upwork_jobs:27 - 🔍 [Auto-Pilot] Scanning Upwork for high-paying AI jobs...
2026-05-25 11:59:56.776 | INFO     | __main__:scan_for_upwork_jobs:29 - 📊 Found 0 new jobs to evaluate.
2026-05-25 11:59:56.778 | INFO     | __main__:evaluate_and_bid:36 - 💤 No new jobs to evaluate right now.
2026-05-25 11:59:56.778 | INFO     | __main__:check_messages_and_reply:52 - 💬 [Auto-Pilot] Checking for new leads in DB for WhatsApp outreach...
2026-05-25 11:59:58.174 | INFO     | agents.whatsapp_agent:send_whatsapp_message:55 - ⏳ Waiting for WhatsApp Web to load for 9009334845650...
2026-05-25 12:00:18.192 | ERROR    | agents.whatsapp_agent:send_whatsapp_message:70 - ❌ Failed to send WhatsApp: Message: no such element: Unable to locate element: {"method":"xpath","selector":"//span[@data-icon='send']"}
  (Session info: chrome=148.0.7778.179); For documentation on this error, please visit: https://www.selenium.dev/documentation/webdriver/troubleshooting/errors#nosuchelementexception
Stacktrace:
	chromedriver!GetHandleVerifier [0x7ff6ef247de5+14895]
	chromedriver!GetHandleVerifier [0x7ff6ef247e50+14900]
	chromedriver!(No symbol) [0x7ff6eefad5ad]
	chromedriver!(No symbol) [0x7ff6ef007822]
	chromedriver!(No symbol) [0x7ff6ef007b2c]
	chromedriver!(No symbol) [0x7ff6ef057d17]
	chromedriver!(No symbol) [0x7ff6ef05486f]
	chromedriver!(No symbol) [0x7ff6eeff9df8]
	chromedriver!(No symbol) [0x7ff6eefface3]
	chromedriver!GetHandleVerifier [0x7ff6ef55cc49+3296f9]
	chromedriver!GetHandleVerifier [0x7ff6ef557375+323e25]
	chromedriver!GetHandleVerifier [0x7ff6ef57bc82+348732]
	chromedriver!GetHandleVerifier [0x7ff6ef266045+32af5]
	chromedriver!GetHandleVerifier [0x7ff6ef26ecec+3b79c]
	chromedriver!GetHandleVerifier [0x7ff6ef251bc4+1e674]
	chromedriver!GetHandleVerifier [0x7ff6ef251d54+1e804]
	chromedriver!GetHandleVerifier [0x7ff6ef2360e7+2b97]
	KERNEL32!BaseThreadInitThunk [0x7ffa119de957+17]
	ntdll!RtlUserThreadStart [0x7ffa1262427c+2c]

2026-05-25 12:00:18.194 | INFO     | __main__:run_cycle:77 - ✅ Cycle Complete. Waiting for next cycle.
2026-05-25 12:01:10.482 | INFO     | __main__:run_cycle:73 - 🔄 Starting Auto-Pilot Cycle...
2026-05-25 12:01:10.483 | INFO     | __main__:scan_for_upwork_jobs:27 - 🔍 [Auto-Pilot] Scanning Upwork for high-paying AI jobs...
2026-05-25 12:01:10.876 | INFO     | __main__:scan_for_upwork_jobs:29 - 📊 Found 0 new jobs to evaluate.
2026-05-25 12:01:10.877 | INFO     | __main__:evaluate_and_bid:36 - 💤 No new jobs to evaluate right now.
2026-05-25 12:01:10.877 | INFO     | __main__:check_messages_and_reply:52 - 💬 [Auto-Pilot] Checking for new leads in DB for WhatsApp outreach...
2026-05-25 12:01:14.680 | ERROR    | agents.whatsapp_agent:send_whatsapp_message:70 - ❌ Failed to send WhatsApp: Message: session not created: Chrome failed to start: crashed.
  (session not created: DevToolsActivePort file doesn't exist)
  (The process started from chrome location C:\Program Files\Google\Chrome\Application\chrome.exe is no longer running, so ChromeDriver is assuming that Chrome has crashed.); For documentation on this error, please visit: https://www.selenium.dev/documentation/webdriver/troubleshooting/errors#sessionnotcreatedexception
Stacktrace:
	chromedriver!GetHandleVerifier [0x7ff6ef247de5+14895]
	chromedriver!GetHandleVerifier [0x7ff6ef247e50+14900]
	chromedriver!(No symbol) [0x7ff6eefad5ad]
	chromedriver!(No symbol) [0x7ff6eefef08b]
	chromedriver!(No symbol) [0x7ff6eefea349]
	chromedriver!(No symbol) [0x7ff6ef03dd21]
	chromedriver!(No symbol) [0x7ff6ef03d586]
	chromedriver!(No symbol) [0x7ff6eeff9df8]
	chromedriver!(No symbol) [0x7ff6eefface3]
	chromedriver!GetHandleVerifier [0x7ff6ef55cc49+3296f9]
	chromedriver!GetHandleVerifier [0x7ff6ef557375+323e25]
	chromedriver!GetHandleVerifier [0x7ff6ef57bc82+348732]
	chromedriver!GetHandleVerifier [0x7ff6ef266045+32af5]
	chromedriver!GetHandleVerifier [0x7ff6ef26ecec+3b79c]
	chromedriver!GetHandleVerifier [0x7ff6ef251bc4+1e674]
	chromedriver!GetHandleVerifier [0x7ff6ef251d54+1e804]
	chromedriver!GetHandleVerifier [0x7ff6ef2360e7+2b97]
	KERNEL32!BaseThreadInitThunk [0x7ffa119de957+17]
	ntdll!RtlUserThreadStart [0x7ffa1262427c+2c]

2026-05-25 12:01:14.683 | INFO     | __main__:run_cycle:77 - ✅ Cycle Complete. Waiting for next cycle.
2026-05-25 12:03:12.381 | INFO     | __main__:run_cycle:73 - 🔄 Starting Auto-Pilot Cycle...
2026-05-25 12:03:12.382 | INFO     | __main__:scan_for_upwork_jobs:27 - 🔍 [Auto-Pilot] Scanning Upwork for high-paying AI jobs...
2026-05-25 12:03:12.769 | INFO     | __main__:scan_for_upwork_jobs:29 - 📊 Found 0 new jobs to evaluate.
2026-05-25 12:03:12.769 | INFO     | __main__:evaluate_and_bid:36 - 💤 No new jobs to evaluate right now.
2026-05-25 12:03:12.769 | INFO     | __main__:check_messages_and_reply:52 - 💬 [Auto-Pilot] Checking for new leads in DB for WhatsApp outreach...
2026-05-25 12:03:18.070 | ERROR    | agents.whatsapp_agent:send_whatsapp_message:84 - ❌ Failed to send WhatsApp: Message: session not created: Chrome failed to start: crashed.
  (chrome not reachable)
  (The process started from chrome location C:\Program Files\Google\Chrome\Application\chrome.exe is no longer running, so ChromeDriver is assuming that Chrome has crashed.); For documentation on this error, please visit: https://www.selenium.dev/documentation/webdriver/troubleshooting/errors#sessionnotcreatedexception
Stacktrace:
	chromedriver!GetHandleVerifier [0x7ff6ef247de5+14895]
	chromedriver!GetHandleVerifier [0x7ff6ef247e50+14900]
	chromedriver!(No symbol) [0x7ff6eefad5ad]
	chromedriver!(No symbol) [0x7ff6eefef08b]
	chromedriver!(No symbol) [0x7ff6eefea349]
	chromedriver!(No symbol) [0x7ff6ef03dd21]
	chromedriver!(No symbol) [0x7ff6ef03d586]
	chromedriver!(No symbol) [0x7ff6eeff9df8]
	chromedriver!(No symbol) [0x7ff6eefface3]
	chromedriver!GetHandleVerifier [0x7ff6ef55cc49+3296f9]
	chromedriver!GetHandleVerifier [0x7ff6ef557375+323e25]
	chromedriver!GetHandleVerifier [0x7ff6ef57bc82+348732]
	chromedriver!GetHandleVerifier [0x7ff6ef266045+32af5]
	chromedriver!GetHandleVerifier [0x7ff6ef26ecec+3b79c]
	chromedriver!GetHandleVerifier [0x7ff6ef251bc4+1e674]
	chromedriver!GetHandleVerifier [0x7ff6ef251d54+1e804]
	chromedriver!GetHandleVerifier [0x7ff6ef2360e7+2b97]
	KERNEL32!BaseThreadInitThunk [0x7ffa119de957+17]
	ntdll!RtlUserThreadStart [0x7ffa1262427c+2c]

2026-05-25 12:03:18.073 | INFO     | __main__:run_cycle:77 - ✅ Cycle Complete. Waiting for next cycle.
2026-05-25 12:03:18.421 | INFO     | __main__:run_cycle:56 - 🔄 Starting Auto-Pilot Cycle...
2026-05-25 12:03:18.422 | INFO     | __main__:scan_for_upwork_jobs:23 - 🔍 [Auto-Pilot] Scanning Upwork for high-paying AI jobs...
2026-05-25 12:03:18.807 | INFO     | __main__:scan_for_upwork_jobs:25 - 📊 Found 0 new jobs to evaluate.
2026-05-25 12:03:18.807 | INFO     | __main__:evaluate_and_bid:32 - 💤 No new jobs to evaluate right now.
2026-05-25 12:03:18.807 | INFO     | __main__:check_messages_and_reply:48 - 💬 [Auto-Pilot] Checking client messages and auto-replying...
2026-05-25 12:03:18.807 | INFO     | __main__:run_cycle:60 - ✅ Cycle Complete. Waiting for next cycle.
2026-05-25 12:03:50.136 | INFO     | __main__:run_cycle:56 - 🔄 Starting Auto-Pilot Cycle...
2026-05-25 12:03:50.137 | INFO     | __main__:scan_for_upwork_jobs:23 - 🔍 [Auto-Pilot] Scanning Upwork for high-paying AI jobs...
2026-05-25 12:03:50.504 | INFO     | __main__:scan_for_upwork_jobs:25 - 📊 Found 0 new jobs to evaluate.
2026-05-25 12:03:50.505 | INFO     | __main__:evaluate_and_bid:32 - 💤 No new jobs to evaluate right now.
2026-05-25 12:03:50.505 | INFO     | __main__:check_messages_and_reply:48 - 💬 [Auto-Pilot] Checking client messages and auto-replying...
2026-05-25 12:03:50.505 | INFO     | __main__:run_cycle:60 - ✅ Cycle Complete. Waiting for next cycle.
2026-05-25 12:04:41.299 | INFO     | __main__:__init__:23 - 🤖 Auto-Pilot System Initialized. AI is ready to take over.
2026-05-25 12:04:41.302 | SUCCESS  | __main__:start_24_7_operation:90 - 🚀 100% AUTO-PILOT MODE ACTIVATED. You can go sleep now!
2026-05-25 12:04:41.302 | INFO     | __main__:run_cycle:79 - 🔄 Starting Auto-Pilot Cycle...
2026-05-25 12:04:41.302 | INFO     | __main__:scan_for_upwork_jobs:29 - 🔍 [Auto-Pilot] Scanning Upwork for high-paying AI jobs...
2026-05-25 12:04:41.684 | INFO     | __main__:scan_for_upwork_jobs:31 - 📊 Found 0 new jobs to evaluate.
2026-05-25 12:04:41.684 | INFO     | __main__:evaluate_and_bid:38 - 💤 No new jobs to evaluate right now.
2026-05-25 12:04:41.684 | INFO     | __main__:check_messages_and_reply:54 - 💬 [Auto-Pilot] Checking for new leads in DB for WhatsApp outreach...
2026-05-25 12:04:47.133 | ERROR    | agents.whatsapp_agent:send_whatsapp_message:109 - ❌ Failed to send WhatsApp: Message: session not created: Chrome failed to start: crashed.
  (chrome not reachable)
  (The process started from chrome location C:\Program Files\Google\Chrome\Application\chrome.exe is no longer running, so ChromeDriver is assuming that Chrome has crashed.); For documentation on this error, please visit: https://www.selenium.dev/documentation/webdriver/troubleshooting/errors#sessionnotcreatedexception
Stacktrace:
	chromedriver!GetHandleVerifier [0x7ff6ef247de5+14895]
	chromedriver!GetHandleVerifier [0x7ff6ef247e50+14900]
	chromedriver!(No symbol) [0x7ff6eefad5ad]
	chromedriver!(No symbol) [0x7ff6eefef08b]
	chromedriver!(No symbol) [0x7ff6eefea349]
	chromedriver!(No symbol) [0x7ff6ef03dd21]
	chromedriver!(No symbol) [0x7ff6ef03d586]
	chromedriver!(No symbol) [0x7ff6eeff9df8]
	chromedriver!(No symbol) [0x7ff6eefface3]
	chromedriver!GetHandleVerifier [0x7ff6ef55cc49+3296f9]
	chromedriver!GetHandleVerifier [0x7ff6ef557375+323e25]
	chromedriver!GetHandleVerifier [0x7ff6ef57bc82+348732]
	chromedriver!GetHandleVerifier [0x7ff6ef266045+32af5]
	chromedriver!GetHandleVerifier [0x7ff6ef26ecec+3b79c]
	chromedriver!GetHandleVerifier [0x7ff6ef251bc4+1e674]
	chromedriver!GetHandleVerifier [0x7ff6ef251d54+1e804]
	chromedriver!GetHandleVerifier [0x7ff6ef2360e7+2b97]
	KERNEL32!BaseThreadInitThunk [0x7ffa119de957+17]
	ntdll!RtlUserThreadStart [0x7ffa1262427c+2c]

2026-05-25 12:04:47.133 | INFO     | __main__:check_messages_and_reply:70 - 🔗 Attempting LinkedIn connection for Indigo...
2026-05-25 12:05:13.807 | INFO     | __main__:run_cycle:56 - 🔄 Starting Auto-Pilot Cycle...
2026-05-25 12:05:13.807 | INFO     | __main__:scan_for_upwork_jobs:23 - 🔍 [Auto-Pilot] Scanning Upwork for high-paying AI jobs...
2026-05-25 12:05:14.523 | INFO     | __main__:scan_for_upwork_jobs:25 - 📊 Found 0 new jobs to evaluate.
2026-05-25 12:05:14.524 | INFO     | __main__:evaluate_and_bid:32 - 💤 No new jobs to evaluate right now.
2026-05-25 12:05:14.524 | INFO     | __main__:check_messages_and_reply:48 - 💬 [Auto-Pilot] Checking client messages and auto-replying...
2026-05-25 12:05:14.524 | INFO     | __main__:run_cycle:60 - ✅ Cycle Complete. Waiting for next cycle.
2026-05-25 12:05:56.528 | INFO     | __main__:check_messages_and_reply:70 - 🔗 Attempting LinkedIn connection for Lululemon...
2026-05-25 12:06:10.180 | INFO     | __main__:check_messages_and_reply:70 - 🔗 Attempting LinkedIn connection for Hudson's Bay...
2026-05-25 12:06:23.849 | INFO     | __main__:run_cycle:83 - ✅ Cycle Complete. Waiting for next cycle.
2026-05-25 12:07:32.728 | INFO     | __main__:run_cycle:73 - 🔄 Starting Auto-Pilot Cycle...
2026-05-25 12:07:32.729 | INFO     | __main__:scan_for_upwork_jobs:27 - 🔍 [Auto-Pilot] Scanning Upwork for high-paying AI jobs...
2026-05-25 12:07:33.107 | INFO     | __main__:scan_for_upwork_jobs:29 - 📊 Found 0 new jobs to evaluate.
2026-05-25 12:07:33.109 | INFO     | __main__:evaluate_and_bid:36 - 💤 No new jobs to evaluate right now.
2026-05-25 12:07:33.109 | INFO     | __main__:check_messages_and_reply:52 - 💬 [Auto-Pilot] Checking for new leads in DB for WhatsApp outreach...
2026-05-25 12:07:39.412 | ERROR    | agents.whatsapp_agent:send_whatsapp_message:109 - ❌ Failed to send WhatsApp: Message: session not created: Chrome failed to start: crashed.
  (chrome not reachable)
  (The process started from chrome location C:\Program Files\Google\Chrome\Application\chrome.exe is no longer running, so ChromeDriver is assuming that Chrome has crashed.); For documentation on this error, please visit: https://www.selenium.dev/documentation/webdriver/troubleshooting/errors#sessionnotcreatedexception
Stacktrace:
	chromedriver!GetHandleVerifier [0x7ff6ef247de5+14895]
	chromedriver!GetHandleVerifier [0x7ff6ef247e50+14900]
	chromedriver!(No symbol) [0x7ff6eefad5ad]
	chromedriver!(No symbol) [0x7ff6eefef08b]
	chromedriver!(No symbol) [0x7ff6eefea349]
	chromedriver!(No symbol) [0x7ff6ef03dd21]
	chromedriver!(No symbol) [0x7ff6ef03d586]
	chromedriver!(No symbol) [0x7ff6eeff9df8]
	chromedriver!(No symbol) [0x7ff6eefface3]
	chromedriver!GetHandleVerifier [0x7ff6ef55cc49+3296f9]
	chromedriver!GetHandleVerifier [0x7ff6ef557375+323e25]
	chromedriver!GetHandleVerifier [0x7ff6ef57bc82+348732]
	chromedriver!GetHandleVerifier [0x7ff6ef266045+32af5]
	chromedriver!GetHandleVerifier [0x7ff6ef26ecec+3b79c]
	chromedriver!GetHandleVerifier [0x7ff6ef251bc4+1e674]
	chromedriver!GetHandleVerifier [0x7ff6ef251d54+1e804]
	chromedriver!GetHandleVerifier [0x7ff6ef2360e7+2b97]
	KERNEL32!BaseThreadInitThunk [0x7ffa119de957+17]
	ntdll!RtlUserThreadStart [0x7ffa1262427c+2c]

2026-05-25 12:07:39.413 | INFO     | __main__:run_cycle:77 - ✅ Cycle Complete. Waiting for next cycle.
2026-05-25 12:09:26.210 | INFO     | __main__:run_cycle:56 - 🔄 Starting Auto-Pilot Cycle...
2026-05-25 12:09:26.210 | INFO     | __main__:scan_for_upwork_jobs:23 - 🔍 [Auto-Pilot] Scanning Upwork for high-paying AI jobs...
2026-05-25 12:09:26.683 | INFO     | __main__:scan_for_upwork_jobs:25 - 📊 Found 0 new jobs to evaluate.
2026-05-25 12:09:26.683 | INFO     | __main__:evaluate_and_bid:32 - 💤 No new jobs to evaluate right now.
2026-05-25 12:09:26.683 | INFO     | __main__:check_messages_and_reply:48 - 💬 [Auto-Pilot] Checking client messages and auto-replying...
2026-05-25 12:09:26.683 | INFO     | __main__:run_cycle:60 - ✅ Cycle Complete. Waiting for next cycle.
2026-05-25 12:10:18.757 | INFO     | __main__:run_cycle:73 - 🔄 Starting Auto-Pilot Cycle...
2026-05-25 12:10:18.757 | INFO     | __main__:scan_for_upwork_jobs:27 - 🔍 [Auto-Pilot] Scanning Upwork for high-paying AI jobs...
2026-05-25 12:10:19.203 | INFO     | __main__:scan_for_upwork_jobs:29 - 📊 Found 0 new jobs to evaluate.
2026-05-25 12:10:19.203 | INFO     | __main__:evaluate_and_bid:36 - 💤 No new jobs to evaluate right now.
2026-05-25 12:10:19.203 | INFO     | __main__:check_messages_and_reply:52 - 💬 [Auto-Pilot] Checking for new leads in DB for WhatsApp outreach...
2026-05-25 12:10:20.809 | INFO     | agents.whatsapp_agent:send_whatsapp_message:55 - ⏳ Waiting for WhatsApp Web to load for 9009334845650...
2026-05-25 12:10:40.837 | ERROR    | agents.whatsapp_agent:send_whatsapp_message:70 - ❌ Failed to send WhatsApp: Message: no such element: Unable to locate element: {"method":"xpath","selector":"//span[@data-icon='send']"}
  (Session info: chrome=148.0.7778.179); For documentation on this error, please visit: https://www.selenium.dev/documentation/webdriver/troubleshooting/errors#nosuchelementexception
Stacktrace:
	chromedriver!GetHandleVerifier [0x7ff6ef247de5+14895]
	chromedriver!GetHandleVerifier [0x7ff6ef247e50+14900]
	chromedriver!(No symbol) [0x7ff6eefad5ad]
	chromedriver!(No symbol) [0x7ff6ef007822]
	chromedriver!(No symbol) [0x7ff6ef007b2c]
	chromedriver!(No symbol) [0x7ff6ef057d17]
	chromedriver!(No symbol) [0x7ff6ef05486f]
	chromedriver!(No symbol) [0x7ff6eeff9df8]
	chromedriver!(No symbol) [0x7ff6eefface3]
	chromedriver!GetHandleVerifier [0x7ff6ef55cc49+3296f9]
	chromedriver!GetHandleVerifier [0x7ff6ef557375+323e25]
	chromedriver!GetHandleVerifier [0x7ff6ef57bc82+348732]
	chromedriver!GetHandleVerifier [0x7ff6ef266045+32af5]
	chromedriver!GetHandleVerifier [0x7ff6ef26ecec+3b79c]
	chromedriver!GetHandleVerifier [0x7ff6ef251bc4+1e674]
	chromedriver!GetHandleVerifier [0x7ff6ef251d54+1e804]
	chromedriver!GetHandleVerifier [0x7ff6ef2360e7+2b97]
	KERNEL32!BaseThreadInitThunk [0x7ffa119de957+17]
	ntdll!RtlUserThreadStart [0x7ffa1262427c+2c]

2026-05-25 12:10:40.839 | INFO     | __main__:run_cycle:77 - ✅ Cycle Complete. Waiting for next cycle.
2026-05-25 12:11:15.073 | INFO     | __main__:run_cycle:73 - 🔄 Starting Auto-Pilot Cycle...
2026-05-25 12:11:15.073 | INFO     | __main__:scan_for_upwork_jobs:27 - 🔍 [Auto-Pilot] Scanning Upwork for high-paying AI jobs...
2026-05-25 12:11:15.604 | INFO     | __main__:scan_for_upwork_jobs:29 - 📊 Found 0 new jobs to evaluate.
2026-05-25 12:11:15.606 | INFO     | __main__:evaluate_and_bid:36 - 💤 No new jobs to evaluate right now.
2026-05-25 12:11:15.607 | INFO     | __main__:check_messages_and_reply:52 - 💬 [Auto-Pilot] Checking for new leads in DB for WhatsApp outreach...
2026-05-25 12:11:19.005 | ERROR    | agents.whatsapp_agent:send_whatsapp_message:70 - ❌ Failed to send WhatsApp: Message: session not created: Chrome failed to start: crashed.
  (session not created: DevToolsActivePort file doesn't exist)
  (The process started from chrome location C:\Program Files\Google\Chrome\Application\chrome.exe is no longer running, so ChromeDriver is assuming that Chrome has crashed.); For documentation on this error, please visit: https://www.selenium.dev/documentation/webdriver/troubleshooting/errors#sessionnotcreatedexception
Stacktrace:
	chromedriver!GetHandleVerifier [0x7ff6ef247de5+14895]
	chromedriver!GetHandleVerifier [0x7ff6ef247e50+14900]
	chromedriver!(No symbol) [0x7ff6eefad5ad]
	chromedriver!(No symbol) [0x7ff6eefef08b]
	chromedriver!(No symbol) [0x7ff6eefea349]
	chromedriver!(No symbol) [0x7ff6ef03dd21]
	chromedriver!(No symbol) [0x7ff6ef03d586]
	chromedriver!(No symbol) [0x7ff6eeff9df8]
	chromedriver!(No symbol) [0x7ff6eefface3]
	chromedriver!GetHandleVerifier [0x7ff6ef55cc49+3296f9]
	chromedriver!GetHandleVerifier [0x7ff6ef557375+323e25]
	chromedriver!GetHandleVerifier [0x7ff6ef57bc82+348732]
	chromedriver!GetHandleVerifier [0x7ff6ef266045+32af5]
	chromedriver!GetHandleVerifier [0x7ff6ef26ecec+3b79c]
	chromedriver!GetHandleVerifier [0x7ff6ef251bc4+1e674]
	chromedriver!GetHandleVerifier [0x7ff6ef251d54+1e804]
	chromedriver!GetHandleVerifier [0x7ff6ef2360e7+2b97]
	KERNEL32!BaseThreadInitThunk [0x7ffa119de957+17]
	ntdll!RtlUserThreadStart [0x7ffa1262427c+2c]

2026-05-25 12:11:19.007 | INFO     | __main__:run_cycle:77 - ✅ Cycle Complete. Waiting for next cycle.
2026-05-25 12:13:18.422 | INFO     | __main__:run_cycle:73 - 🔄 Starting Auto-Pilot Cycle...
2026-05-25 12:13:18.422 | INFO     | __main__:scan_for_upwork_jobs:27 - 🔍 [Auto-Pilot] Scanning Upwork for high-paying AI jobs...
2026-05-25 12:13:19.187 | INFO     | __main__:run_cycle:56 - 🔄 Starting Auto-Pilot Cycle...
2026-05-25 12:13:19.187 | INFO     | __main__:scan_for_upwork_jobs:23 - 🔍 [Auto-Pilot] Scanning Upwork for high-paying AI jobs...
2026-05-25 12:13:19.511 | INFO     | __main__:scan_for_upwork_jobs:25 - 📊 Found 0 new jobs to evaluate.
2026-05-25 12:13:19.511 | INFO     | __main__:evaluate_and_bid:32 - 💤 No new jobs to evaluate right now.
2026-05-25 12:13:19.512 | INFO     | __main__:check_messages_and_reply:48 - 💬 [Auto-Pilot] Checking client messages and auto-replying...
2026-05-25 12:13:19.512 | INFO     | __main__:run_cycle:60 - ✅ Cycle Complete. Waiting for next cycle.
2026-05-25 12:13:20.007 | INFO     | __main__:scan_for_upwork_jobs:29 - 📊 Found 0 new jobs to evaluate.
2026-05-25 12:13:20.007 | INFO     | __main__:evaluate_and_bid:36 - 💤 No new jobs to evaluate right now.
2026-05-25 12:13:20.007 | INFO     | __main__:check_messages_and_reply:52 - 💬 [Auto-Pilot] Checking for new leads in DB for WhatsApp outreach...
2026-05-25 12:13:25.924 | ERROR    | agents.whatsapp_agent:send_whatsapp_message:84 - ❌ Failed to send WhatsApp: Message: session not created: Chrome failed to start: crashed.
  (chrome not reachable)
  (The process started from chrome location C:\Program Files\Google\Chrome\Application\chrome.exe is no longer running, so ChromeDriver is assuming that Chrome has crashed.); For documentation on this error, please visit: https://www.selenium.dev/documentation/webdriver/troubleshooting/errors#sessionnotcreatedexception
Stacktrace:
	chromedriver!GetHandleVerifier [0x7ff6ef247de5+14895]
	chromedriver!GetHandleVerifier [0x7ff6ef247e50+14900]
	chromedriver!(No symbol) [0x7ff6eefad5ad]
	chromedriver!(No symbol) [0x7ff6eefef08b]
	chromedriver!(No symbol) [0x7ff6eefea349]
	chromedriver!(No symbol) [0x7ff6ef03dd21]
	chromedriver!(No symbol) [0x7ff6ef03d586]
	chromedriver!(No symbol) [0x7ff6eeff9df8]
	chromedriver!(No symbol) [0x7ff6eefface3]
	chromedriver!GetHandleVerifier [0x7ff6ef55cc49+3296f9]
	chromedriver!GetHandleVerifier [0x7ff6ef557375+323e25]
	chromedriver!GetHandleVerifier [0x7ff6ef57bc82+348732]
	chromedriver!GetHandleVerifier [0x7ff6ef266045+32af5]
	chromedriver!GetHandleVerifier [0x7ff6ef26ecec+3b79c]
	chromedriver!GetHandleVerifier [0x7ff6ef251bc4+1e674]
	chromedriver!GetHandleVerifier [0x7ff6ef251d54+1e804]
	chromedriver!GetHandleVerifier [0x7ff6ef2360e7+2b97]
	KERNEL32!BaseThreadInitThunk [0x7ffa119de957+17]
	ntdll!RtlUserThreadStart [0x7ffa1262427c+2c]

2026-05-25 12:13:25.926 | INFO     | __main__:run_cycle:77 - ✅ Cycle Complete. Waiting for next cycle.
2026-05-25 12:13:50.887 | INFO     | __main__:run_cycle:56 - 🔄 Starting Auto-Pilot Cycle...
2026-05-25 12:13:50.887 | INFO     | __main__:scan_for_upwork_jobs:23 - 🔍 [Auto-Pilot] Scanning Upwork for high-paying AI jobs...
2026-05-25 12:13:51.233 | INFO     | __main__:scan_for_upwork_jobs:25 - 📊 Found 0 new jobs to evaluate.
2026-05-25 12:13:51.234 | INFO     | __main__:evaluate_and_bid:32 - 💤 No new jobs to evaluate right now.
2026-05-25 12:13:51.234 | INFO     | __main__:check_messages_and_reply:48 - 💬 [Auto-Pilot] Checking client messages and auto-replying...
2026-05-25 12:13:51.235 | INFO     | __main__:run_cycle:60 - ✅ Cycle Complete. Waiting for next cycle.
2026-05-25 12:14:42.156 | INFO     | __main__:run_cycle:79 - 🔄 Starting Auto-Pilot Cycle...
2026-05-25 12:14:42.157 | INFO     | __main__:scan_for_upwork_jobs:29 - 🔍 [Auto-Pilot] Scanning Upwork for high-paying AI jobs...
2026-05-25 12:14:42.503 | INFO     | __main__:scan_for_upwork_jobs:31 - 📊 Found 0 new jobs to evaluate.
2026-05-25 12:14:42.503 | INFO     | __main__:evaluate_and_bid:38 - 💤 No new jobs to evaluate right now.
2026-05-25 12:14:42.503 | INFO     | __main__:check_messages_and_reply:54 - 💬 [Auto-Pilot] Checking for new leads in DB for WhatsApp outreach...
2026-05-25 12:14:48.867 | ERROR    | agents.whatsapp_agent:send_whatsapp_message:109 - ❌ Failed to send WhatsApp: Message: session not created: Chrome failed to start: crashed.
  (chrome not reachable)
  (The process started from chrome location C:\Program Files\Google\Chrome\Application\chrome.exe is no longer running, so ChromeDriver is assuming that Chrome has crashed.); For documentation on this error, please visit: https://www.selenium.dev/documentation/webdriver/troubleshooting/errors#sessionnotcreatedexception
Stacktrace:
	chromedriver!GetHandleVerifier [0x7ff6ef247de5+14895]
	chromedriver!GetHandleVerifier [0x7ff6ef247e50+14900]
	chromedriver!(No symbol) [0x7ff6eefad5ad]
	chromedriver!(No symbol) [0x7ff6eefef08b]
	chromedriver!(No symbol) [0x7ff6eefea349]
	chromedriver!(No symbol) [0x7ff6ef03dd21]
	chromedriver!(No symbol) [0x7ff6ef03d586]
	chromedriver!(No symbol) [0x7ff6eeff9df8]
	chromedriver!(No symbol) [0x7ff6eefface3]
	chromedriver!GetHandleVerifier [0x7ff6ef55cc49+3296f9]
	chromedriver!GetHandleVerifier [0x7ff6ef557375+323e25]
	chromedriver!GetHandleVerifier [0x7ff6ef57bc82+348732]
	chromedriver!GetHandleVerifier [0x7ff6ef266045+32af5]
	chromedriver!GetHandleVerifier [0x7ff6ef26ecec+3b79c]
	chromedriver!GetHandleVerifier [0x7ff6ef251bc4+1e674]
	chromedriver!GetHandleVerifier [0x7ff6ef251d54+1e804]
	chromedriver!GetHandleVerifier [0x7ff6ef2360e7+2b97]
	KERNEL32!BaseThreadInitThunk [0x7ffa119de957+17]
	ntdll!RtlUserThreadStart [0x7ffa1262427c+2c]

2026-05-25 12:14:48.871 | INFO     | __main__:check_messages_and_reply:70 - 🔗 Attempting LinkedIn connection for Indigo...
2026-05-25 12:15:02.349 | INFO     | __main__:check_messages_and_reply:70 - 🔗 Attempting LinkedIn connection for Lululemon...
2026-05-25 12:15:14.950 | INFO     | __main__:run_cycle:56 - 🔄 Starting Auto-Pilot Cycle...
2026-05-25 12:15:14.951 | INFO     | __main__:scan_for_upwork_jobs:23 - 🔍 [Auto-Pilot] Scanning Upwork for high-paying AI jobs...
2026-05-25 12:15:15.420 | INFO     | __main__:scan_for_upwork_jobs:25 - 📊 Found 0 new jobs to evaluate.
2026-05-25 12:15:15.421 | INFO     | __main__:evaluate_and_bid:32 - 💤 No new jobs to evaluate right now.
2026-05-25 12:15:15.422 | INFO     | __main__:check_messages_and_reply:48 - 💬 [Auto-Pilot] Checking client messages and auto-replying...
2026-05-25 12:15:15.422 | INFO     | __main__:run_cycle:60 - ✅ Cycle Complete. Waiting for next cycle.
2026-05-25 12:15:15.594 | INFO     | __main__:check_messages_and_reply:70 - 🔗 Attempting LinkedIn connection for Hudson's Bay...
2026-05-25 12:15:28.998 | INFO     | __main__:run_cycle:83 - ✅ Cycle Complete. Waiting for next cycle.
2026-05-25 12:17:39.802 | INFO     | __main__:run_cycle:73 - 🔄 Starting Auto-Pilot Cycle...
2026-05-25 12:17:39.803 | INFO     | __main__:scan_for_upwork_jobs:27 - 🔍 [Auto-Pilot] Scanning Upwork for high-paying AI jobs...
2026-05-25 12:17:40.209 | INFO     | __main__:scan_for_upwork_jobs:29 - 📊 Found 0 new jobs to evaluate.
2026-05-25 12:17:40.212 | INFO     | __main__:evaluate_and_bid:36 - 💤 No new jobs to evaluate right now.
2026-05-25 12:17:40.213 | INFO     | __main__:check_messages_and_reply:52 - 💬 [Auto-Pilot] Checking for new leads in DB for WhatsApp outreach...
2026-05-25 12:17:46.177 | ERROR    | agents.whatsapp_agent:send_whatsapp_message:109 - ❌ Failed to send WhatsApp: Message: session not created: Chrome failed to start: crashed.
  (chrome not reachable)
  (The process started from chrome location C:\Program Files\Google\Chrome\Application\chrome.exe is no longer running, so ChromeDriver is assuming that Chrome has crashed.); For documentation on this error, please visit: https://www.selenium.dev/documentation/webdriver/troubleshooting/errors#sessionnotcreatedexception
Stacktrace:
	chromedriver!GetHandleVerifier [0x7ff6ef247de5+14895]
	chromedriver!GetHandleVerifier [0x7ff6ef247e50+14900]
	chromedriver!(No symbol) [0x7ff6eefad5ad]
	chromedriver!(No symbol) [0x7ff6eefef08b]
	chromedriver!(No symbol) [0x7ff6eefea349]
	chromedriver!(No symbol) [0x7ff6ef03dd21]
	chromedriver!(No symbol) [0x7ff6ef03d586]
	chromedriver!(No symbol) [0x7ff6eeff9df8]
	chromedriver!(No symbol) [0x7ff6eefface3]
	chromedriver!GetHandleVerifier [0x7ff6ef55cc49+3296f9]
	chromedriver!GetHandleVerifier [0x7ff6ef557375+323e25]
	chromedriver!GetHandleVerifier [0x7ff6ef57bc82+348732]
	chromedriver!GetHandleVerifier [0x7ff6ef266045+32af5]
	chromedriver!GetHandleVerifier [0x7ff6ef26ecec+3b79c]
	chromedriver!GetHandleVerifier [0x7ff6ef251bc4+1e674]
	chromedriver!GetHandleVerifier [0x7ff6ef251d54+1e804]
	chromedriver!GetHandleVerifier [0x7ff6ef2360e7+2b97]
	KERNEL32!BaseThreadInitThunk [0x7ffa119de957+17]
	ntdll!RtlUserThreadStart [0x7ffa1262427c+2c]

2026-05-25 12:17:46.179 | INFO     | __main__:run_cycle:77 - ✅ Cycle Complete. Waiting for next cycle.
2026-05-25 12:19:27.074 | INFO     | __main__:run_cycle:56 - 🔄 Starting Auto-Pilot Cycle...
2026-05-25 12:19:27.074 | INFO     | __main__:scan_for_upwork_jobs:23 - 🔍 [Auto-Pilot] Scanning Upwork for high-paying AI jobs...
2026-05-25 12:19:27.472 | INFO     | __main__:scan_for_upwork_jobs:25 - 📊 Found 0 new jobs to evaluate.
2026-05-25 12:19:27.472 | INFO     | __main__:evaluate_and_bid:32 - 💤 No new jobs to evaluate right now.
2026-05-25 12:19:27.472 | INFO     | __main__:check_messages_and_reply:48 - 💬 [Auto-Pilot] Checking client messages and auto-replying...
2026-05-25 12:19:27.472 | INFO     | __main__:run_cycle:60 - ✅ Cycle Complete. Waiting for next cycle.
2026-05-25 12:20:41.210 | INFO     | __main__:run_cycle:73 - 🔄 Starting Auto-Pilot Cycle...
2026-05-25 12:20:41.212 | INFO     | __main__:scan_for_upwork_jobs:27 - 🔍 [Auto-Pilot] Scanning Upwork for high-paying AI jobs...
2026-05-25 12:20:42.652 | INFO     | __main__:scan_for_upwork_jobs:29 - 📊 Found 0 new jobs to evaluate.
2026-05-25 12:20:42.653 | INFO     | __main__:evaluate_and_bid:36 - 💤 No new jobs to evaluate right now.
2026-05-25 12:20:42.654 | INFO     | __main__:check_messages_and_reply:52 - 💬 [Auto-Pilot] Checking for new leads in DB for WhatsApp outreach...
2026-05-25 12:20:45.112 | INFO     | agents.whatsapp_agent:send_whatsapp_message:55 - ⏳ Waiting for WhatsApp Web to load for 9009334845650...
2026-05-25 12:21:05.135 | ERROR    | agents.whatsapp_agent:send_whatsapp_message:70 - ❌ Failed to send WhatsApp: Message: no such element: Unable to locate element: {"method":"xpath","selector":"//span[@data-icon='send']"}
  (Session info: chrome=148.0.7778.179); For documentation on this error, please visit: https://www.selenium.dev/documentation/webdriver/troubleshooting/errors#nosuchelementexception
Stacktrace:
	chromedriver!GetHandleVerifier [0x7ff6ef247de5+14895]
	chromedriver!GetHandleVerifier [0x7ff6ef247e50+14900]
	chromedriver!(No symbol) [0x7ff6eefad5ad]
	chromedriver!(No symbol) [0x7ff6ef007822]
	chromedriver!(No symbol) [0x7ff6ef007b2c]
	chromedriver!(No symbol) [0x7ff6ef057d17]
	chromedriver!(No symbol) [0x7ff6ef05486f]
	chromedriver!(No symbol) [0x7ff6eeff9df8]
	chromedriver!(No symbol) [0x7ff6eefface3]
	chromedriver!GetHandleVerifier [0x7ff6ef55cc49+3296f9]
	chromedriver!GetHandleVerifier [0x7ff6ef557375+323e25]
	chromedriver!GetHandleVerifier [0x7ff6ef57bc82+348732]
	chromedriver!GetHandleVerifier [0x7ff6ef266045+32af5]
	chromedriver!GetHandleVerifier [0x7ff6ef26ecec+3b79c]
	chromedriver!GetHandleVerifier [0x7ff6ef251bc4+1e674]
	chromedriver!GetHandleVerifier [0x7ff6ef251d54+1e804]
	chromedriver!GetHandleVerifier [0x7ff6ef2360e7+2b97]
	KERNEL32!BaseThreadInitThunk [0x7ffa119de957+17]
	ntdll!RtlUserThreadStart [0x7ffa1262427c+2c]

2026-05-25 12:21:05.135 | INFO     | __main__:run_cycle:77 - ✅ Cycle Complete. Waiting for next cycle.
2026-05-25 12:21:19.396 | INFO     | __main__:run_cycle:73 - 🔄 Starting Auto-Pilot Cycle...
2026-05-25 12:21:19.396 | INFO     | __main__:scan_for_upwork_jobs:27 - 🔍 [Auto-Pilot] Scanning Upwork for high-paying AI jobs...
2026-05-25 12:21:19.955 | INFO     | __main__:scan_for_upwork_jobs:29 - 📊 Found 0 new jobs to evaluate.
2026-05-25 12:21:19.955 | INFO     | __main__:evaluate_and_bid:36 - 💤 No new jobs to evaluate right now.
2026-05-25 12:21:19.956 | INFO     | __main__:check_messages_and_reply:52 - 💬 [Auto-Pilot] Checking for new leads in DB for WhatsApp outreach...
2026-05-25 12:21:23.241 | ERROR    | agents.whatsapp_agent:send_whatsapp_message:70 - ❌ Failed to send WhatsApp: Message: session not created: Chrome failed to start: crashed.
  (session not created: DevToolsActivePort file doesn't exist)
  (The process started from chrome location C:\Program Files\Google\Chrome\Application\chrome.exe is no longer running, so ChromeDriver is assuming that Chrome has crashed.); For documentation on this error, please visit: https://www.selenium.dev/documentation/webdriver/troubleshooting/errors#sessionnotcreatedexception
Stacktrace:
	chromedriver!GetHandleVerifier [0x7ff6ef247de5+14895]
	chromedriver!GetHandleVerifier [0x7ff6ef247e50+14900]
	chromedriver!(No symbol) [0x7ff6eefad5ad]
	chromedriver!(No symbol) [0x7ff6eefef08b]
	chromedriver!(No symbol) [0x7ff6eefea349]
	chromedriver!(No symbol) [0x7ff6ef03dd21]
	chromedriver!(No symbol) [0x7ff6ef03d586]
	chromedriver!(No symbol) [0x7ff6eeff9df8]
	chromedriver!(No symbol) [0x7ff6eefface3]
	chromedriver!GetHandleVerifier [0x7ff6ef55cc49+3296f9]
	chromedriver!GetHandleVerifier [0x7ff6ef557375+323e25]
	chromedriver!GetHandleVerifier [0x7ff6ef57bc82+348732]
	chromedriver!GetHandleVerifier [0x7ff6ef266045+32af5]
	chromedriver!GetHandleVerifier [0x7ff6ef26ecec+3b79c]
	chromedriver!GetHandleVerifier [0x7ff6ef251bc4+1e674]
	chromedriver!GetHandleVerifier [0x7ff6ef251d54+1e804]
	chromedriver!GetHandleVerifier [0x7ff6ef2360e7+2b97]
	KERNEL32!BaseThreadInitThunk [0x7ffa119de957+17]
	ntdll!RtlUserThreadStart [0x7ffa1262427c+2c]

2026-05-25 12:21:23.244 | INFO     | __main__:run_cycle:77 - ✅ Cycle Complete. Waiting for next cycle.
2026-05-25 12:23:19.926 | INFO     | __main__:run_cycle:56 - 🔄 Starting Auto-Pilot Cycle...
2026-05-25 12:23:19.927 | INFO     | __main__:scan_for_upwork_jobs:23 - 🔍 [Auto-Pilot] Scanning Upwork for high-paying AI jobs...
2026-05-25 12:23:20.282 | INFO     | __main__:scan_for_upwork_jobs:25 - 📊 Found 0 new jobs to evaluate.
2026-05-25 12:23:20.282 | INFO     | __main__:evaluate_and_bid:32 - 💤 No new jobs to evaluate right now.
2026-05-25 12:23:20.282 | INFO     | __main__:check_messages_and_reply:48 - 💬 [Auto-Pilot] Checking client messages and auto-replying...
2026-05-25 12:23:20.282 | INFO     | __main__:run_cycle:60 - ✅ Cycle Complete. Waiting for next cycle.
2026-05-25 12:23:26.322 | INFO     | __main__:run_cycle:73 - 🔄 Starting Auto-Pilot Cycle...
2026-05-25 12:23:26.323 | INFO     | __main__:scan_for_upwork_jobs:27 - 🔍 [Auto-Pilot] Scanning Upwork for high-paying AI jobs...
2026-05-25 12:23:26.754 | INFO     | __main__:scan_for_upwork_jobs:29 - 📊 Found 0 new jobs to evaluate.
2026-05-25 12:23:26.756 | INFO     | __main__:evaluate_and_bid:36 - 💤 No new jobs to evaluate right now.
2026-05-25 12:23:26.756 | INFO     | __main__:check_messages_and_reply:52 - 💬 [Auto-Pilot] Checking for new leads in DB for WhatsApp outreach...
2026-05-25 12:23:32.224 | ERROR    | agents.whatsapp_agent:send_whatsapp_message:84 - ❌ Failed to send WhatsApp: Message: session not created: Chrome failed to start: crashed.
  (chrome not reachable)
  (The process started from chrome location C:\Program Files\Google\Chrome\Application\chrome.exe is no longer running, so ChromeDriver is assuming that Chrome has crashed.); For documentation on this error, please visit: https://www.selenium.dev/documentation/webdriver/troubleshooting/errors#sessionnotcreatedexception
Stacktrace:
	chromedriver!GetHandleVerifier [0x7ff6ef247de5+14895]
	chromedriver!GetHandleVerifier [0x7ff6ef247e50+14900]
	chromedriver!(No symbol) [0x7ff6eefad5ad]
	chromedriver!(No symbol) [0x7ff6eefef08b]
	chromedriver!(No symbol) [0x7ff6eefea349]
	chromedriver!(No symbol) [0x7ff6ef03dd21]
	chromedriver!(No symbol) [0x7ff6ef03d586]
	chromedriver!(No symbol) [0x7ff6eeff9df8]
	chromedriver!(No symbol) [0x7ff6eefface3]
	chromedriver!GetHandleVerifier [0x7ff6ef55cc49+3296f9]
	chromedriver!GetHandleVerifier [0x7ff6ef557375+323e25]
	chromedriver!GetHandleVerifier [0x7ff6ef57bc82+348732]
	chromedriver!GetHandleVerifier [0x7ff6ef266045+32af5]
	chromedriver!GetHandleVerifier [0x7ff6ef26ecec+3b79c]
	chromedriver!GetHandleVerifier [0x7ff6ef251bc4+1e674]
	chromedriver!GetHandleVerifier [0x7ff6ef251d54+1e804]
	chromedriver!GetHandleVerifier [0x7ff6ef2360e7+2b97]
	KERNEL32!BaseThreadInitThunk [0x7ffa119de957+17]
	ntdll!RtlUserThreadStart [0x7ffa1262427c+2c]

2026-05-25 12:23:32.227 | INFO     | __main__:run_cycle:77 - ✅ Cycle Complete. Waiting for next cycle.
2026-05-25 12:23:51.627 | INFO     | __main__:run_cycle:56 - 🔄 Starting Auto-Pilot Cycle...
2026-05-25 12:23:51.628 | INFO     | __main__:scan_for_upwork_jobs:23 - 🔍 [Auto-Pilot] Scanning Upwork for high-paying AI jobs...
2026-05-25 12:23:52.124 | INFO     | __main__:scan_for_upwork_jobs:25 - 📊 Found 0 new jobs to evaluate.
2026-05-25 12:23:52.124 | INFO     | __main__:evaluate_and_bid:32 - 💤 No new jobs to evaluate right now.
2026-05-25 12:23:52.126 | INFO     | __main__:check_messages_and_reply:48 - 💬 [Auto-Pilot] Checking client messages and auto-replying...
2026-05-25 12:23:52.126 | INFO     | __main__:run_cycle:60 - ✅ Cycle Complete. Waiting for next cycle.
2026-05-25 12:25:15.799 | INFO     | __main__:run_cycle:56 - 🔄 Starting Auto-Pilot Cycle...
2026-05-25 12:25:15.799 | INFO     | __main__:scan_for_upwork_jobs:23 - 🔍 [Auto-Pilot] Scanning Upwork for high-paying AI jobs...
2026-05-25 12:25:16.199 | INFO     | __main__:scan_for_upwork_jobs:25 - 📊 Found 0 new jobs to evaluate.
2026-05-25 12:25:16.202 | INFO     | __main__:evaluate_and_bid:32 - 💤 No new jobs to evaluate right now.
2026-05-25 12:25:16.202 | INFO     | __main__:check_messages_and_reply:48 - 💬 [Auto-Pilot] Checking client messages and auto-replying...
2026-05-25 12:25:16.203 | INFO     | __main__:run_cycle:60 - ✅ Cycle Complete. Waiting for next cycle.
2026-05-25 12:25:29.382 | INFO     | __main__:run_cycle:79 - 🔄 Starting Auto-Pilot Cycle...
2026-05-25 12:25:29.383 | INFO     | __main__:scan_for_upwork_jobs:29 - 🔍 [Auto-Pilot] Scanning Upwork for high-paying AI jobs...
2026-05-25 12:25:30.577 | INFO     | __main__:scan_for_upwork_jobs:31 - 📊 Found 0 new jobs to evaluate.
2026-05-25 12:25:30.577 | INFO     | __main__:evaluate_and_bid:38 - 💤 No new jobs to evaluate right now.
2026-05-25 12:25:30.580 | INFO     | __main__:check_messages_and_reply:54 - 💬 [Auto-Pilot] Checking for new leads in DB for WhatsApp outreach...
2026-05-25 12:25:38.176 | ERROR    | agents.whatsapp_agent:send_whatsapp_message:109 - ❌ Failed to send WhatsApp: Message: session not created: Chrome failed to start: crashed.
  (chrome not reachable)
  (The process started from chrome location C:\Program Files\Google\Chrome\Application\chrome.exe is no longer running, so ChromeDriver is assuming that Chrome has crashed.); For documentation on this error, please visit: https://www.selenium.dev/documentation/webdriver/troubleshooting/errors#sessionnotcreatedexception
Stacktrace:
	chromedriver!GetHandleVerifier [0x7ff6ef247de5+14895]
	chromedriver!GetHandleVerifier [0x7ff6ef247e50+14900]
	chromedriver!(No symbol) [0x7ff6eefad5ad]
	chromedriver!(No symbol) [0x7ff6eefef08b]
	chromedriver!(No symbol) [0x7ff6eefea349]
	chromedriver!(No symbol) [0x7ff6ef03dd21]
	chromedriver!(No symbol) [0x7ff6ef03d586]
	chromedriver!(No symbol) [0x7ff6eeff9df8]
	chromedriver!(No symbol) [0x7ff6eefface3]
	chromedriver!GetHandleVerifier [0x7ff6ef55cc49+3296f9]
	chromedriver!GetHandleVerifier [0x7ff6ef557375+323e25]
	chromedriver!GetHandleVerifier [0x7ff6ef57bc82+348732]
	chromedriver!GetHandleVerifier [0x7ff6ef266045+32af5]
	chromedriver!GetHandleVerifier [0x7ff6ef26ecec+3b79c]
	chromedriver!GetHandleVerifier [0x7ff6ef251bc4+1e674]
	chromedriver!GetHandleVerifier [0x7ff6ef251d54+1e804]
	chromedriver!GetHandleVerifier [0x7ff6ef2360e7+2b97]
	KERNEL32!BaseThreadInitThunk [0x7ffa119de957+17]
	ntdll!RtlUserThreadStart [0x7ffa1262427c+2c]

2026-05-25 12:25:38.179 | INFO     | __main__:check_messages_and_reply:70 - 🔗 Attempting LinkedIn connection for Indigo...
2026-05-25 12:25:52.053 | INFO     | __main__:check_messages_and_reply:70 - 🔗 Attempting LinkedIn connection for Lululemon...
2026-05-25 12:26:05.556 | INFO     | __main__:check_messages_and_reply:70 - 🔗 Attempting LinkedIn connection for Hudson's Bay...
2026-05-25 12:26:18.913 | INFO     | __main__:run_cycle:83 - ✅ Cycle Complete. Waiting for next cycle.
2026-05-25 12:27:46.589 | INFO     | __main__:run_cycle:73 - 🔄 Starting Auto-Pilot Cycle...
2026-05-25 12:27:46.591 | INFO     | __main__:scan_for_upwork_jobs:27 - 🔍 [Auto-Pilot] Scanning Upwork for high-paying AI jobs...
2026-05-25 12:27:47.856 | INFO     | __main__:scan_for_upwork_jobs:29 - 📊 Found 0 new jobs to evaluate.
2026-05-25 12:27:47.856 | INFO     | __main__:evaluate_and_bid:36 - 💤 No new jobs to evaluate right now.
2026-05-25 12:27:47.856 | INFO     | __main__:check_messages_and_reply:52 - 💬 [Auto-Pilot] Checking for new leads in DB for WhatsApp outreach...
2026-05-25 12:27:54.296 | ERROR    | agents.whatsapp_agent:send_whatsapp_message:109 - ❌ Failed to send WhatsApp: Message: session not created: Chrome failed to start: crashed.
  (chrome not reachable)
  (The process started from chrome location C:\Program Files\Google\Chrome\Application\chrome.exe is no longer running, so ChromeDriver is assuming that Chrome has crashed.); For documentation on this error, please visit: https://www.selenium.dev/documentation/webdriver/troubleshooting/errors#sessionnotcreatedexception
Stacktrace:
	chromedriver!GetHandleVerifier [0x7ff6ef247de5+14895]
	chromedriver!GetHandleVerifier [0x7ff6ef247e50+14900]
	chromedriver!(No symbol) [0x7ff6eefad5ad]
	chromedriver!(No symbol) [0x7ff6eefef08b]
	chromedriver!(No symbol) [0x7ff6eefea349]
	chromedriver!(No symbol) [0x7ff6ef03dd21]
	chromedriver!(No symbol) [0x7ff6ef03d586]
	chromedriver!(No symbol) [0x7ff6eeff9df8]
	chromedriver!(No symbol) [0x7ff6eefface3]
	chromedriver!GetHandleVerifier [0x7ff6ef55cc49+3296f9]
	chromedriver!GetHandleVerifier [0x7ff6ef557375+323e25]
	chromedriver!GetHandleVerifier [0x7ff6ef57bc82+348732]
	chromedriver!GetHandleVerifier [0x7ff6ef266045+32af5]
	chromedriver!GetHandleVerifier [0x7ff6ef26ecec+3b79c]
	chromedriver!GetHandleVerifier [0x7ff6ef251bc4+1e674]
	chromedriver!GetHandleVerifier [0x7ff6ef251d54+1e804]
	chromedriver!GetHandleVerifier [0x7ff6ef2360e7+2b97]
	KERNEL32!BaseThreadInitThunk [0x7ffa119de957+17]
	ntdll!RtlUserThreadStart [0x7ffa1262427c+2c]

2026-05-25 12:27:54.306 | INFO     | __main__:run_cycle:77 - ✅ Cycle Complete. Waiting for next cycle.
2026-05-25 12:29:27.945 | INFO     | __main__:run_cycle:56 - 🔄 Starting Auto-Pilot Cycle...
2026-05-25 12:29:27.946 | INFO     | __main__:scan_for_upwork_jobs:23 - 🔍 [Auto-Pilot] Scanning Upwork for high-paying AI jobs...
2026-05-25 12:29:28.962 | INFO     | __main__:scan_for_upwork_jobs:25 - 📊 Found 0 new jobs to evaluate.
2026-05-25 12:29:28.963 | INFO     | __main__:evaluate_and_bid:32 - 💤 No new jobs to evaluate right now.
2026-05-25 12:29:28.963 | INFO     | __main__:check_messages_and_reply:48 - 💬 [Auto-Pilot] Checking client messages and auto-replying...
2026-05-25 12:29:28.965 | INFO     | __main__:run_cycle:60 - ✅ Cycle Complete. Waiting for next cycle.
2026-05-25 12:31:05.578 | INFO     | __main__:run_cycle:73 - 🔄 Starting Auto-Pilot Cycle...
2026-05-25 12:31:05.580 | INFO     | __main__:scan_for_upwork_jobs:27 - 🔍 [Auto-Pilot] Scanning Upwork for high-paying AI jobs...
2026-05-25 12:31:06.387 | INFO     | __main__:scan_for_upwork_jobs:29 - 📊 Found 0 new jobs to evaluate.
2026-05-25 12:31:06.387 | INFO     | __main__:evaluate_and_bid:36 - 💤 No new jobs to evaluate right now.
2026-05-25 12:31:06.390 | INFO     | __main__:check_messages_and_reply:52 - 💬 [Auto-Pilot] Checking for new leads in DB for WhatsApp outreach...
2026-05-25 12:31:08.979 | INFO     | agents.whatsapp_agent:send_whatsapp_message:55 - ⏳ Waiting for WhatsApp Web to load for 9009334845650...
2026-05-25 12:31:23.681 | INFO     | __main__:run_cycle:73 - 🔄 Starting Auto-Pilot Cycle...
2026-05-25 12:31:23.681 | INFO     | __main__:scan_for_upwork_jobs:27 - 🔍 [Auto-Pilot] Scanning Upwork for high-paying AI jobs...
2026-05-25 12:31:24.532 | INFO     | __main__:scan_for_upwork_jobs:29 - 📊 Found 0 new jobs to evaluate.
2026-05-25 12:31:24.536 | INFO     | __main__:evaluate_and_bid:36 - 💤 No new jobs to evaluate right now.
2026-05-25 12:31:24.538 | INFO     | __main__:check_messages_and_reply:52 - 💬 [Auto-Pilot] Checking for new leads in DB for WhatsApp outreach...
2026-05-25 12:31:28.968 | ERROR    | agents.whatsapp_agent:send_whatsapp_message:70 - ❌ Failed to send WhatsApp: Message: session not created: Chrome failed to start: crashed.
  (session not created: DevToolsActivePort file doesn't exist)
  (The process started from chrome location C:\Program Files\Google\Chrome\Application\chrome.exe is no longer running, so ChromeDriver is assuming that Chrome has crashed.); For documentation on this error, please visit: https://www.selenium.dev/documentation/webdriver/troubleshooting/errors#sessionnotcreatedexception
Stacktrace:
	chromedriver!GetHandleVerifier [0x7ff6ef247de5+14895]
	chromedriver!GetHandleVerifier [0x7ff6ef247e50+14900]
	chromedriver!(No symbol) [0x7ff6eefad5ad]
	chromedriver!(No symbol) [0x7ff6eefef08b]
	chromedriver!(No symbol) [0x7ff6eefea349]
	chromedriver!(No symbol) [0x7ff6ef03dd21]
	chromedriver!(No symbol) [0x7ff6ef03d586]
	chromedriver!(No symbol) [0x7ff6eeff9df8]
	chromedriver!(No symbol) [0x7ff6eefface3]
	chromedriver!GetHandleVerifier [0x7ff6ef55cc49+3296f9]
	chromedriver!GetHandleVerifier [0x7ff6ef557375+323e25]
	chromedriver!GetHandleVerifier [0x7ff6ef57bc82+348732]
	chromedriver!GetHandleVerifier [0x7ff6ef266045+32af5]
	chromedriver!GetHandleVerifier [0x7ff6ef26ecec+3b79c]
	chromedriver!GetHandleVerifier [0x7ff6ef251bc4+1e674]
	chromedriver!GetHandleVerifier [0x7ff6ef251d54+1e804]
	chromedriver!GetHandleVerifier [0x7ff6ef2360e7+2b97]
	KERNEL32!BaseThreadInitThunk [0x7ffa119de957+17]
	ntdll!RtlUserThreadStart [0x7ffa1262427c+2c]

2026-05-25 12:31:28.974 | INFO     | __main__:run_cycle:77 - ✅ Cycle Complete. Waiting for next cycle.
2026-05-25 12:31:29.054 | ERROR    | agents.whatsapp_agent:send_whatsapp_message:70 - ❌ Failed to send WhatsApp: Message: no such element: Unable to locate element: {"method":"xpath","selector":"//span[@data-icon='send']"}
  (Session info: chrome=148.0.7778.179); For documentation on this error, please visit: https://www.selenium.dev/documentation/webdriver/troubleshooting/errors#nosuchelementexception
Stacktrace:
	chromedriver!GetHandleVerifier [0x7ff6ef247de5+14895]
	chromedriver!GetHandleVerifier [0x7ff6ef247e50+14900]
	chromedriver!(No symbol) [0x7ff6eefad5ad]
	chromedriver!(No symbol) [0x7ff6ef007822]
	chromedriver!(No symbol) [0x7ff6ef007b2c]
	chromedriver!(No symbol) [0x7ff6ef057d17]
	chromedriver!(No symbol) [0x7ff6ef05486f]
	chromedriver!(No symbol) [0x7ff6eeff9df8]
	chromedriver!(No symbol) [0x7ff6eefface3]
	chromedriver!GetHandleVerifier [0x7ff6ef55cc49+3296f9]
	chromedriver!GetHandleVerifier [0x7ff6ef557375+323e25]
	chromedriver!GetHandleVerifier [0x7ff6ef57bc82+348732]
	chromedriver!GetHandleVerifier [0x7ff6ef266045+32af5]
	chromedriver!GetHandleVerifier [0x7ff6ef26ecec+3b79c]
	chromedriver!GetHandleVerifier [0x7ff6ef251bc4+1e674]
	chromedriver!GetHandleVerifier [0x7ff6ef251d54+1e804]
	chromedriver!GetHandleVerifier [0x7ff6ef2360e7+2b97]
	KERNEL32!BaseThreadInitThunk [0x7ffa119de957+17]
	ntdll!RtlUserThreadStart [0x7ffa1262427c+2c]

2026-05-25 12:31:29.060 | INFO     | __main__:run_cycle:77 - ✅ Cycle Complete. Waiting for next cycle.
2026-05-25 12:33:20.757 | INFO     | __main__:run_cycle:56 - 🔄 Starting Auto-Pilot Cycle...
2026-05-25 12:33:20.757 | INFO     | __main__:scan_for_upwork_jobs:23 - 🔍 [Auto-Pilot] Scanning Upwork for high-paying AI jobs...
2026-05-25 12:33:21.870 | INFO     | __main__:scan_for_upwork_jobs:25 - 📊 Found 0 new jobs to evaluate.
2026-05-25 12:33:21.871 | INFO     | __main__:evaluate_and_bid:32 - 💤 No new jobs to evaluate right now.
2026-05-25 12:33:21.871 | INFO     | __main__:check_messages_and_reply:48 - 💬 [Auto-Pilot] Checking client messages and auto-replying...
2026-05-25 12:33:21.872 | INFO     | __main__:run_cycle:60 - ✅ Cycle Complete. Waiting for next cycle.
2026-05-25 12:33:32.681 | INFO     | __main__:run_cycle:73 - 🔄 Starting Auto-Pilot Cycle...
2026-05-25 12:33:32.681 | INFO     | __main__:scan_for_upwork_jobs:27 - 🔍 [Auto-Pilot] Scanning Upwork for high-paying AI jobs...
2026-05-25 12:33:33.599 | INFO     | __main__:scan_for_upwork_jobs:29 - 📊 Found 0 new jobs to evaluate.
2026-05-25 12:33:33.602 | INFO     | __main__:evaluate_and_bid:36 - 💤 No new jobs to evaluate right now.
2026-05-25 12:33:33.603 | INFO     | __main__:check_messages_and_reply:52 - 💬 [Auto-Pilot] Checking for new leads in DB for WhatsApp outreach...
2026-05-25 12:33:40.094 | ERROR    | agents.whatsapp_agent:send_whatsapp_message:84 - ❌ Failed to send WhatsApp: Message: session not created: Chrome failed to start: crashed.
  (chrome not reachable)
  (The process started from chrome location C:\Program Files\Google\Chrome\Application\chrome.exe is no longer running, so ChromeDriver is assuming that Chrome has crashed.); For documentation on this error, please visit: https://www.selenium.dev/documentation/webdriver/troubleshooting/errors#sessionnotcreatedexception
Stacktrace:
	chromedriver!GetHandleVerifier [0x7ff6ef247de5+14895]
	chromedriver!GetHandleVerifier [0x7ff6ef247e50+14900]
	chromedriver!(No symbol) [0x7ff6eefad5ad]
	chromedriver!(No symbol) [0x7ff6eefef08b]
	chromedriver!(No symbol) [0x7ff6eefea349]
	chromedriver!(No symbol) [0x7ff6ef03dd21]
	chromedriver!(No symbol) [0x7ff6ef03d586]
	chromedriver!(No symbol) [0x7ff6eeff9df8]
	chromedriver!(No symbol) [0x7ff6eefface3]
	chromedriver!GetHandleVerifier [0x7ff6ef55cc49+3296f9]
	chromedriver!GetHandleVerifier [0x7ff6ef557375+323e25]
	chromedriver!GetHandleVerifier [0x7ff6ef57bc82+348732]
	chromedriver!GetHandleVerifier [0x7ff6ef266045+32af5]
	chromedriver!GetHandleVerifier [0x7ff6ef26ecec+3b79c]
	chromedriver!GetHandleVerifier [0x7ff6ef251bc4+1e674]
	chromedriver!GetHandleVerifier [0x7ff6ef251d54+1e804]
	chromedriver!GetHandleVerifier [0x7ff6ef2360e7+2b97]
	KERNEL32!BaseThreadInitThunk [0x7ffa119de957+17]
	ntdll!RtlUserThreadStart [0x7ffa1262427c+2c]

2026-05-25 12:33:40.098 | INFO     | __main__:run_cycle:77 - ✅ Cycle Complete. Waiting for next cycle.
2026-05-25 12:33:52.573 | INFO     | __main__:run_cycle:56 - 🔄 Starting Auto-Pilot Cycle...
2026-05-25 12:33:52.573 | INFO     | __main__:scan_for_upwork_jobs:23 - 🔍 [Auto-Pilot] Scanning Upwork for high-paying AI jobs...
2026-05-25 12:33:53.671 | INFO     | __main__:scan_for_upwork_jobs:25 - 📊 Found 0 new jobs to evaluate.
2026-05-25 12:33:53.672 | INFO     | __main__:evaluate_and_bid:32 - 💤 No new jobs to evaluate right now.
2026-05-25 12:33:53.672 | INFO     | __main__:check_messages_and_reply:48 - 💬 [Auto-Pilot] Checking client messages and auto-replying...
2026-05-25 12:33:53.672 | INFO     | __main__:run_cycle:60 - ✅ Cycle Complete. Waiting for next cycle.
2026-05-25 12:35:16.691 | INFO     | __main__:run_cycle:56 - 🔄 Starting Auto-Pilot Cycle...
2026-05-25 12:35:16.693 | INFO     | __main__:scan_for_upwork_jobs:23 - 🔍 [Auto-Pilot] Scanning Upwork for high-paying AI jobs...
2026-05-25 12:35:17.929 | INFO     | __main__:scan_for_upwork_jobs:25 - 📊 Found 0 new jobs to evaluate.
2026-05-25 12:35:17.931 | INFO     | __main__:evaluate_and_bid:32 - 💤 No new jobs to evaluate right now.
2026-05-25 12:35:17.932 | INFO     | __main__:check_messages_and_reply:48 - 💬 [Auto-Pilot] Checking client messages and auto-replying...
2026-05-25 12:35:17.932 | INFO     | __main__:run_cycle:60 - ✅ Cycle Complete. Waiting for next cycle.
2026-05-25 12:36:19.342 | INFO     | __main__:run_cycle:79 - 🔄 Starting Auto-Pilot Cycle...
2026-05-25 12:36:19.343 | INFO     | __main__:scan_for_upwork_jobs:29 - 🔍 [Auto-Pilot] Scanning Upwork for high-paying AI jobs...
2026-05-25 12:36:20.259 | INFO     | __main__:scan_for_upwork_jobs:31 - 📊 Found 0 new jobs to evaluate.
2026-05-25 12:36:20.260 | INFO     | __main__:evaluate_and_bid:38 - 💤 No new jobs to evaluate right now.
2026-05-25 12:36:20.261 | INFO     | __main__:check_messages_and_reply:54 - 💬 [Auto-Pilot] Checking for new leads in DB for WhatsApp outreach...
2026-05-25 12:36:27.172 | ERROR    | agents.whatsapp_agent:send_whatsapp_message:109 - ❌ Failed to send WhatsApp: Message: session not created: Chrome failed to start: crashed.
  (chrome not reachable)
  (The process started from chrome location C:\Program Files\Google\Chrome\Application\chrome.exe is no longer running, so ChromeDriver is assuming that Chrome has crashed.); For documentation on this error, please visit: https://www.selenium.dev/documentation/webdriver/troubleshooting/errors#sessionnotcreatedexception
Stacktrace:
	chromedriver!GetHandleVerifier [0x7ff6ef247de5+14895]
	chromedriver!GetHandleVerifier [0x7ff6ef247e50+14900]
	chromedriver!(No symbol) [0x7ff6eefad5ad]
	chromedriver!(No symbol) [0x7ff6eefef08b]
	chromedriver!(No symbol) [0x7ff6eefea349]
	chromedriver!(No symbol) [0x7ff6ef03dd21]
	chromedriver!(No symbol) [0x7ff6ef03d586]
	chromedriver!(No symbol) [0x7ff6eeff9df8]
	chromedriver!(No symbol) [0x7ff6eefface3]
	chromedriver!GetHandleVerifier [0x7ff6ef55cc49+3296f9]
	chromedriver!GetHandleVerifier [0x7ff6ef557375+323e25]
	chromedriver!GetHandleVerifier [0x7ff6ef57bc82+348732]
	chromedriver!GetHandleVerifier [0x7ff6ef266045+32af5]
	chromedriver!GetHandleVerifier [0x7ff6ef26ecec+3b79c]
	chromedriver!GetHandleVerifier [0x7ff6ef251bc4+1e674]
	chromedriver!GetHandleVerifier [0x7ff6ef251d54+1e804]
	chromedriver!GetHandleVerifier [0x7ff6ef2360e7+2b97]
	KERNEL32!BaseThreadInitThunk [0x7ffa119de957+17]
	ntdll!RtlUserThreadStart [0x7ffa1262427c+2c]

2026-05-25 12:36:27.173 | INFO     | __main__:check_messages_and_reply:70 - 🔗 Attempting LinkedIn connection for Indigo...
2026-05-25 12:36:41.081 | INFO     | __main__:check_messages_and_reply:70 - 🔗 Attempting LinkedIn connection for Lululemon...
2026-05-25 12:36:54.432 | INFO     | __main__:check_messages_and_reply:70 - 🔗 Attempting LinkedIn connection for Hudson's Bay...
2026-05-25 12:37:08.346 | INFO     | __main__:run_cycle:83 - ✅ Cycle Complete. Waiting for next cycle.
2026-05-25 12:37:54.744 | INFO     | __main__:run_cycle:73 - 🔄 Starting Auto-Pilot Cycle...
2026-05-25 12:37:54.746 | INFO     | __main__:scan_for_upwork_jobs:27 - 🔍 [Auto-Pilot] Scanning Upwork for high-paying AI jobs...
2026-05-25 12:37:55.893 | INFO     | __main__:scan_for_upwork_jobs:29 - 📊 Found 0 new jobs to evaluate.
2026-05-25 12:37:55.895 | INFO     | __main__:evaluate_and_bid:36 - 💤 No new jobs to evaluate right now.
2026-05-25 12:37:55.896 | INFO     | __main__:check_messages_and_reply:52 - 💬 [Auto-Pilot] Checking for new leads in DB for WhatsApp outreach...
2026-05-25 12:38:03.204 | ERROR    | agents.whatsapp_agent:send_whatsapp_message:109 - ❌ Failed to send WhatsApp: Message: session not created: Chrome failed to start: crashed.
  (chrome not reachable)
  (The process started from chrome location C:\Program Files\Google\Chrome\Application\chrome.exe is no longer running, so ChromeDriver is assuming that Chrome has crashed.); For documentation on this error, please visit: https://www.selenium.dev/documentation/webdriver/troubleshooting/errors#sessionnotcreatedexception
Stacktrace:
	chromedriver!GetHandleVerifier [0x7ff6ef247de5+14895]
	chromedriver!GetHandleVerifier [0x7ff6ef247e50+14900]
	chromedriver!(No symbol) [0x7ff6eefad5ad]
	chromedriver!(No symbol) [0x7ff6eefef08b]
	chromedriver!(No symbol) [0x7ff6eefea349]
	chromedriver!(No symbol) [0x7ff6ef03dd21]
	chromedriver!(No symbol) [0x7ff6ef03d586]
	chromedriver!(No symbol) [0x7ff6eeff9df8]
	chromedriver!(No symbol) [0x7ff6eefface3]
	chromedriver!GetHandleVerifier [0x7ff6ef55cc49+3296f9]
	chromedriver!GetHandleVerifier [0x7ff6ef557375+323e25]
	chromedriver!GetHandleVerifier [0x7ff6ef57bc82+348732]
	chromedriver!GetHandleVerifier [0x7ff6ef266045+32af5]
	chromedriver!GetHandleVerifier [0x7ff6ef26ecec+3b79c]
	chromedriver!GetHandleVerifier [0x7ff6ef251bc4+1e674]
	chromedriver!GetHandleVerifier [0x7ff6ef251d54+1e804]
	chromedriver!GetHandleVerifier [0x7ff6ef2360e7+2b97]
	KERNEL32!BaseThreadInitThunk [0x7ffa119de957+17]
	ntdll!RtlUserThreadStart [0x7ffa1262427c+2c]

2026-05-25 12:38:03.206 | INFO     | __main__:run_cycle:77 - ✅ Cycle Complete. Waiting for next cycle.
2026-05-25 12:39:29.398 | INFO     | __main__:run_cycle:56 - 🔄 Starting Auto-Pilot Cycle...
2026-05-25 12:39:29.398 | INFO     | __main__:scan_for_upwork_jobs:23 - 🔍 [Auto-Pilot] Scanning Upwork for high-paying AI jobs...
2026-05-25 12:39:30.490 | INFO     | __main__:scan_for_upwork_jobs:25 - 📊 Found 0 new jobs to evaluate.
2026-05-25 12:39:30.495 | INFO     | __main__:evaluate_and_bid:32 - 💤 No new jobs to evaluate right now.
2026-05-25 12:39:30.500 | INFO     | __main__:check_messages_and_reply:48 - 💬 [Auto-Pilot] Checking client messages and auto-replying...
2026-05-25 12:39:30.504 | INFO     | __main__:run_cycle:60 - ✅ Cycle Complete. Waiting for next cycle.
2026-05-25 12:41:29.403 | INFO     | __main__:run_cycle:73 - 🔄 Starting Auto-Pilot Cycle...
2026-05-25 12:41:29.403 | INFO     | __main__:scan_for_upwork_jobs:27 - 🔍 [Auto-Pilot] Scanning Upwork for high-paying AI jobs...
2026-05-25 12:41:29.468 | INFO     | __main__:run_cycle:73 - 🔄 Starting Auto-Pilot Cycle...
2026-05-25 12:41:29.468 | INFO     | __main__:scan_for_upwork_jobs:27 - 🔍 [Auto-Pilot] Scanning Upwork for high-paying AI jobs...
2026-05-25 12:41:30.602 | INFO     | __main__:scan_for_upwork_jobs:29 - 📊 Found 0 new jobs to evaluate.
2026-05-25 12:41:30.602 | INFO     | __main__:evaluate_and_bid:36 - 💤 No new jobs to evaluate right now.
2026-05-25 12:41:30.602 | INFO     | __main__:check_messages_and_reply:52 - 💬 [Auto-Pilot] Checking for new leads in DB for WhatsApp outreach...
2026-05-25 12:41:30.602 | INFO     | __main__:scan_for_upwork_jobs:29 - 📊 Found 0 new jobs to evaluate.
2026-05-25 12:41:30.602 | INFO     | __main__:evaluate_and_bid:36 - 💤 No new jobs to evaluate right now.
2026-05-25 12:41:30.606 | INFO     | __main__:check_messages_and_reply:52 - 💬 [Auto-Pilot] Checking for new leads in DB for WhatsApp outreach...
2026-05-25 12:41:32.813 | INFO     | agents.whatsapp_agent:send_whatsapp_message:55 - ⏳ Waiting for WhatsApp Web to load for 9009334845650...
2026-05-25 12:41:35.153 | ERROR    | agents.whatsapp_agent:send_whatsapp_message:70 - ❌ Failed to send WhatsApp: Message: session not created: Chrome failed to start: crashed.
  (session not created: DevToolsActivePort file doesn't exist)
  (The process started from chrome location C:\Program Files\Google\Chrome\Application\chrome.exe is no longer running, so ChromeDriver is assuming that Chrome has crashed.); For documentation on this error, please visit: https://www.selenium.dev/documentation/webdriver/troubleshooting/errors#sessionnotcreatedexception
Stacktrace:
	chromedriver!GetHandleVerifier [0x7ff6ef247de5+14895]
	chromedriver!GetHandleVerifier [0x7ff6ef247e50+14900]
	chromedriver!(No symbol) [0x7ff6eefad5ad]
	chromedriver!(No symbol) [0x7ff6eefef08b]
	chromedriver!(No symbol) [0x7ff6eefea349]
	chromedriver!(No symbol) [0x7ff6ef03dd21]
	chromedriver!(No symbol) [0x7ff6ef03d586]
	chromedriver!(No symbol) [0x7ff6eeff9df8]
	chromedriver!(No symbol) [0x7ff6eefface3]
	chromedriver!GetHandleVerifier [0x7ff6ef55cc49+3296f9]
	chromedriver!GetHandleVerifier [0x7ff6ef557375+323e25]
	chromedriver!GetHandleVerifier [0x7ff6ef57bc82+348732]
	chromedriver!GetHandleVerifier [0x7ff6ef266045+32af5]
	chromedriver!GetHandleVerifier [0x7ff6ef26ecec+3b79c]
	chromedriver!GetHandleVerifier [0x7ff6ef251bc4+1e674]
	chromedriver!GetHandleVerifier [0x7ff6ef251d54+1e804]
	chromedriver!GetHandleVerifier [0x7ff6ef2360e7+2b97]
	KERNEL32!BaseThreadInitThunk [0x7ffa119de957+17]
	ntdll!RtlUserThreadStart [0x7ffa1262427c+2c]

2026-05-25 12:41:35.156 | INFO     | __main__:run_cycle:77 - ✅ Cycle Complete. Waiting for next cycle.
2026-05-25 12:41:52.852 | ERROR    | agents.whatsapp_agent:send_whatsapp_message:70 - ❌ Failed to send WhatsApp: Message: no such element: Unable to locate element: {"method":"xpath","selector":"//span[@data-icon='send']"}
  (Session info: chrome=148.0.7778.179); For documentation on this error, please visit: https://www.selenium.dev/documentation/webdriver/troubleshooting/errors#nosuchelementexception
Stacktrace:
	chromedriver!GetHandleVerifier [0x7ff6ef247de5+14895]
	chromedriver!GetHandleVerifier [0x7ff6ef247e50+14900]
	chromedriver!(No symbol) [0x7ff6eefad5ad]
	chromedriver!(No symbol) [0x7ff6ef007822]
	chromedriver!(No symbol) [0x7ff6ef007b2c]
	chromedriver!(No symbol) [0x7ff6ef057d17]
	chromedriver!(No symbol) [0x7ff6ef05486f]
	chromedriver!(No symbol) [0x7ff6eeff9df8]
	chromedriver!(No symbol) [0x7ff6eefface3]
	chromedriver!GetHandleVerifier [0x7ff6ef55cc49+3296f9]
	chromedriver!GetHandleVerifier [0x7ff6ef557375+323e25]
	chromedriver!GetHandleVerifier [0x7ff6ef57bc82+348732]
	chromedriver!GetHandleVerifier [0x7ff6ef266045+32af5]
	chromedriver!GetHandleVerifier [0x7ff6ef26ecec+3b79c]
	chromedriver!GetHandleVerifier [0x7ff6ef251bc4+1e674]
	chromedriver!GetHandleVerifier [0x7ff6ef251d54+1e804]
	chromedriver!GetHandleVerifier [0x7ff6ef2360e7+2b97]
	KERNEL32!BaseThreadInitThunk [0x7ffa119de957+17]
	ntdll!RtlUserThreadStart [0x7ffa1262427c+2c]

2026-05-25 12:41:52.856 | INFO     | __main__:run_cycle:77 - ✅ Cycle Complete. Waiting for next cycle.
2026-05-25 12:43:22.274 | INFO     | __main__:run_cycle:56 - 🔄 Starting Auto-Pilot Cycle...
2026-05-25 12:43:22.275 | INFO     | __main__:scan_for_upwork_jobs:23 - 🔍 [Auto-Pilot] Scanning Upwork for high-paying AI jobs...
2026-05-25 12:43:23.202 | INFO     | __main__:scan_for_upwork_jobs:25 - 📊 Found 0 new jobs to evaluate.
2026-05-25 12:43:23.205 | INFO     | __main__:evaluate_and_bid:32 - 💤 No new jobs to evaluate right now.
2026-05-25 12:43:23.206 | INFO     | __main__:check_messages_and_reply:48 - 💬 [Auto-Pilot] Checking client messages and auto-replying...
2026-05-25 12:43:23.206 | INFO     | __main__:run_cycle:60 - ✅ Cycle Complete. Waiting for next cycle.
2026-05-25 12:43:40.498 | INFO     | __main__:run_cycle:73 - 🔄 Starting Auto-Pilot Cycle...
2026-05-25 12:43:40.502 | INFO     | __main__:scan_for_upwork_jobs:27 - 🔍 [Auto-Pilot] Scanning Upwork for high-paying AI jobs...
2026-05-25 12:43:41.345 | INFO     | __main__:scan_for_upwork_jobs:29 - 📊 Found 0 new jobs to evaluate.
2026-05-25 12:43:41.345 | INFO     | __main__:evaluate_and_bid:36 - 💤 No new jobs to evaluate right now.
2026-05-25 12:43:41.347 | INFO     | __main__:check_messages_and_reply:52 - 💬 [Auto-Pilot] Checking for new leads in DB for WhatsApp outreach...
2026-05-25 12:43:47.482 | ERROR    | agents.whatsapp_agent:send_whatsapp_message:84 - ❌ Failed to send WhatsApp: Message: session not created: Chrome failed to start: crashed.
  (chrome not reachable)
  (The process started from chrome location C:\Program Files\Google\Chrome\Application\chrome.exe is no longer running, so ChromeDriver is assuming that Chrome has crashed.); For documentation on this error, please visit: https://www.selenium.dev/documentation/webdriver/troubleshooting/errors#sessionnotcreatedexception
Stacktrace:
	chromedriver!GetHandleVerifier [0x7ff6ef247de5+14895]
	chromedriver!GetHandleVerifier [0x7ff6ef247e50+14900]
	chromedriver!(No symbol) [0x7ff6eefad5ad]
	chromedriver!(No symbol) [0x7ff6eefef08b]
	chromedriver!(No symbol) [0x7ff6eefea349]
	chromedriver!(No symbol) [0x7ff6ef03dd21]
	chromedriver!(No symbol) [0x7ff6ef03d586]
	chromedriver!(No symbol) [0x7ff6eeff9df8]
	chromedriver!(No symbol) [0x7ff6eefface3]
	chromedriver!GetHandleVerifier [0x7ff6ef55cc49+3296f9]
	chromedriver!GetHandleVerifier [0x7ff6ef557375+323e25]
	chromedriver!GetHandleVerifier [0x7ff6ef57bc82+348732]
	chromedriver!GetHandleVerifier [0x7ff6ef266045+32af5]
	chromedriver!GetHandleVerifier [0x7ff6ef26ecec+3b79c]
	chromedriver!GetHandleVerifier [0x7ff6ef251bc4+1e674]
	chromedriver!GetHandleVerifier [0x7ff6ef251d54+1e804]
	chromedriver!GetHandleVerifier [0x7ff6ef2360e7+2b97]
	KERNEL32!BaseThreadInitThunk [0x7ffa119de957+17]
	ntdll!RtlUserThreadStart [0x7ffa1262427c+2c]

2026-05-25 12:43:47.486 | INFO     | __main__:run_cycle:77 - ✅ Cycle Complete. Waiting for next cycle.
2026-05-25 12:43:54.077 | INFO     | __main__:run_cycle:56 - 🔄 Starting Auto-Pilot Cycle...
2026-05-25 12:43:54.080 | INFO     | __main__:scan_for_upwork_jobs:23 - 🔍 [Auto-Pilot] Scanning Upwork for high-paying AI jobs...
2026-05-25 12:43:54.906 | INFO     | __main__:scan_for_upwork_jobs:25 - 📊 Found 0 new jobs to evaluate.
2026-05-25 12:43:54.906 | INFO     | __main__:evaluate_and_bid:32 - 💤 No new jobs to evaluate right now.
2026-05-25 12:43:54.906 | INFO     | __main__:check_messages_and_reply:48 - 💬 [Auto-Pilot] Checking client messages and auto-replying...
2026-05-25 12:43:54.906 | INFO     | __main__:run_cycle:60 - ✅ Cycle Complete. Waiting for next cycle.
2026-05-25 12:45:18.337 | INFO     | __main__:run_cycle:56 - 🔄 Starting Auto-Pilot Cycle...
2026-05-25 12:45:18.337 | INFO     | __main__:scan_for_upwork_jobs:23 - 🔍 [Auto-Pilot] Scanning Upwork for high-paying AI jobs...
2026-05-25 12:45:19.442 | INFO     | __main__:scan_for_upwork_jobs:25 - 📊 Found 0 new jobs to evaluate.
2026-05-25 12:45:19.443 | INFO     | __main__:evaluate_and_bid:32 - 💤 No new jobs to evaluate right now.
2026-05-25 12:45:19.443 | INFO     | __main__:check_messages_and_reply:48 - 💬 [Auto-Pilot] Checking client messages and auto-replying...
2026-05-25 12:45:19.443 | INFO     | __main__:run_cycle:60 - ✅ Cycle Complete. Waiting for next cycle.
2026-05-25 12:47:08.735 | INFO     | __main__:run_cycle:79 - 🔄 Starting Auto-Pilot Cycle...
2026-05-25 12:47:08.735 | INFO     | __main__:scan_for_upwork_jobs:29 - 🔍 [Auto-Pilot] Scanning Upwork for high-paying AI jobs...
2026-05-25 12:47:09.641 | INFO     | __main__:scan_for_upwork_jobs:31 - 📊 Found 0 new jobs to evaluate.
2026-05-25 12:47:09.642 | INFO     | __main__:evaluate_and_bid:38 - 💤 No new jobs to evaluate right now.
2026-05-25 12:47:09.643 | INFO     | __main__:check_messages_and_reply:54 - 💬 [Auto-Pilot] Checking for new leads in DB for WhatsApp outreach...
2026-05-25 12:47:16.146 | ERROR    | agents.whatsapp_agent:send_whatsapp_message:109 - ❌ Failed to send WhatsApp: Message: session not created: Chrome failed to start: crashed.
  (chrome not reachable)
  (The process started from chrome location C:\Program Files\Google\Chrome\Application\chrome.exe is no longer running, so ChromeDriver is assuming that Chrome has crashed.); For documentation on this error, please visit: https://www.selenium.dev/documentation/webdriver/troubleshooting/errors#sessionnotcreatedexception
Stacktrace:
	chromedriver!GetHandleVerifier [0x7ff6ef247de5+14895]
	chromedriver!GetHandleVerifier [0x7ff6ef247e50+14900]
	chromedriver!(No symbol) [0x7ff6eefad5ad]
	chromedriver!(No symbol) [0x7ff6eefef08b]
	chromedriver!(No symbol) [0x7ff6eefea349]
	chromedriver!(No symbol) [0x7ff6ef03dd21]
	chromedriver!(No symbol) [0x7ff6ef03d586]
	chromedriver!(No symbol) [0x7ff6eeff9df8]
	chromedriver!(No symbol) [0x7ff6eefface3]
	chromedriver!GetHandleVerifier [0x7ff6ef55cc49+3296f9]
	chromedriver!GetHandleVerifier [0x7ff6ef557375+323e25]
	chromedriver!GetHandleVerifier [0x7ff6ef57bc82+348732]
	chromedriver!GetHandleVerifier [0x7ff6ef266045+32af5]
	chromedriver!GetHandleVerifier [0x7ff6ef26ecec+3b79c]
	chromedriver!GetHandleVerifier [0x7ff6ef251bc4+1e674]
	chromedriver!GetHandleVerifier [0x7ff6ef251d54+1e804]
	chromedriver!GetHandleVerifier [0x7ff6ef2360e7+2b97]
	KERNEL32!BaseThreadInitThunk [0x7ffa119de957+17]
	ntdll!RtlUserThreadStart [0x7ffa1262427c+2c]

2026-05-25 12:47:16.151 | INFO     | __main__:check_messages_and_reply:70 - 🔗 Attempting LinkedIn connection for Indigo...
2026-05-25 12:47:30.212 | INFO     | __main__:check_messages_and_reply:70 - 🔗 Attempting LinkedIn connection for Lululemon...
2026-05-25 12:47:43.929 | INFO     | __main__:check_messages_and_reply:70 - 🔗 Attempting LinkedIn connection for Hudson's Bay...
2026-05-25 12:47:57.258 | INFO     | __main__:run_cycle:83 - ✅ Cycle Complete. Waiting for next cycle.
2026-05-25 12:48:03.609 | INFO     | __main__:run_cycle:73 - 🔄 Starting Auto-Pilot Cycle...
2026-05-25 12:48:03.611 | INFO     | __main__:scan_for_upwork_jobs:27 - 🔍 [Auto-Pilot] Scanning Upwork for high-paying AI jobs...
2026-05-25 12:48:04.697 | INFO     | __main__:scan_for_upwork_jobs:29 - 📊 Found 0 new jobs to evaluate.
2026-05-25 12:48:04.700 | INFO     | __main__:evaluate_and_bid:36 - 💤 No new jobs to evaluate right now.
2026-05-25 12:48:04.700 | INFO     | __main__:check_messages_and_reply:52 - 💬 [Auto-Pilot] Checking for new leads in DB for WhatsApp outreach...
2026-05-25 12:48:11.092 | ERROR    | agents.whatsapp_agent:send_whatsapp_message:109 - ❌ Failed to send WhatsApp: Message: session not created: Chrome failed to start: crashed.
  (chrome not reachable)
  (The process started from chrome location C:\Program Files\Google\Chrome\Application\chrome.exe is no longer running, so ChromeDriver is assuming that Chrome has crashed.); For documentation on this error, please visit: https://www.selenium.dev/documentation/webdriver/troubleshooting/errors#sessionnotcreatedexception
Stacktrace:
	chromedriver!GetHandleVerifier [0x7ff6ef247de5+14895]
	chromedriver!GetHandleVerifier [0x7ff6ef247e50+14900]
	chromedriver!(No symbol) [0x7ff6eefad5ad]
	chromedriver!(No symbol) [0x7ff6eefef08b]
	chromedriver!(No symbol) [0x7ff6eefea349]
	chromedriver!(No symbol) [0x7ff6ef03dd21]
	chromedriver!(No symbol) [0x7ff6ef03d586]
	chromedriver!(No symbol) [0x7ff6eeff9df8]
	chromedriver!(No symbol) [0x7ff6eefface3]
	chromedriver!GetHandleVerifier [0x7ff6ef55cc49+3296f9]
	chromedriver!GetHandleVerifier [0x7ff6ef557375+323e25]
	chromedriver!GetHandleVerifier [0x7ff6ef57bc82+348732]
	chromedriver!GetHandleVerifier [0x7ff6ef266045+32af5]
	chromedriver!GetHandleVerifier [0x7ff6ef26ecec+3b79c]
	chromedriver!GetHandleVerifier [0x7ff6ef251bc4+1e674]
	chromedriver!GetHandleVerifier [0x7ff6ef251d54+1e804]
	chromedriver!GetHandleVerifier [0x7ff6ef2360e7+2b97]
	KERNEL32!BaseThreadInitThunk [0x7ffa119de957+17]
	ntdll!RtlUserThreadStart [0x7ffa1262427c+2c]

2026-05-25 12:48:11.095 | INFO     | __main__:run_cycle:77 - ✅ Cycle Complete. Waiting for next cycle.
2026-05-25 12:49:30.883 | INFO     | __main__:run_cycle:56 - 🔄 Starting Auto-Pilot Cycle...
2026-05-25 12:49:30.885 | INFO     | __main__:scan_for_upwork_jobs:23 - 🔍 [Auto-Pilot] Scanning Upwork for high-paying AI jobs...
2026-05-25 12:49:31.942 | INFO     | __main__:scan_for_upwork_jobs:25 - 📊 Found 0 new jobs to evaluate.
2026-05-25 12:49:31.943 | INFO     | __main__:evaluate_and_bid:32 - 💤 No new jobs to evaluate right now.
2026-05-25 12:49:31.943 | INFO     | __main__:check_messages_and_reply:48 - 💬 [Auto-Pilot] Checking client messages and auto-replying...
2026-05-25 12:49:31.945 | INFO     | __main__:run_cycle:60 - ✅ Cycle Complete. Waiting for next cycle.
2026-05-25 12:51:35.553 | INFO     | __main__:run_cycle:73 - 🔄 Starting Auto-Pilot Cycle...
2026-05-25 12:51:35.555 | INFO     | __main__:scan_for_upwork_jobs:27 - 🔍 [Auto-Pilot] Scanning Upwork for high-paying AI jobs...
2026-05-25 12:51:36.424 | INFO     | __main__:scan_for_upwork_jobs:29 - 📊 Found 0 new jobs to evaluate.
2026-05-25 12:51:36.425 | INFO     | __main__:evaluate_and_bid:36 - 💤 No new jobs to evaluate right now.
2026-05-25 12:51:36.425 | INFO     | __main__:check_messages_and_reply:52 - 💬 [Auto-Pilot] Checking for new leads in DB for WhatsApp outreach...
2026-05-25 12:51:40.318 | ERROR    | agents.whatsapp_agent:send_whatsapp_message:70 - ❌ Failed to send WhatsApp: Message: session not created: Chrome failed to start: crashed.
  (session not created: DevToolsActivePort file doesn't exist)
  (The process started from chrome location C:\Program Files\Google\Chrome\Application\chrome.exe is no longer running, so ChromeDriver is assuming that Chrome has crashed.); For documentation on this error, please visit: https://www.selenium.dev/documentation/webdriver/troubleshooting/errors#sessionnotcreatedexception
Stacktrace:
	chromedriver!GetHandleVerifier [0x7ff6ef247de5+14895]
	chromedriver!GetHandleVerifier [0x7ff6ef247e50+14900]
	chromedriver!(No symbol) [0x7ff6eefad5ad]
	chromedriver!(No symbol) [0x7ff6eefef08b]
	chromedriver!(No symbol) [0x7ff6eefea349]
	chromedriver!(No symbol) [0x7ff6ef03dd21]
	chromedriver!(No symbol) [0x7ff6ef03d586]
	chromedriver!(No symbol) [0x7ff6eeff9df8]
	chromedriver!(No symbol) [0x7ff6eefface3]
	chromedriver!GetHandleVerifier [0x7ff6ef55cc49+3296f9]
	chromedriver!GetHandleVerifier [0x7ff6ef557375+323e25]
	chromedriver!GetHandleVerifier [0x7ff6ef57bc82+348732]
	chromedriver!GetHandleVerifier [0x7ff6ef266045+32af5]
	chromedriver!GetHandleVerifier [0x7ff6ef26ecec+3b79c]
	chromedriver!GetHandleVerifier [0x7ff6ef251bc4+1e674]
	chromedriver!GetHandleVerifier [0x7ff6ef251d54+1e804]
	chromedriver!GetHandleVerifier [0x7ff6ef2360e7+2b97]
	KERNEL32!BaseThreadInitThunk [0x7ffa119de957+17]
	ntdll!RtlUserThreadStart [0x7ffa1262427c+2c]

2026-05-25 12:51:40.321 | INFO     | __main__:run_cycle:77 - ✅ Cycle Complete. Waiting for next cycle.
2026-05-25 12:51:53.289 | INFO     | __main__:run_cycle:73 - 🔄 Starting Auto-Pilot Cycle...
2026-05-25 12:51:53.290 | INFO     | __main__:scan_for_upwork_jobs:27 - 🔍 [Auto-Pilot] Scanning Upwork for high-paying AI jobs...
2026-05-25 12:51:54.121 | INFO     | __main__:scan_for_upwork_jobs:29 - 📊 Found 0 new jobs to evaluate.
2026-05-25 12:51:54.125 | INFO     | __main__:evaluate_and_bid:36 - 💤 No new jobs to evaluate right now.
2026-05-25 12:51:54.125 | INFO     | __main__:check_messages_and_reply:52 - 💬 [Auto-Pilot] Checking for new leads in DB for WhatsApp outreach...
2026-05-25 12:51:56.537 | INFO     | agents.whatsapp_agent:send_whatsapp_message:55 - ⏳ Waiting for WhatsApp Web to load for 9009334845650...
2026-05-25 12:52:16.560 | ERROR    | agents.whatsapp_agent:send_whatsapp_message:70 - ❌ Failed to send WhatsApp: Message: no such element: Unable to locate element: {"method":"xpath","selector":"//span[@data-icon='send']"}
  (Session info: chrome=148.0.7778.179); For documentation on this error, please visit: https://www.selenium.dev/documentation/webdriver/troubleshooting/errors#nosuchelementexception
Stacktrace:
	chromedriver!GetHandleVerifier [0x7ff6ef247de5+14895]
	chromedriver!GetHandleVerifier [0x7ff6ef247e50+14900]
	chromedriver!(No symbol) [0x7ff6eefad5ad]
	chromedriver!(No symbol) [0x7ff6ef007822]
	chromedriver!(No symbol) [0x7ff6ef007b2c]
	chromedriver!(No symbol) [0x7ff6ef057d17]
	chromedriver!(No symbol) [0x7ff6ef05486f]
	chromedriver!(No symbol) [0x7ff6eeff9df8]
	chromedriver!(No symbol) [0x7ff6eefface3]
	chromedriver!GetHandleVerifier [0x7ff6ef55cc49+3296f9]
	chromedriver!GetHandleVerifier [0x7ff6ef557375+323e25]
	chromedriver!GetHandleVerifier [0x7ff6ef57bc82+348732]
	chromedriver!GetHandleVerifier [0x7ff6ef266045+32af5]
	chromedriver!GetHandleVerifier [0x7ff6ef26ecec+3b79c]
	chromedriver!GetHandleVerifier [0x7ff6ef251bc4+1e674]
	chromedriver!GetHandleVerifier [0x7ff6ef251d54+1e804]
	chromedriver!GetHandleVerifier [0x7ff6ef2360e7+2b97]
	KERNEL32!BaseThreadInitThunk [0x7ffa119de957+17]
	ntdll!RtlUserThreadStart [0x7ffa1262427c+2c]

2026-05-25 12:52:16.561 | INFO     | __main__:run_cycle:77 - ✅ Cycle Complete. Waiting for next cycle.
2026-05-25 12:53:23.609 | INFO     | __main__:run_cycle:56 - 🔄 Starting Auto-Pilot Cycle...
2026-05-25 12:53:23.611 | INFO     | __main__:scan_for_upwork_jobs:23 - 🔍 [Auto-Pilot] Scanning Upwork for high-paying AI jobs...
2026-05-25 12:53:24.498 | INFO     | __main__:scan_for_upwork_jobs:25 - 📊 Found 0 new jobs to evaluate.
2026-05-25 12:53:24.498 | INFO     | __main__:evaluate_and_bid:32 - 💤 No new jobs to evaluate right now.
2026-05-25 12:53:24.498 | INFO     | __main__:check_messages_and_reply:48 - 💬 [Auto-Pilot] Checking client messages and auto-replying...
2026-05-25 12:53:24.501 | INFO     | __main__:run_cycle:60 - ✅ Cycle Complete. Waiting for next cycle.
2026-05-25 12:53:47.885 | INFO     | __main__:run_cycle:73 - 🔄 Starting Auto-Pilot Cycle...
2026-05-25 12:53:47.887 | INFO     | __main__:scan_for_upwork_jobs:27 - 🔍 [Auto-Pilot] Scanning Upwork for high-paying AI jobs...
2026-05-25 12:53:48.798 | INFO     | __main__:scan_for_upwork_jobs:29 - 📊 Found 0 new jobs to evaluate.
2026-05-25 12:53:48.798 | INFO     | __main__:evaluate_and_bid:36 - 💤 No new jobs to evaluate right now.
2026-05-25 12:53:48.798 | INFO     | __main__:check_messages_and_reply:52 - 💬 [Auto-Pilot] Checking for new leads in DB for WhatsApp outreach...
2026-05-25 12:53:55.316 | INFO     | __main__:run_cycle:56 - 🔄 Starting Auto-Pilot Cycle...
2026-05-25 12:53:55.318 | INFO     | __main__:scan_for_upwork_jobs:23 - 🔍 [Auto-Pilot] Scanning Upwork for high-paying AI jobs...
2026-05-25 12:53:55.377 | ERROR    | agents.whatsapp_agent:send_whatsapp_message:84 - ❌ Failed to send WhatsApp: Message: session not created: Chrome failed to start: crashed.
  (chrome not reachable)
  (The process started from chrome location C:\Program Files\Google\Chrome\Application\chrome.exe is no longer running, so ChromeDriver is assuming that Chrome has crashed.); For documentation on this error, please visit: https://www.selenium.dev/documentation/webdriver/troubleshooting/errors#sessionnotcreatedexception
Stacktrace:
	chromedriver!GetHandleVerifier [0x7ff6ef247de5+14895]
	chromedriver!GetHandleVerifier [0x7ff6ef247e50+14900]
	chromedriver!(No symbol) [0x7ff6eefad5ad]
	chromedriver!(No symbol) [0x7ff6eefef08b]
	chromedriver!(No symbol) [0x7ff6eefea349]
	chromedriver!(No symbol) [0x7ff6ef03dd21]
	chromedriver!(No symbol) [0x7ff6ef03d586]
	chromedriver!(No symbol) [0x7ff6eeff9df8]
	chromedriver!(No symbol) [0x7ff6eefface3]
	chromedriver!GetHandleVerifier [0x7ff6ef55cc49+3296f9]
	chromedriver!GetHandleVerifier [0x7ff6ef557375+323e25]
	chromedriver!GetHandleVerifier [0x7ff6ef57bc82+348732]
	chromedriver!GetHandleVerifier [0x7ff6ef266045+32af5]
	chromedriver!GetHandleVerifier [0x7ff6ef26ecec+3b79c]
	chromedriver!GetHandleVerifier [0x7ff6ef251bc4+1e674]
	chromedriver!GetHandleVerifier [0x7ff6ef251d54+1e804]
	chromedriver!GetHandleVerifier [0x7ff6ef2360e7+2b97]
	KERNEL32!BaseThreadInitThunk [0x7ffa119de957+17]
	ntdll!RtlUserThreadStart [0x7ffa1262427c+2c]

2026-05-25 12:53:55.382 | INFO     | __main__:run_cycle:77 - ✅ Cycle Complete. Waiting for next cycle.
2026-05-25 12:53:56.239 | INFO     | __main__:scan_for_upwork_jobs:25 - 📊 Found 0 new jobs to evaluate.
2026-05-25 12:53:56.239 | INFO     | __main__:evaluate_and_bid:32 - 💤 No new jobs to evaluate right now.
2026-05-25 12:53:56.240 | INFO     | __main__:check_messages_and_reply:48 - 💬 [Auto-Pilot] Checking client messages and auto-replying...
2026-05-25 12:53:56.242 | INFO     | __main__:run_cycle:60 - ✅ Cycle Complete. Waiting for next cycle.
2026-05-25 12:55:19.838 | INFO     | __main__:run_cycle:56 - 🔄 Starting Auto-Pilot Cycle...
2026-05-25 12:55:19.844 | INFO     | __main__:scan_for_upwork_jobs:23 - 🔍 [Auto-Pilot] Scanning Upwork for high-paying AI jobs...
2026-05-25 12:55:21.605 | INFO     | __main__:scan_for_upwork_jobs:25 - 📊 Found 0 new jobs to evaluate.
2026-05-25 12:55:21.607 | INFO     | __main__:evaluate_and_bid:32 - 💤 No new jobs to evaluate right now.
2026-05-25 12:55:21.609 | INFO     | __main__:check_messages_and_reply:48 - 💬 [Auto-Pilot] Checking client messages and auto-replying...
2026-05-25 12:55:21.609 | INFO     | __main__:run_cycle:60 - ✅ Cycle Complete. Waiting for next cycle.
2026-05-25 13:32:10.436 | INFO     | __main__:run_cycle:56 - 🔄 Starting Auto-Pilot Cycle...
2026-05-25 13:32:10.436 | INFO     | __main__:run_cycle:73 - 🔄 Starting Auto-Pilot Cycle...
2026-05-25 13:32:10.436 | INFO     | __main__:run_cycle:79 - 🔄 Starting Auto-Pilot Cycle...
2026-05-25 13:32:10.434 | INFO     | __main__:run_cycle:56 - 🔄 Starting Auto-Pilot Cycle...
2026-05-25 13:32:10.436 | INFO     | __main__:run_cycle:56 - 🔄 Starting Auto-Pilot Cycle...
2026-05-25 13:32:10.436 | INFO     | __main__:run_cycle:56 - 🔄 Starting Auto-Pilot Cycle...
2026-05-25 13:32:10.436 | INFO     | __main__:run_cycle:73 - 🔄 Starting Auto-Pilot Cycle...
2026-05-25 13:32:10.436 | INFO     | __main__:run_cycle:73 - 🔄 Starting Auto-Pilot Cycle...
2026-05-25 13:32:10.457 | INFO     | __main__:scan_for_upwork_jobs:23 - 🔍 [Auto-Pilot] Scanning Upwork for high-paying AI jobs...
2026-05-25 13:32:10.457 | INFO     | __main__:scan_for_upwork_jobs:27 - 🔍 [Auto-Pilot] Scanning Upwork for high-paying AI jobs...
2026-05-25 13:32:10.457 | INFO     | __main__:scan_for_upwork_jobs:29 - 🔍 [Auto-Pilot] Scanning Upwork for high-paying AI jobs...
2026-05-25 13:32:10.457 | INFO     | __main__:scan_for_upwork_jobs:27 - 🔍 [Auto-Pilot] Scanning Upwork for high-paying AI jobs...
2026-05-25 13:32:10.459 | INFO     | __main__:scan_for_upwork_jobs:23 - 🔍 [Auto-Pilot] Scanning Upwork for high-paying AI jobs...
2026-05-25 13:32:10.461 | INFO     | __main__:scan_for_upwork_jobs:23 - 🔍 [Auto-Pilot] Scanning Upwork for high-paying AI jobs...
2026-05-25 13:32:10.461 | INFO     | __main__:scan_for_upwork_jobs:27 - 🔍 [Auto-Pilot] Scanning Upwork for high-paying AI jobs...
2026-05-25 13:32:10.461 | INFO     | __main__:scan_for_upwork_jobs:23 - 🔍 [Auto-Pilot] Scanning Upwork for high-paying AI jobs...
2026-05-25 13:32:10.461 | INFO     | __main__:scan_for_upwork_jobs:27 - 🔍 [Auto-Pilot] Scanning Upwork for high-paying AI jobs...
2026-05-25 13:32:10.516 | INFO     | __main__:scan_for_upwork_jobs:29 - 📊 Found 0 new jobs to evaluate.
2026-05-25 13:32:10.516 | INFO     | __main__:scan_for_upwork_jobs:29 - 📊 Found 0 new jobs to evaluate.
2026-05-25 13:32:10.517 | INFO     | __main__:scan_for_upwork_jobs:25 - 📊 Found 0 new jobs to evaluate.
2026-05-25 13:32:10.527 | INFO     | __main__:scan_for_upwork_jobs:25 - 📊 Found 0 new jobs to evaluate.
2026-05-25 13:32:10.528 | INFO     | __main__:scan_for_upwork_jobs:25 - 📊 Found 0 new jobs to evaluate.
2026-05-25 13:32:10.528 | INFO     | __main__:scan_for_upwork_jobs:29 - 📊 Found 0 new jobs to evaluate.
2026-05-25 13:32:10.530 | INFO     | __main__:scan_for_upwork_jobs:25 - 📊 Found 0 new jobs to evaluate.
2026-05-25 13:32:10.534 | INFO     | __main__:evaluate_and_bid:36 - 💤 No new jobs to evaluate right now.
2026-05-25 13:32:10.536 | INFO     | __main__:evaluate_and_bid:36 - 💤 No new jobs to evaluate right now.
2026-05-25 13:32:10.537 | INFO     | __main__:scan_for_upwork_jobs:29 - 📊 Found 0 new jobs to evaluate.
2026-05-25 13:32:10.539 | INFO     | __main__:evaluate_and_bid:32 - 💤 No new jobs to evaluate right now.
2026-05-25 13:32:10.558 | INFO     | __main__:scan_for_upwork_jobs:31 - 📊 Found 0 new jobs to evaluate.
2026-05-25 13:32:10.562 | INFO     | __main__:evaluate_and_bid:32 - 💤 No new jobs to evaluate right now.
2026-05-25 13:32:10.562 | INFO     | __main__:evaluate_and_bid:32 - 💤 No new jobs to evaluate right now.
2026-05-25 13:32:10.564 | INFO     | __main__:evaluate_and_bid:36 - 💤 No new jobs to evaluate right now.
2026-05-25 13:32:10.567 | INFO     | __main__:evaluate_and_bid:32 - 💤 No new jobs to evaluate right now.
2026-05-25 13:32:10.573 | INFO     | __main__:check_messages_and_reply:52 - 💬 [Auto-Pilot] Checking for new leads in DB for WhatsApp outreach...
2026-05-25 13:32:10.573 | INFO     | __main__:check_messages_and_reply:52 - 💬 [Auto-Pilot] Checking for new leads in DB for WhatsApp outreach...
2026-05-25 13:32:10.573 | INFO     | __main__:evaluate_and_bid:36 - 💤 No new jobs to evaluate right now.
2026-05-25 13:32:10.573 | INFO     | __main__:check_messages_and_reply:48 - 💬 [Auto-Pilot] Checking client messages and auto-replying...
2026-05-25 13:32:10.580 | INFO     | __main__:check_messages_and_reply:48 - 💬 [Auto-Pilot] Checking client messages and auto-replying...
2026-05-25 13:32:10.580 | INFO     | __main__:evaluate_and_bid:38 - 💤 No new jobs to evaluate right now.
2026-05-25 13:32:10.580 | INFO     | __main__:check_messages_and_reply:52 - 💬 [Auto-Pilot] Checking for new leads in DB for WhatsApp outreach...
2026-05-25 13:32:10.580 | INFO     | __main__:check_messages_and_reply:48 - 💬 [Auto-Pilot] Checking client messages and auto-replying...
2026-05-25 13:32:10.580 | INFO     | __main__:check_messages_and_reply:48 - 💬 [Auto-Pilot] Checking client messages and auto-replying...
2026-05-25 13:32:10.588 | INFO     | __main__:check_messages_and_reply:52 - 💬 [Auto-Pilot] Checking for new leads in DB for WhatsApp outreach...
2026-05-25 13:32:10.588 | INFO     | __main__:run_cycle:60 - ✅ Cycle Complete. Waiting for next cycle.
2026-05-25 13:32:10.595 | INFO     | __main__:run_cycle:60 - ✅ Cycle Complete. Waiting for next cycle.
2026-05-25 13:32:10.595 | INFO     | __main__:check_messages_and_reply:54 - 💬 [Auto-Pilot] Checking for new leads in DB for WhatsApp outreach...
2026-05-25 13:32:10.597 | INFO     | __main__:run_cycle:60 - ✅ Cycle Complete. Waiting for next cycle.
2026-05-25 13:32:10.597 | INFO     | __main__:run_cycle:60 - ✅ Cycle Complete. Waiting for next cycle.
2026-05-25 13:32:12.835 | ERROR    | agents.whatsapp_agent:send_whatsapp_message:70 - ❌ Failed to send WhatsApp: Message: invalid session id: session deleted as the browser has closed the connection
from disconnected: not connected to DevTools
  (Session info: chrome=148.0.7778.179); For documentation on this error, please visit: https://www.selenium.dev/documentation/webdriver/troubleshooting/errors#invalidsessionidexception
Stacktrace:
	chromedriver!GetHandleVerifier [0x7ff6ef247de5+14895]
	chromedriver!GetHandleVerifier [0x7ff6ef247e50+14900]
	chromedriver!(No symbol) [0x7ff6eefad5ad]
	chromedriver!(No symbol) [0x7ff6eef98a92]
	chromedriver!(No symbol) [0x7ff6eefbee6c]
	chromedriver!(No symbol) [0x7ff6ef0371b0]
	chromedriver!(No symbol) [0x7ff6ef054172]
	chromedriver!(No symbol) [0x7ff6eeff9df8]
	chromedriver!(No symbol) [0x7ff6eefface3]
	chromedriver!GetHandleVerifier [0x7ff6ef55cc49+3296f9]
	chromedriver!GetHandleVerifier [0x7ff6ef557375+323e25]
	chromedriver!GetHandleVerifier [0x7ff6ef57bc82+348732]
	chromedriver!GetHandleVerifier [0x7ff6ef266045+32af5]
	chromedriver!GetHandleVerifier [0x7ff6ef26ecec+3b79c]
	chromedriver!GetHandleVerifier [0x7ff6ef251bc4+1e674]
	chromedriver!GetHandleVerifier [0x7ff6ef251d54+1e804]
	chromedriver!GetHandleVerifier [0x7ff6ef2360e7+2b97]
	KERNEL32!BaseThreadInitThunk [0x7ffa119de957+17]
	ntdll!RtlUserThreadStart [0x7ffa1262427c+2c]

2026-05-25 13:32:12.835 | INFO     | __main__:run_cycle:77 - ✅ Cycle Complete. Waiting for next cycle.
2026-05-25 13:32:13.337 | INFO     | agents.whatsapp_agent:_init_driver:65 - 📱 WhatsApp Browser Initialized.
2026-05-25 13:32:15.599 | ERROR    | agents.whatsapp_agent:send_whatsapp_message:70 - ❌ Failed to send WhatsApp: Message: session not created: Chrome failed to start: crashed.
  (session not created: DevToolsActivePort file doesn't exist)
  (The process started from chrome location C:\Program Files\Google\Chrome\Application\chrome.exe is no longer running, so ChromeDriver is assuming that Chrome has crashed.); For documentation on this error, please visit: https://www.selenium.dev/documentation/webdriver/troubleshooting/errors#sessionnotcreatedexception
Stacktrace:
	chromedriver!GetHandleVerifier [0x7ff6ef247de5+14895]
	chromedriver!GetHandleVerifier [0x7ff6ef247e50+14900]
	chromedriver!(No symbol) [0x7ff6eefad5ad]
	chromedriver!(No symbol) [0x7ff6eefef08b]
	chromedriver!(No symbol) [0x7ff6eefea349]
	chromedriver!(No symbol) [0x7ff6ef03dd21]
	chromedriver!(No symbol) [0x7ff6ef03d586]
	chromedriver!(No symbol) [0x7ff6eeff9df8]
	chromedriver!(No symbol) [0x7ff6eefface3]
	chromedriver!GetHandleVerifier [0x7ff6ef55cc49+3296f9]
	chromedriver!GetHandleVerifier [0x7ff6ef557375+323e25]
	chromedriver!GetHandleVerifier [0x7ff6ef57bc82+348732]
	chromedriver!GetHandleVerifier [0x7ff6ef266045+32af5]
	chromedriver!GetHandleVerifier [0x7ff6ef26ecec+3b79c]
	chromedriver!GetHandleVerifier [0x7ff6ef251bc4+1e674]
	chromedriver!GetHandleVerifier [0x7ff6ef251d54+1e804]
	chromedriver!GetHandleVerifier [0x7ff6ef2360e7+2b97]
	KERNEL32!BaseThreadInitThunk [0x7ffa119de957+17]
	ntdll!RtlUserThreadStart [0x7ffa1262427c+2c]

2026-05-25 13:32:15.601 | INFO     | __main__:run_cycle:77 - ✅ Cycle Complete. Waiting for next cycle.
2026-05-25 13:32:44.737 | INFO     | __main__:__init__:23 - 🤖 Auto-Pilot System Initialized. AI is ready to take over.
2026-05-25 13:32:44.737 | SUCCESS  | __main__:start_24_7_operation:90 - 🚀 100% AUTO-PILOT MODE ACTIVATED. You can go sleep now!
2026-05-25 13:32:44.737 | INFO     | __main__:run_cycle:79 - 🔄 Starting Auto-Pilot Cycle...
2026-05-25 13:32:44.737 | INFO     | __main__:scan_for_upwork_jobs:29 - 🔍 [Auto-Pilot] Scanning Upwork for high-paying AI jobs...
2026-05-25 13:32:44.742 | INFO     | __main__:scan_for_upwork_jobs:31 - 📊 Found 0 new jobs to evaluate.
2026-05-25 13:32:44.742 | INFO     | __main__:evaluate_and_bid:38 - 💤 No new jobs to evaluate right now.
2026-05-25 13:32:44.742 | INFO     | __main__:check_messages_and_reply:54 - 💬 [Auto-Pilot] Checking for new leads in DB for WhatsApp outreach...
2026-05-25 13:34:13.353 | ERROR    | agents.whatsapp_agent:send_whatsapp_message:109 - ❌ Failed to send WhatsApp: HTTPConnectionPool(host='localhost', port=60803): Read timed out. (read timeout=120)
2026-05-25 13:34:13.354 | INFO     | __main__:check_messages_and_reply:70 - 🔗 Attempting LinkedIn connection for Indigo...
2026-05-25 13:34:13.489 | INFO     | __main__:check_messages_and_reply:70 - 🔗 Attempting LinkedIn connection for Lululemon...
2026-05-25 13:34:14.405 | INFO     | __main__:check_messages_and_reply:70 - 🔗 Attempting LinkedIn connection for Hudson's Bay...
2026-05-25 13:34:14.408 | INFO     | __main__:run_cycle:83 - ✅ Cycle Complete. Waiting for next cycle.
2026-05-25 13:34:25.198 | ERROR    | agents.whatsapp_agent:send_whatsapp_message:109 - ❌ Failed to send WhatsApp: HTTPConnectionPool(host='localhost', port=60798): Read timed out. (read timeout=120)
2026-05-25 13:34:25.198 | INFO     | __main__:run_cycle:77 - ✅ Cycle Complete. Waiting for next cycle.
2026-05-25 13:34:25.214 | ERROR    | agents.whatsapp_agent:send_whatsapp_message:84 - ❌ Failed to send WhatsApp: HTTPConnectionPool(host='localhost', port=60797): Read timed out. (read timeout=120)
2026-05-25 13:34:25.215 | INFO     | __main__:run_cycle:77 - ✅ Cycle Complete. Waiting for next cycle.
2026-05-25 13:34:37.761 | INFO     | __main__:__init__:23 - 🤖 Auto-Pilot System Initialized. AI is ready to take over.
2026-05-25 13:34:37.761 | SUCCESS  | __main__:start_24_7_operation:90 - 🚀 100% AUTO-PILOT MODE ACTIVATED. You can go sleep now!
2026-05-25 13:34:37.761 | INFO     | __main__:run_cycle:79 - 🔄 Starting Auto-Pilot Cycle...
2026-05-25 13:34:37.765 | INFO     | __main__:scan_for_upwork_jobs:29 - 🔍 [Auto-Pilot] Scanning Upwork for high-paying AI jobs...
2026-05-25 13:34:38.605 | INFO     | __main__:scan_for_upwork_jobs:31 - 📊 Found 0 new jobs to evaluate.
2026-05-25 13:34:38.606 | INFO     | __main__:evaluate_and_bid:38 - 💤 No new jobs to evaluate right now.
2026-05-25 13:34:38.607 | INFO     | __main__:check_messages_and_reply:54 - 💬 [Auto-Pilot] Checking for new leads in DB for WhatsApp outreach...
2026-05-25 13:34:57.733 | ERROR    | agents.whatsapp_agent:send_whatsapp_message:109 - ❌ Failed to send WhatsApp: HTTPConnectionPool(host='localhost', port=57395): Read timed out. (read timeout=120)
2026-05-25 13:34:57.733 | INFO     | __main__:check_messages_and_reply:70 - 🔗 Attempting LinkedIn connection for Indigo...
2026-05-25 13:35:08.370 | INFO     | __main__:check_messages_and_reply:70 - 🔗 Attempting LinkedIn connection for Lululemon...
2026-05-25 13:36:29.345 | INFO     | __main__:check_messages_and_reply:70 - 🔗 Attempting LinkedIn connection for Hudson's Bay...
2026-05-25 13:36:42.904 | INFO     | __main__:run_cycle:83 - ✅ Cycle Complete. Waiting for next cycle.
2026-05-25 13:36:52.219 | ERROR    | agents.whatsapp_agent:send_whatsapp_message:109 - ❌ Failed to send WhatsApp: HTTPConnectionPool(host='localhost', port=59183): Read timed out. (read timeout=120)
2026-05-25 13:36:52.219 | INFO     | __main__:check_messages_and_reply:70 - 🔗 Attempting LinkedIn connection for Indigo...
2026-05-25 13:37:03.024 | INFO     | __main__:check_messages_and_reply:70 - 🔗 Attempting LinkedIn connection for Lululemon...
2026-05-25 13:38:32.898 | INFO     | __main__:check_messages_and_reply:70 - 🔗 Attempting LinkedIn connection for Hudson's Bay...
2026-05-25 13:38:47.755 | INFO     | __main__:run_cycle:83 - ✅ Cycle Complete. Waiting for next cycle.
2026-05-25 13:42:11.254 | INFO     | __main__:run_cycle:56 - 🔄 Starting Auto-Pilot Cycle...
2026-05-25 13:42:11.256 | INFO     | __main__:scan_for_upwork_jobs:23 - 🔍 [Auto-Pilot] Scanning Upwork for high-paying AI jobs...
2026-05-25 13:42:11.258 | INFO     | __main__:run_cycle:56 - 🔄 Starting Auto-Pilot Cycle...
2026-05-25 13:42:11.258 | INFO     | __main__:run_cycle:56 - 🔄 Starting Auto-Pilot Cycle...
2026-05-25 13:42:11.258 | INFO     | __main__:run_cycle:56 - 🔄 Starting Auto-Pilot Cycle...
2026-05-25 13:42:11.258 | INFO     | __main__:scan_for_upwork_jobs:23 - 🔍 [Auto-Pilot] Scanning Upwork for high-paying AI jobs...
2026-05-25 13:42:11.258 | INFO     | __main__:scan_for_upwork_jobs:23 - 🔍 [Auto-Pilot] Scanning Upwork for high-paying AI jobs...
2026-05-25 13:42:11.260 | INFO     | __main__:scan_for_upwork_jobs:23 - 🔍 [Auto-Pilot] Scanning Upwork for high-paying AI jobs...
2026-05-25 13:42:13.120 | INFO     | __main__:scan_for_upwork_jobs:25 - 📊 Found 0 new jobs to evaluate.
2026-05-25 13:42:13.120 | INFO     | __main__:scan_for_upwork_jobs:25 - 📊 Found 0 new jobs to evaluate.
2026-05-25 13:42:13.121 | INFO     | __main__:evaluate_and_bid:32 - 💤 No new jobs to evaluate right now.
2026-05-25 13:42:13.121 | INFO     | __main__:evaluate_and_bid:32 - 💤 No new jobs to evaluate right now.
2026-05-25 13:42:13.121 | INFO     | __main__:check_messages_and_reply:48 - 💬 [Auto-Pilot] Checking client messages and auto-replying...
2026-05-25 13:42:13.121 | INFO     | __main__:check_messages_and_reply:48 - 💬 [Auto-Pilot] Checking client messages and auto-replying...
2026-05-25 13:42:13.121 | INFO     | __main__:run_cycle:60 - ✅ Cycle Complete. Waiting for next cycle.
2026-05-25 13:42:13.121 | INFO     | __main__:run_cycle:60 - ✅ Cycle Complete. Waiting for next cycle.
2026-05-25 13:42:13.134 | INFO     | __main__:scan_for_upwork_jobs:25 - 📊 Found 0 new jobs to evaluate.
2026-05-25 13:42:13.134 | INFO     | __main__:scan_for_upwork_jobs:25 - 📊 Found 0 new jobs to evaluate.
2026-05-25 13:42:13.134 | INFO     | __main__:evaluate_and_bid:32 - 💤 No new jobs to evaluate right now.
2026-05-25 13:42:13.134 | INFO     | __main__:evaluate_and_bid:32 - 💤 No new jobs to evaluate right now.
2026-05-25 13:42:13.136 | INFO     | __main__:check_messages_and_reply:48 - 💬 [Auto-Pilot] Checking client messages and auto-replying...
2026-05-25 13:42:13.136 | INFO     | __main__:check_messages_and_reply:48 - 💬 [Auto-Pilot] Checking client messages and auto-replying...
2026-05-25 13:42:13.136 | INFO     | __main__:run_cycle:60 - ✅ Cycle Complete. Waiting for next cycle.
2026-05-25 13:42:13.136 | INFO     | __main__:run_cycle:60 - ✅ Cycle Complete. Waiting for next cycle.
2026-05-25 13:42:13.526 | INFO     | __main__:run_cycle:73 - 🔄 Starting Auto-Pilot Cycle...
2026-05-25 13:42:13.526 | INFO     | __main__:scan_for_upwork_jobs:27 - 🔍 [Auto-Pilot] Scanning Upwork for high-paying AI jobs...
2026-05-25 13:42:14.293 | INFO     | __main__:scan_for_upwork_jobs:29 - 📊 Found 0 new jobs to evaluate.
2026-05-25 13:42:14.295 | INFO     | __main__:evaluate_and_bid:36 - 💤 No new jobs to evaluate right now.
2026-05-25 13:42:14.295 | INFO     | __main__:check_messages_and_reply:52 - 💬 [Auto-Pilot] Checking for new leads in DB for WhatsApp outreach...
2026-05-25 13:42:15.452 | ERROR    | agents.whatsapp_agent:send_whatsapp_message:70 - ❌ Failed to send WhatsApp: Message: invalid session id; For documentation on this error, please visit: https://www.selenium.dev/documentation/webdriver/troubleshooting/errors#invalidsessionidexception
Stacktrace:
	chromedriver!GetHandleVerifier [0x7ff6ef247de5+14895]
	chromedriver!GetHandleVerifier [0x7ff6ef247e50+14900]
	chromedriver!(No symbol) [0x7ff6eefad396]
	chromedriver!(No symbol) [0x7ff6eeff8e76]
	chromedriver!(No symbol) [0x7ff6ef02ff62]
	chromedriver!(No symbol) [0x7ff6ef029d7f]
	chromedriver!(No symbol) [0x7ff6ef029543]
	chromedriver!(No symbol) [0x7ff6eef76325]
	chromedriver!GetHandleVerifier [0x7ff6ef55cc49+3296f9]
	chromedriver!GetHandleVerifier [0x7ff6ef557375+323e25]
	chromedriver!GetHandleVerifier [0x7ff6ef57bc82+348732]
	chromedriver!GetHandleVerifier [0x7ff6ef266045+32af5]
	chromedriver!GetHandleVerifier [0x7ff6ef26ecec+3b79c]
	chromedriver!(No symbol) [0x7ff6eef750bc]
	chromedriver!GetHandleVerifier [0x7ff6ef6c0b18+48d5c8]
	KERNEL32!BaseThreadInitThunk [0x7ffa119de957+17]
	ntdll!RtlUserThreadStart [0x7ffa1262427c+2c]

2026-05-25 13:42:15.455 | INFO     | __main__:run_cycle:77 - ✅ Cycle Complete. Waiting for next cycle.
2026-05-25 13:42:16.256 | INFO     | __main__:run_cycle:73 - 🔄 Starting Auto-Pilot Cycle...
2026-05-25 13:42:16.256 | INFO     | __main__:scan_for_upwork_jobs:27 - 🔍 [Auto-Pilot] Scanning Upwork for high-paying AI jobs...
2026-05-25 13:42:17.071 | INFO     | __main__:scan_for_upwork_jobs:29 - 📊 Found 0 new jobs to evaluate.
2026-05-25 13:42:17.071 | INFO     | __main__:evaluate_and_bid:36 - 💤 No new jobs to evaluate right now.
2026-05-25 13:42:17.074 | INFO     | __main__:check_messages_and_reply:52 - 💬 [Auto-Pilot] Checking for new leads in DB for WhatsApp outreach...
2026-05-25 13:42:22.441 | ERROR    | agents.whatsapp_agent:send_whatsapp_message:70 - ❌ Failed to send WhatsApp: Message: session not created: Chrome failed to start: crashed.
  (session not created: DevToolsActivePort file doesn't exist)
  (The process started from chrome location C:\Program Files\Google\Chrome\Application\chrome.exe is no longer running, so ChromeDriver is assuming that Chrome has crashed.); For documentation on this error, please visit: https://www.selenium.dev/documentation/webdriver/troubleshooting/errors#sessionnotcreatedexception
Stacktrace:
	chromedriver!GetHandleVerifier [0x7ff6ef247de5+14895]
	chromedriver!GetHandleVerifier [0x7ff6ef247e50+14900]
	chromedriver!(No symbol) [0x7ff6eefad5ad]
	chromedriver!(No symbol) [0x7ff6eefef08b]
	chromedriver!(No symbol) [0x7ff6eefea349]
	chromedriver!(No symbol) [0x7ff6ef03dd21]
	chromedriver!(No symbol) [0x7ff6ef03d586]
	chromedriver!(No symbol) [0x7ff6eeff9df8]
	chromedriver!(No symbol) [0x7ff6eefface3]
	chromedriver!GetHandleVerifier [0x7ff6ef55cc49+3296f9]
	chromedriver!GetHandleVerifier [0x7ff6ef557375+323e25]
	chromedriver!GetHandleVerifier [0x7ff6ef57bc82+348732]
	chromedriver!GetHandleVerifier [0x7ff6ef266045+32af5]
	chromedriver!GetHandleVerifier [0x7ff6ef26ecec+3b79c]
	chromedriver!GetHandleVerifier [0x7ff6ef251bc4+1e674]
	chromedriver!GetHandleVerifier [0x7ff6ef251d54+1e804]
	chromedriver!GetHandleVerifier [0x7ff6ef2360e7+2b97]
	KERNEL32!BaseThreadInitThunk [0x7ffa119de957+17]
	ntdll!RtlUserThreadStart [0x7ffa1262427c+2c]

2026-05-25 13:42:22.467 | INFO     | __main__:run_cycle:77 - ✅ Cycle Complete. Waiting for next cycle.
2026-05-25 13:42:45.238 | INFO     | __main__:run_cycle:79 - 🔄 Starting Auto-Pilot Cycle...
2026-05-25 13:42:45.240 | INFO     | __main__:scan_for_upwork_jobs:29 - 🔍 [Auto-Pilot] Scanning Upwork for high-paying AI jobs...
2026-05-25 13:42:46.417 | INFO     | __main__:scan_for_upwork_jobs:31 - 📊 Found 0 new jobs to evaluate.
2026-05-25 13:42:46.417 | INFO     | __main__:evaluate_and_bid:38 - 💤 No new jobs to evaluate right now.
2026-05-25 13:42:46.417 | INFO     | __main__:check_messages_and_reply:54 - 💬 [Auto-Pilot] Checking for new leads in DB for WhatsApp outreach...
2026-05-25 13:42:49.876 | INFO     | agents.whatsapp_agent:_init_driver:65 - 📱 WhatsApp Browser Initialized.
2026-05-25 13:42:51.498 | INFO     | agents.whatsapp_agent:send_whatsapp_message:86 - ⏳ Waiting for WhatsApp Web to load for 9009334845650...
2026-05-25 13:43:36.870 | ERROR    | agents.whatsapp_agent:send_whatsapp_message:109 - ❌ Failed to send WhatsApp: Message: 
Stacktrace:
	chromedriver!GetHandleVerifier [0x7ff6ef247de5+14895]
	chromedriver!GetHandleVerifier [0x7ff6ef247e50+14900]
	chromedriver!(No symbol) [0x7ff6eefad5ad]
	chromedriver!(No symbol) [0x7ff6ef007822]
	chromedriver!(No symbol) [0x7ff6ef007b2c]
	chromedriver!(No symbol) [0x7ff6ef057d17]
	chromedriver!(No symbol) [0x7ff6ef05486f]
	chromedriver!(No symbol) [0x7ff6eeff9df8]
	chromedriver!(No symbol) [0x7ff6eefface3]
	chromedriver!GetHandleVerifier [0x7ff6ef55cc49+3296f9]
	chromedriver!GetHandleVerifier [0x7ff6ef557375+323e25]
	chromedriver!GetHandleVerifier [0x7ff6ef57bc82+348732]
	chromedriver!GetHandleVerifier [0x7ff6ef266045+32af5]
	chromedriver!GetHandleVerifier [0x7ff6ef26ecec+3b79c]
	chromedriver!GetHandleVerifier [0x7ff6ef251bc4+1e674]
	chromedriver!GetHandleVerifier [0x7ff6ef251d54+1e804]
	chromedriver!GetHandleVerifier [0x7ff6ef2360e7+2b97]
	KERNEL32!BaseThreadInitThunk [0x7ffa119de957+17]
	ntdll!RtlUserThreadStart [0x7ffa1262427c+2c]

2026-05-25 13:43:36.871 | INFO     | __main__:check_messages_and_reply:70 - 🔗 Attempting LinkedIn connection for Indigo...
2026-05-25 13:43:50.706 | INFO     | __main__:check_messages_and_reply:70 - 🔗 Attempting LinkedIn connection for Lululemon...
2026-05-25 13:44:04.548 | INFO     | __main__:check_messages_and_reply:70 - 🔗 Attempting LinkedIn connection for Hudson's Bay...
2026-05-25 13:44:14.932 | INFO     | __main__:run_cycle:79 - 🔄 Starting Auto-Pilot Cycle...
2026-05-25 13:44:14.932 | INFO     | __main__:scan_for_upwork_jobs:29 - 🔍 [Auto-Pilot] Scanning Upwork for high-paying AI jobs...
2026-05-25 13:44:15.950 | INFO     | __main__:scan_for_upwork_jobs:31 - 📊 Found 0 new jobs to evaluate.
2026-05-25 13:44:15.950 | INFO     | __main__:evaluate_and_bid:38 - 💤 No new jobs to evaluate right now.
2026-05-25 13:44:15.951 | INFO     | __main__:check_messages_and_reply:54 - 💬 [Auto-Pilot] Checking for new leads in DB for WhatsApp outreach...
2026-05-25 13:44:16.961 | WARNING  | agents.whatsapp_agent:_init_driver:42 - Existing WhatsApp driver crashed or closed. Restarting...
2026-05-25 13:44:18.178 | INFO     | agents.whatsapp_agent:_init_driver:65 - 📱 WhatsApp Browser Initialized.
2026-05-25 13:44:18.363 | INFO     | __main__:run_cycle:83 - ✅ Cycle Complete. Waiting for next cycle.
2026-05-25 13:44:19.311 | INFO     | agents.whatsapp_agent:send_whatsapp_message:86 - ⏳ Waiting for WhatsApp Web to load for 9009334845650...
2026-05-25 13:44:25.776 | INFO     | __main__:run_cycle:73 - 🔄 Starting Auto-Pilot Cycle...
2026-05-25 13:44:25.776 | INFO     | __main__:scan_for_upwork_jobs:27 - 🔍 [Auto-Pilot] Scanning Upwork for high-paying AI jobs...
2026-05-25 13:44:25.778 | INFO     | __main__:run_cycle:73 - 🔄 Starting Auto-Pilot Cycle...
2026-05-25 13:44:25.778 | INFO     | __main__:scan_for_upwork_jobs:27 - 🔍 [Auto-Pilot] Scanning Upwork for high-paying AI jobs...
2026-05-25 13:44:27.356 | INFO     | __main__:scan_for_upwork_jobs:29 - 📊 Found 0 new jobs to evaluate.
2026-05-25 13:44:27.357 | INFO     | __main__:evaluate_and_bid:36 - 💤 No new jobs to evaluate right now.
2026-05-25 13:44:27.357 | INFO     | __main__:check_messages_and_reply:52 - 💬 [Auto-Pilot] Checking for new leads in DB for WhatsApp outreach...
2026-05-25 13:44:27.357 | INFO     | __main__:scan_for_upwork_jobs:29 - 📊 Found 0 new jobs to evaluate.
2026-05-25 13:44:27.359 | INFO     | __main__:evaluate_and_bid:36 - 💤 No new jobs to evaluate right now.
2026-05-25 13:44:27.361 | INFO     | __main__:check_messages_and_reply:52 - 💬 [Auto-Pilot] Checking for new leads in DB for WhatsApp outreach...
2026-05-25 13:44:30.329 | INFO     | agents.whatsapp_agent:_init_driver:48 - 📱 WhatsApp Browser Initialized.
2026-05-25 13:44:30.329 | INFO     | agents.whatsapp_agent:_init_driver:65 - 📱 WhatsApp Browser Initialized.
2026-05-25 13:44:31.876 | INFO     | agents.whatsapp_agent:send_whatsapp_message:69 - ⏳ Waiting for WhatsApp Web to load for 9009334845650...
2026-05-25 13:44:31.878 | INFO     | agents.whatsapp_agent:send_whatsapp_message:86 - ⏳ Waiting for WhatsApp Web to load for 9009334845650...
2026-05-25 13:44:38.080 | INFO     | __main__:run_cycle:79 - 🔄 Starting Auto-Pilot Cycle...
2026-05-25 13:44:38.081 | INFO     | __main__:scan_for_upwork_jobs:29 - 🔍 [Auto-Pilot] Scanning Upwork for high-paying AI jobs...
2026-05-25 13:44:39.431 | INFO     | __main__:scan_for_upwork_jobs:31 - 📊 Found 0 new jobs to evaluate.
2026-05-25 13:44:39.434 | INFO     | __main__:evaluate_and_bid:38 - 💤 No new jobs to evaluate right now.
2026-05-25 13:44:39.435 | INFO     | __main__:check_messages_and_reply:54 - 💬 [Auto-Pilot] Checking for new leads in DB for WhatsApp outreach...
2026-05-25 13:44:41.965 | INFO     | agents.whatsapp_agent:_init_driver:65 - 📱 WhatsApp Browser Initialized.
2026-05-25 13:44:43.191 | INFO     | agents.whatsapp_agent:send_whatsapp_message:86 - ⏳ Waiting for WhatsApp Web to load for 9009334845650...
2026-05-25 13:44:57.266 | ERROR    | agents.whatsapp_agent:send_whatsapp_message:84 - ❌ Failed to send WhatsApp: Message: 
Stacktrace:
	chromedriver!GetHandleVerifier [0x7ff6ef247de5+14895]
	chromedriver!GetHandleVerifier [0x7ff6ef247e50+14900]
	chromedriver!(No symbol) [0x7ff6eefad5ad]
	chromedriver!(No symbol) [0x7ff6ef007822]
	chromedriver!(No symbol) [0x7ff6ef007b2c]
	chromedriver!(No symbol) [0x7ff6ef057d17]
	chromedriver!(No symbol) [0x7ff6ef05486f]
	chromedriver!(No symbol) [0x7ff6eeff9df8]
	chromedriver!(No symbol) [0x7ff6eefface3]
	chromedriver!GetHandleVerifier [0x7ff6ef55cc49+3296f9]
	chromedriver!GetHandleVerifier [0x7ff6ef557375+323e25]
	chromedriver!GetHandleVerifier [0x7ff6ef57bc82+348732]
	chromedriver!GetHandleVerifier [0x7ff6ef266045+32af5]
	chromedriver!GetHandleVerifier [0x7ff6ef26ecec+3b79c]
	chromedriver!GetHandleVerifier [0x7ff6ef251bc4+1e674]
	chromedriver!GetHandleVerifier [0x7ff6ef251d54+1e804]
	chromedriver!GetHandleVerifier [0x7ff6ef2360e7+2b97]
	KERNEL32!BaseThreadInitThunk [0x7ffa119de957+17]
	ntdll!RtlUserThreadStart [0x7ffa1262427c+2c]

2026-05-25 13:44:57.270 | INFO     | __main__:run_cycle:77 - ✅ Cycle Complete. Waiting for next cycle.
2026-05-25 13:45:04.793 | ERROR    | agents.whatsapp_agent:send_whatsapp_message:109 - ❌ Failed to send WhatsApp: Message: 
Stacktrace:
	chromedriver!GetHandleVerifier [0x7ff6ef247de5+14895]
	chromedriver!GetHandleVerifier [0x7ff6ef247e50+14900]
	chromedriver!(No symbol) [0x7ff6eefad5ad]
	chromedriver!(No symbol) [0x7ff6ef007822]
	chromedriver!(No symbol) [0x7ff6ef007b2c]
	chromedriver!(No symbol) [0x7ff6ef057d17]
	chromedriver!(No symbol) [0x7ff6ef05486f]
	chromedriver!(No symbol) [0x7ff6eeff9df8]
	chromedriver!(No symbol) [0x7ff6eefface3]
	chromedriver!GetHandleVerifier [0x7ff6ef55cc49+3296f9]
	chromedriver!GetHandleVerifier [0x7ff6ef557375+323e25]
	chromedriver!GetHandleVerifier [0x7ff6ef57bc82+348732]
	chromedriver!GetHandleVerifier [0x7ff6ef266045+32af5]
	chromedriver!GetHandleVerifier [0x7ff6ef26ecec+3b79c]
	chromedriver!GetHandleVerifier [0x7ff6ef251bc4+1e674]
	chromedriver!GetHandleVerifier [0x7ff6ef251d54+1e804]
	chromedriver!GetHandleVerifier [0x7ff6ef2360e7+2b97]
	KERNEL32!BaseThreadInitThunk [0x7ffa119de957+17]
	ntdll!RtlUserThreadStart [0x7ffa1262427c+2c]

2026-05-25 13:45:04.795 | INFO     | __main__:check_messages_and_reply:70 - 🔗 Attempting LinkedIn connection for Indigo...
2026-05-25 13:45:04.798 | INFO     | __main__:check_messages_and_reply:70 - 🔗 Attempting LinkedIn connection for Lululemon...
2026-05-25 13:45:04.806 | INFO     | __main__:check_messages_and_reply:70 - 🔗 Attempting LinkedIn connection for Hudson's Bay...
2026-05-25 13:45:04.814 | INFO     | __main__:run_cycle:83 - ✅ Cycle Complete. Waiting for next cycle.
2026-05-25 13:45:17.124 | ERROR    | agents.whatsapp_agent:send_whatsapp_message:109 - ❌ Failed to send WhatsApp: Message: 
Stacktrace:
	chromedriver!GetHandleVerifier [0x7ff6ef247de5+14895]
	chromedriver!GetHandleVerifier [0x7ff6ef247e50+14900]
	chromedriver!(No symbol) [0x7ff6eefad5ad]
	chromedriver!(No symbol) [0x7ff6ef007822]
	chromedriver!(No symbol) [0x7ff6ef007b2c]
	chromedriver!(No symbol) [0x7ff6ef057d17]
	chromedriver!(No symbol) [0x7ff6ef05486f]
	chromedriver!(No symbol) [0x7ff6eeff9df8]
	chromedriver!(No symbol) [0x7ff6eefface3]
	chromedriver!GetHandleVerifier [0x7ff6ef55cc49+3296f9]
	chromedriver!GetHandleVerifier [0x7ff6ef557375+323e25]
	chromedriver!GetHandleVerifier [0x7ff6ef57bc82+348732]
	chromedriver!GetHandleVerifier [0x7ff6ef266045+32af5]
	chromedriver!GetHandleVerifier [0x7ff6ef26ecec+3b79c]
	chromedriver!GetHandleVerifier [0x7ff6ef251bc4+1e674]
	chromedriver!GetHandleVerifier [0x7ff6ef251d54+1e804]
	chromedriver!GetHandleVerifier [0x7ff6ef2360e7+2b97]
	KERNEL32!BaseThreadInitThunk [0x7ffa119de957+17]
	ntdll!RtlUserThreadStart [0x7ffa1262427c+2c]

2026-05-25 13:45:17.130 | INFO     | __main__:run_cycle:77 - ✅ Cycle Complete. Waiting for next cycle.
2026-05-25 13:45:28.603 | ERROR    | agents.whatsapp_agent:send_whatsapp_message:109 - ❌ Failed to send WhatsApp: Message: 
Stacktrace:
	chromedriver!GetHandleVerifier [0x7ff6ef247de5+14895]
	chromedriver!GetHandleVerifier [0x7ff6ef247e50+14900]
	chromedriver!(No symbol) [0x7ff6eefad5ad]
	chromedriver!(No symbol) [0x7ff6ef007822]
	chromedriver!(No symbol) [0x7ff6ef007b2c]
	chromedriver!(No symbol) [0x7ff6ef057d17]
	chromedriver!(No symbol) [0x7ff6ef05486f]
	chromedriver!(No symbol) [0x7ff6eeff9df8]
	chromedriver!(No symbol) [0x7ff6eefface3]
	chromedriver!GetHandleVerifier [0x7ff6ef55cc49+3296f9]
	chromedriver!GetHandleVerifier [0x7ff6ef557375+323e25]
	chromedriver!GetHandleVerifier [0x7ff6ef57bc82+348732]
	chromedriver!GetHandleVerifier [0x7ff6ef266045+32af5]
	chromedriver!GetHandleVerifier [0x7ff6ef26ecec+3b79c]
	chromedriver!GetHandleVerifier [0x7ff6ef251bc4+1e674]
	chromedriver!GetHandleVerifier [0x7ff6ef251d54+1e804]
	chromedriver!GetHandleVerifier [0x7ff6ef2360e7+2b97]
	KERNEL32!BaseThreadInitThunk [0x7ffa119de957+17]
	ntdll!RtlUserThreadStart [0x7ffa1262427c+2c]

2026-05-25 13:45:28.605 | INFO     | __main__:check_messages_and_reply:70 - 🔗 Attempting LinkedIn connection for Indigo...
2026-05-25 13:45:42.570 | INFO     | __main__:check_messages_and_reply:70 - 🔗 Attempting LinkedIn connection for Lululemon...
2026-05-25 13:45:56.386 | INFO     | __main__:check_messages_and_reply:70 - 🔗 Attempting LinkedIn connection for Hudson's Bay...
2026-05-25 13:46:10.421 | INFO     | __main__:run_cycle:83 - ✅ Cycle Complete. Waiting for next cycle.
2026-05-25 13:52:13.541 | INFO     | __main__:run_cycle:56 - 🔄 Starting Auto-Pilot Cycle...
2026-05-25 13:52:13.542 | INFO     | __main__:scan_for_upwork_jobs:23 - 🔍 [Auto-Pilot] Scanning Upwork for high-paying AI jobs...
2026-05-25 13:52:13.551 | INFO     | __main__:run_cycle:56 - 🔄 Starting Auto-Pilot Cycle...
2026-05-25 13:52:13.551 | INFO     | __main__:run_cycle:56 - 🔄 Starting Auto-Pilot Cycle...
2026-05-25 13:52:13.552 | INFO     | __main__:scan_for_upwork_jobs:23 - 🔍 [Auto-Pilot] Scanning Upwork for high-paying AI jobs...
2026-05-25 13:52:13.553 | INFO     | __main__:scan_for_upwork_jobs:23 - 🔍 [Auto-Pilot] Scanning Upwork for high-paying AI jobs...
2026-05-25 13:52:13.556 | INFO     | __main__:run_cycle:56 - 🔄 Starting Auto-Pilot Cycle...
2026-05-25 13:52:13.556 | INFO     | __main__:scan_for_upwork_jobs:23 - 🔍 [Auto-Pilot] Scanning Upwork for high-paying AI jobs...
2026-05-25 13:52:14.948 | INFO     | __main__:scan_for_upwork_jobs:25 - 📊 Found 0 new jobs to evaluate.
2026-05-25 13:52:14.951 | INFO     | __main__:evaluate_and_bid:32 - 💤 No new jobs to evaluate right now.
2026-05-25 13:52:14.952 | INFO     | __main__:check_messages_and_reply:48 - 💬 [Auto-Pilot] Checking client messages and auto-replying...
2026-05-25 13:52:14.952 | INFO     | __main__:run_cycle:60 - ✅ Cycle Complete. Waiting for next cycle.
2026-05-25 13:52:14.962 | INFO     | __main__:scan_for_upwork_jobs:25 - 📊 Found 0 new jobs to evaluate.
2026-05-25 13:52:14.962 | INFO     | __main__:evaluate_and_bid:32 - 💤 No new jobs to evaluate right now.
2026-05-25 13:52:14.962 | INFO     | __main__:check_messages_and_reply:48 - 💬 [Auto-Pilot] Checking client messages and auto-replying...
2026-05-25 13:52:14.962 | INFO     | __main__:run_cycle:60 - ✅ Cycle Complete. Waiting for next cycle.
2026-05-25 13:52:14.981 | INFO     | __main__:scan_for_upwork_jobs:25 - 📊 Found 0 new jobs to evaluate.
2026-05-25 13:52:14.981 | INFO     | __main__:evaluate_and_bid:32 - 💤 No new jobs to evaluate right now.
2026-05-25 13:52:14.981 | INFO     | __main__:check_messages_and_reply:48 - 💬 [Auto-Pilot] Checking client messages and auto-replying...
2026-05-25 13:52:14.984 | INFO     | __main__:run_cycle:60 - ✅ Cycle Complete. Waiting for next cycle.
2026-05-25 13:52:14.998 | INFO     | __main__:scan_for_upwork_jobs:25 - 📊 Found 0 new jobs to evaluate.
2026-05-25 13:52:14.998 | INFO     | __main__:evaluate_and_bid:32 - 💤 No new jobs to evaluate right now.
2026-05-25 13:52:14.998 | INFO     | __main__:check_messages_and_reply:48 - 💬 [Auto-Pilot] Checking client messages and auto-replying...
2026-05-25 13:52:15.000 | INFO     | __main__:run_cycle:60 - ✅ Cycle Complete. Waiting for next cycle.
2026-05-25 13:52:15.903 | INFO     | __main__:run_cycle:73 - 🔄 Starting Auto-Pilot Cycle...
2026-05-25 13:52:15.904 | INFO     | __main__:scan_for_upwork_jobs:27 - 🔍 [Auto-Pilot] Scanning Upwork for high-paying AI jobs...
2026-05-25 13:52:16.665 | INFO     | __main__:scan_for_upwork_jobs:29 - 📊 Found 0 new jobs to evaluate.
2026-05-25 13:52:16.665 | INFO     | __main__:evaluate_and_bid:36 - 💤 No new jobs to evaluate right now.
2026-05-25 13:52:16.666 | INFO     | __main__:check_messages_and_reply:52 - 💬 [Auto-Pilot] Checking for new leads in DB for WhatsApp outreach...
2026-05-25 13:52:17.811 | ERROR    | agents.whatsapp_agent:send_whatsapp_message:70 - ❌ Failed to send WhatsApp: Message: invalid session id; For documentation on this error, please visit: https://www.selenium.dev/documentation/webdriver/troubleshooting/errors#invalidsessionidexception
Stacktrace:
	chromedriver!GetHandleVerifier [0x7ff6ef247de5+14895]
	chromedriver!GetHandleVerifier [0x7ff6ef247e50+14900]
	chromedriver!(No symbol) [0x7ff6eefad396]
	chromedriver!(No symbol) [0x7ff6eeff8e76]
	chromedriver!(No symbol) [0x7ff6ef02ff62]
	chromedriver!(No symbol) [0x7ff6ef029d7f]
	chromedriver!(No symbol) [0x7ff6ef029543]
	chromedriver!(No symbol) [0x7ff6eef76325]
	chromedriver!GetHandleVerifier [0x7ff6ef55cc49+3296f9]
	chromedriver!GetHandleVerifier [0x7ff6ef557375+323e25]
	chromedriver!GetHandleVerifier [0x7ff6ef57bc82+348732]
	chromedriver!GetHandleVerifier [0x7ff6ef266045+32af5]
	chromedriver!GetHandleVerifier [0x7ff6ef26ecec+3b79c]
	chromedriver!(No symbol) [0x7ff6eef750bc]
	chromedriver!GetHandleVerifier [0x7ff6ef6c0b18+48d5c8]
	KERNEL32!BaseThreadInitThunk [0x7ffa119de957+17]
	ntdll!RtlUserThreadStart [0x7ffa1262427c+2c]

2026-05-25 13:52:17.816 | INFO     | __main__:run_cycle:77 - ✅ Cycle Complete. Waiting for next cycle.
2026-05-25 13:52:22.897 | INFO     | __main__:run_cycle:73 - 🔄 Starting Auto-Pilot Cycle...
2026-05-25 13:52:22.898 | INFO     | __main__:scan_for_upwork_jobs:27 - 🔍 [Auto-Pilot] Scanning Upwork for high-paying AI jobs...
2026-05-25 13:52:23.872 | INFO     | __main__:scan_for_upwork_jobs:29 - 📊 Found 0 new jobs to evaluate.
2026-05-25 13:52:23.874 | INFO     | __main__:evaluate_and_bid:36 - 💤 No new jobs to evaluate right now.
2026-05-25 13:52:23.874 | INFO     | __main__:check_messages_and_reply:52 - 💬 [Auto-Pilot] Checking for new leads in DB for WhatsApp outreach...
2026-05-25 13:52:28.167 | ERROR    | agents.whatsapp_agent:send_whatsapp_message:70 - ❌ Failed to send WhatsApp: Message: session not created: Chrome failed to start: crashed.
  (session not created: DevToolsActivePort file doesn't exist)
  (The process started from chrome location C:\Program Files\Google\Chrome\Application\chrome.exe is no longer running, so ChromeDriver is assuming that Chrome has crashed.); For documentation on this error, please visit: https://www.selenium.dev/documentation/webdriver/troubleshooting/errors#sessionnotcreatedexception
Stacktrace:
	chromedriver!GetHandleVerifier [0x7ff6ef247de5+14895]
	chromedriver!GetHandleVerifier [0x7ff6ef247e50+14900]
	chromedriver!(No symbol) [0x7ff6eefad5ad]
	chromedriver!(No symbol) [0x7ff6eefef08b]
	chromedriver!(No symbol) [0x7ff6eefea349]
	chromedriver!(No symbol) [0x7ff6ef03dd21]
	chromedriver!(No symbol) [0x7ff6ef03d586]
	chromedriver!(No symbol) [0x7ff6eeff9df8]
	chromedriver!(No symbol) [0x7ff6eefface3]
	chromedriver!GetHandleVerifier [0x7ff6ef55cc49+3296f9]
	chromedriver!GetHandleVerifier [0x7ff6ef557375+323e25]
	chromedriver!GetHandleVerifier [0x7ff6ef57bc82+348732]
	chromedriver!GetHandleVerifier [0x7ff6ef266045+32af5]
	chromedriver!GetHandleVerifier [0x7ff6ef26ecec+3b79c]
	chromedriver!GetHandleVerifier [0x7ff6ef251bc4+1e674]
	chromedriver!GetHandleVerifier [0x7ff6ef251d54+1e804]
	chromedriver!GetHandleVerifier [0x7ff6ef2360e7+2b97]
	KERNEL32!BaseThreadInitThunk [0x7ffa119de957+17]
	ntdll!RtlUserThreadStart [0x7ffa1262427c+2c]

2026-05-25 13:52:28.172 | INFO     | __main__:run_cycle:77 - ✅ Cycle Complete. Waiting for next cycle.
2026-05-25 13:54:18.800 | INFO     | __main__:run_cycle:79 - 🔄 Starting Auto-Pilot Cycle...
2026-05-25 13:54:18.801 | INFO     | __main__:scan_for_upwork_jobs:29 - 🔍 [Auto-Pilot] Scanning Upwork for high-paying AI jobs...
2026-05-25 13:54:19.965 | INFO     | __main__:scan_for_upwork_jobs:31 - 📊 Found 0 new jobs to evaluate.
2026-05-25 13:54:19.967 | INFO     | __main__:evaluate_and_bid:38 - 💤 No new jobs to evaluate right now.
2026-05-25 13:54:19.968 | INFO     | __main__:check_messages_and_reply:54 - 💬 [Auto-Pilot] Checking for new leads in DB for WhatsApp outreach...
2026-05-25 13:54:25.367 | INFO     | agents.whatsapp_agent:_init_driver:65 - 📱 WhatsApp Browser Initialized.
2026-05-25 13:54:27.010 | INFO     | agents.whatsapp_agent:send_whatsapp_message:86 - ⏳ Waiting for WhatsApp Web to load for 9009334845650...
2026-05-25 13:54:57.685 | INFO     | __main__:run_cycle:73 - 🔄 Starting Auto-Pilot Cycle...
2026-05-25 13:54:57.687 | INFO     | __main__:scan_for_upwork_jobs:27 - 🔍 [Auto-Pilot] Scanning Upwork for high-paying AI jobs...
2026-05-25 13:54:58.841 | INFO     | __main__:scan_for_upwork_jobs:29 - 📊 Found 0 new jobs to evaluate.
2026-05-25 13:54:58.841 | INFO     | __main__:evaluate_and_bid:36 - 💤 No new jobs to evaluate right now.
2026-05-25 13:54:58.844 | INFO     | __main__:check_messages_and_reply:52 - 💬 [Auto-Pilot] Checking for new leads in DB for WhatsApp outreach...
2026-05-25 13:54:59.815 | ERROR    | agents.whatsapp_agent:send_whatsapp_message:109 - ❌ Failed to send WhatsApp: Message: no such window: target window already closed
from unknown error: web view not found
  (Session info: chrome=148.0.7778.179)
Stacktrace:
	chromedriver!GetHandleVerifier [0x7ff6ef247de5+14895]
	chromedriver!GetHandleVerifier [0x7ff6ef247e50+14900]
	chromedriver!(No symbol) [0x7ff6eefad5ad]
	chromedriver!(No symbol) [0x7ff6eef840f2]
	chromedriver!(No symbol) [0x7ff6ef036f56]
	chromedriver!(No symbol) [0x7ff6ef054172]
	chromedriver!(No symbol) [0x7ff6eeff9df8]
	chromedriver!(No symbol) [0x7ff6eefface3]
	chromedriver!GetHandleVerifier [0x7ff6ef55cc49+3296f9]
	chromedriver!GetHandleVerifier [0x7ff6ef557375+323e25]
	chromedriver!GetHandleVerifier [0x7ff6ef57bc82+348732]
	chromedriver!GetHandleVerifier [0x7ff6ef266045+32af5]
	chromedriver!GetHandleVerifier [0x7ff6ef26ecec+3b79c]
	chromedriver!GetHandleVerifier [0x7ff6ef251bc4+1e674]
	chromedriver!GetHandleVerifier [0x7ff6ef251d54+1e804]
	chromedriver!GetHandleVerifier [0x7ff6ef2360e7+2b97]
	KERNEL32!BaseThreadInitThunk [0x7ffa119de957+17]
	ntdll!RtlUserThreadStart [0x7ffa1262427c+2c]

2026-05-25 13:54:59.815 | INFO     | __main__:check_messages_and_reply:70 - 🔗 Attempting LinkedIn connection for Indigo...
2026-05-25 13:55:05.282 | INFO     | __main__:run_cycle:79 - 🔄 Starting Auto-Pilot Cycle...
2026-05-25 13:55:05.286 | INFO     | __main__:scan_for_upwork_jobs:29 - 🔍 [Auto-Pilot] Scanning Upwork for high-paying AI jobs...
2026-05-25 13:55:05.341 | INFO     | agents.whatsapp_agent:_init_driver:48 - 📱 WhatsApp Browser Initialized.
2026-05-25 13:55:07.477 | INFO     | __main__:scan_for_upwork_jobs:31 - 📊 Found 0 new jobs to evaluate.
2026-05-25 13:55:07.479 | INFO     | __main__:evaluate_and_bid:38 - 💤 No new jobs to evaluate right now.
2026-05-25 13:55:07.480 | INFO     | __main__:check_messages_and_reply:54 - 💬 [Auto-Pilot] Checking for new leads in DB for WhatsApp outreach...
2026-05-25 13:55:07.604 | INFO     | agents.whatsapp_agent:send_whatsapp_message:69 - ⏳ Waiting for WhatsApp Web to load for 9009334845650...
2026-05-25 13:55:13.410 | INFO     | __main__:check_messages_and_reply:70 - 🔗 Attempting LinkedIn connection for Lululemon...
2026-05-25 13:55:14.750 | INFO     | agents.whatsapp_agent:_init_driver:65 - 📱 WhatsApp Browser Initialized.
2026-05-25 13:55:16.486 | INFO     | agents.whatsapp_agent:send_whatsapp_message:86 - ⏳ Waiting for WhatsApp Web to load for 9009334845650...
2026-05-25 13:55:17.578 | INFO     | __main__:run_cycle:73 - 🔄 Starting Auto-Pilot Cycle...
2026-05-25 13:55:17.580 | INFO     | __main__:scan_for_upwork_jobs:27 - 🔍 [Auto-Pilot] Scanning Upwork for high-paying AI jobs...
2026-05-25 13:55:19.198 | INFO     | __main__:scan_for_upwork_jobs:29 - 📊 Found 0 new jobs to evaluate.
2026-05-25 13:55:19.216 | INFO     | __main__:evaluate_and_bid:36 - 💤 No new jobs to evaluate right now.
2026-05-25 13:55:19.239 | INFO     | __main__:check_messages_and_reply:52 - 💬 [Auto-Pilot] Checking for new leads in DB for WhatsApp outreach...
2026-05-25 13:55:25.321 | INFO     | agents.whatsapp_agent:_init_driver:65 - 📱 WhatsApp Browser Initialized.
2026-05-25 13:55:27.027 | INFO     | agents.whatsapp_agent:send_whatsapp_message:86 - ⏳ Waiting for WhatsApp Web to load for 9009334845650...
2026-05-25 13:55:27.395 | INFO     | __main__:check_messages_and_reply:70 - 🔗 Attempting LinkedIn connection for Hudson's Bay...
2026-05-25 13:55:32.780 | ERROR    | agents.whatsapp_agent:send_whatsapp_message:84 - ❌ Failed to send WhatsApp: Message: 
Stacktrace:
	chromedriver!GetHandleVerifier [0x7ff6ef247de5+14895]
	chromedriver!GetHandleVerifier [0x7ff6ef247e50+14900]
	chromedriver!(No symbol) [0x7ff6eefad5ad]
	chromedriver!(No symbol) [0x7ff6ef007822]
	chromedriver!(No symbol) [0x7ff6ef007b2c]
	chromedriver!(No symbol) [0x7ff6ef057d17]
	chromedriver!(No symbol) [0x7ff6ef05486f]
	chromedriver!(No symbol) [0x7ff6eeff9df8]
	chromedriver!(No symbol) [0x7ff6eefface3]
	chromedriver!GetHandleVerifier [0x7ff6ef55cc49+3296f9]
	chromedriver!GetHandleVerifier [0x7ff6ef557375+323e25]
	chromedriver!GetHandleVerifier [0x7ff6ef57bc82+348732]
	chromedriver!GetHandleVerifier [0x7ff6ef266045+32af5]
	chromedriver!GetHandleVerifier [0x7ff6ef26ecec+3b79c]
	chromedriver!GetHandleVerifier [0x7ff6ef251bc4+1e674]
	chromedriver!GetHandleVerifier [0x7ff6ef251d54+1e804]
	chromedriver!GetHandleVerifier [0x7ff6ef2360e7+2b97]
	KERNEL32!BaseThreadInitThunk [0x7ffa119de957+17]
	ntdll!RtlUserThreadStart [0x7ffa1262427c+2c]

2026-05-25 13:55:32.784 | INFO     | __main__:run_cycle:77 - ✅ Cycle Complete. Waiting for next cycle.
2026-05-25 13:55:41.071 | INFO     | __main__:run_cycle:83 - ✅ Cycle Complete. Waiting for next cycle.
2026-05-25 13:56:01.853 | ERROR    | agents.whatsapp_agent:send_whatsapp_message:109 - ❌ Failed to send WhatsApp: Message: 
Stacktrace:
	chromedriver!GetHandleVerifier [0x7ff6ef247de5+14895]
	chromedriver!GetHandleVerifier [0x7ff6ef247e50+14900]
	chromedriver!(No symbol) [0x7ff6eefad5ad]
	chromedriver!(No symbol) [0x7ff6ef007822]
	chromedriver!(No symbol) [0x7ff6ef007b2c]
	chromedriver!(No symbol) [0x7ff6ef057d17]
	chromedriver!(No symbol) [0x7ff6ef05486f]
	chromedriver!(No symbol) [0x7ff6eeff9df8]
	chromedriver!(No symbol) [0x7ff6eefface3]
	chromedriver!GetHandleVerifier [0x7ff6ef55cc49+3296f9]
	chromedriver!GetHandleVerifier [0x7ff6ef557375+323e25]
	chromedriver!GetHandleVerifier [0x7ff6ef57bc82+348732]
	chromedriver!GetHandleVerifier [0x7ff6ef266045+32af5]
	chromedriver!GetHandleVerifier [0x7ff6ef26ecec+3b79c]
	chromedriver!GetHandleVerifier [0x7ff6ef251bc4+1e674]
	chromedriver!GetHandleVerifier [0x7ff6ef251d54+1e804]
	chromedriver!GetHandleVerifier [0x7ff6ef2360e7+2b97]
	KERNEL32!BaseThreadInitThunk [0x7ffa119de957+17]
	ntdll!RtlUserThreadStart [0x7ffa1262427c+2c]

2026-05-25 13:56:01.853 | INFO     | __main__:check_messages_and_reply:70 - 🔗 Attempting LinkedIn connection for Indigo...
2026-05-25 13:56:01.860 | INFO     | __main__:check_messages_and_reply:70 - 🔗 Attempting LinkedIn connection for Lululemon...
2026-05-25 13:56:01.863 | INFO     | __main__:check_messages_and_reply:70 - 🔗 Attempting LinkedIn connection for Hudson's Bay...
2026-05-25 13:56:01.871 | INFO     | __main__:run_cycle:83 - ✅ Cycle Complete. Waiting for next cycle.
2026-05-25 13:56:10.990 | INFO     | __main__:run_cycle:79 - 🔄 Starting Auto-Pilot Cycle...
2026-05-25 13:56:10.990 | INFO     | __main__:scan_for_upwork_jobs:29 - 🔍 [Auto-Pilot] Scanning Upwork for high-paying AI jobs...
2026-05-25 13:56:12.080 | ERROR    | agents.whatsapp_agent:send_whatsapp_message:109 - ❌ Failed to send WhatsApp: Message: 
Stacktrace:
	chromedriver!GetHandleVerifier [0x7ff6ef247de5+14895]
	chromedriver!GetHandleVerifier [0x7ff6ef247e50+14900]
	chromedriver!(No symbol) [0x7ff6eefad5ad]
	chromedriver!(No symbol) [0x7ff6ef007822]
	chromedriver!(No symbol) [0x7ff6ef007b2c]
	chromedriver!(No symbol) [0x7ff6ef057d17]
	chromedriver!(No symbol) [0x7ff6ef05486f]
	chromedriver!(No symbol) [0x7ff6eeff9df8]
	chromedriver!(No symbol) [0x7ff6eefface3]
	chromedriver!GetHandleVerifier [0x7ff6ef55cc49+3296f9]
	chromedriver!GetHandleVerifier [0x7ff6ef557375+323e25]
	chromedriver!GetHandleVerifier [0x7ff6ef57bc82+348732]
	chromedriver!GetHandleVerifier [0x7ff6ef266045+32af5]
	chromedriver!GetHandleVerifier [0x7ff6ef26ecec+3b79c]
	chromedriver!GetHandleVerifier [0x7ff6ef251bc4+1e674]
	chromedriver!GetHandleVerifier [0x7ff6ef251d54+1e804]
	chromedriver!GetHandleVerifier [0x7ff6ef2360e7+2b97]
	KERNEL32!BaseThreadInitThunk [0x7ffa119de957+17]
	ntdll!RtlUserThreadStart [0x7ffa1262427c+2c]

2026-05-25 13:56:12.080 | INFO     | __main__:run_cycle:77 - ✅ Cycle Complete. Waiting for next cycle.
2026-05-25 13:56:12.111 | INFO     | __main__:scan_for_upwork_jobs:31 - 📊 Found 0 new jobs to evaluate.
2026-05-25 13:56:12.113 | INFO     | __main__:evaluate_and_bid:38 - 💤 No new jobs to evaluate right now.
2026-05-25 13:56:12.113 | INFO     | __main__:check_messages_and_reply:54 - 💬 [Auto-Pilot] Checking for new leads in DB for WhatsApp outreach...
2026-05-25 13:56:17.719 | INFO     | agents.whatsapp_agent:_init_driver:65 - 📱 WhatsApp Browser Initialized.
2026-05-25 13:56:18.698 | INFO     | agents.whatsapp_agent:send_whatsapp_message:86 - ⏳ Waiting for WhatsApp Web to load for 9009334845650...
2026-05-25 13:57:03.899 | ERROR    | agents.whatsapp_agent:send_whatsapp_message:109 - ❌ Failed to send WhatsApp: Message: 
Stacktrace:
	chromedriver!GetHandleVerifier [0x7ff6ef247de5+14895]
	chromedriver!GetHandleVerifier [0x7ff6ef247e50+14900]
	chromedriver!(No symbol) [0x7ff6eefad5ad]
	chromedriver!(No symbol) [0x7ff6ef007822]
	chromedriver!(No symbol) [0x7ff6ef007b2c]
	chromedriver!(No symbol) [0x7ff6ef057d17]
	chromedriver!(No symbol) [0x7ff6ef05486f]
	chromedriver!(No symbol) [0x7ff6eeff9df8]
	chromedriver!(No symbol) [0x7ff6eefface3]
	chromedriver!GetHandleVerifier [0x7ff6ef55cc49+3296f9]
	chromedriver!GetHandleVerifier [0x7ff6ef557375+323e25]
	chromedriver!GetHandleVerifier [0x7ff6ef57bc82+348732]
	chromedriver!GetHandleVerifier [0x7ff6ef266045+32af5]
	chromedriver!GetHandleVerifier [0x7ff6ef26ecec+3b79c]
	chromedriver!GetHandleVerifier [0x7ff6ef251bc4+1e674]
	chromedriver!GetHandleVerifier [0x7ff6ef251d54+1e804]
	chromedriver!GetHandleVerifier [0x7ff6ef2360e7+2b97]
	KERNEL32!BaseThreadInitThunk [0x7ffa119de957+17]
	ntdll!RtlUserThreadStart [0x7ffa1262427c+2c]

2026-05-25 13:57:03.900 | INFO     | __main__:check_messages_and_reply:70 - 🔗 Attempting LinkedIn connection for Indigo...
2026-05-25 13:57:17.553 | INFO     | __main__:check_messages_and_reply:70 - 🔗 Attempting LinkedIn connection for Lululemon...
2026-05-25 13:57:30.964 | INFO     | __main__:check_messages_and_reply:70 - 🔗 Attempting LinkedIn connection for Hudson's Bay...
2026-05-25 13:57:44.399 | INFO     | __main__:run_cycle:83 - ✅ Cycle Complete. Waiting for next cycle.
2026-05-25 14:02:15.514 | INFO     | __main__:run_cycle:56 - 🔄 Starting Auto-Pilot Cycle...
2026-05-25 14:02:15.514 | INFO     | __main__:run_cycle:56 - 🔄 Starting Auto-Pilot Cycle...
2026-05-25 14:02:15.515 | INFO     | __main__:scan_for_upwork_jobs:23 - 🔍 [Auto-Pilot] Scanning Upwork for high-paying AI jobs...
2026-05-25 14:02:15.516 | INFO     | __main__:scan_for_upwork_jobs:23 - 🔍 [Auto-Pilot] Scanning Upwork for high-paying AI jobs...
2026-05-25 14:02:15.523 | INFO     | __main__:run_cycle:56 - 🔄 Starting Auto-Pilot Cycle...
2026-05-25 14:02:15.523 | INFO     | __main__:scan_for_upwork_jobs:23 - 🔍 [Auto-Pilot] Scanning Upwork for high-paying AI jobs...
2026-05-25 14:02:15.527 | INFO     | __main__:run_cycle:56 - 🔄 Starting Auto-Pilot Cycle...
2026-05-25 14:02:15.527 | INFO     | __main__:scan_for_upwork_jobs:23 - 🔍 [Auto-Pilot] Scanning Upwork for high-paying AI jobs...
2026-05-25 14:02:17.341 | INFO     | __main__:scan_for_upwork_jobs:25 - 📊 Found 0 new jobs to evaluate.
2026-05-25 14:02:17.341 | INFO     | __main__:scan_for_upwork_jobs:25 - 📊 Found 0 new jobs to evaluate.
2026-05-25 14:02:17.342 | INFO     | __main__:evaluate_and_bid:32 - 💤 No new jobs to evaluate right now.
2026-05-25 14:02:17.342 | INFO     | __main__:evaluate_and_bid:32 - 💤 No new jobs to evaluate right now.
2026-05-25 14:02:17.343 | INFO     | __main__:check_messages_and_reply:48 - 💬 [Auto-Pilot] Checking client messages and auto-replying...
2026-05-25 14:02:17.343 | INFO     | __main__:check_messages_and_reply:48 - 💬 [Auto-Pilot] Checking client messages and auto-replying...
2026-05-25 14:02:17.344 | INFO     | __main__:run_cycle:60 - ✅ Cycle Complete. Waiting for next cycle.
2026-05-25 14:02:17.344 | INFO     | __main__:run_cycle:60 - ✅ Cycle Complete. Waiting for next cycle.
2026-05-25 14:02:17.478 | INFO     | __main__:scan_for_upwork_jobs:25 - 📊 Found 0 new jobs to evaluate.
2026-05-25 14:02:17.478 | INFO     | __main__:evaluate_and_bid:32 - 💤 No new jobs to evaluate right now.
2026-05-25 14:02:17.478 | INFO     | __main__:evaluate_and_bid:32 - 💤 No new jobs to evaluate right now.
2026-05-25 14:02:17.478 | INFO     | __main__:check_messages_and_reply:48 - 💬 [Auto-Pilot] Checking client messages and auto-replying...
2026-05-25 14:02:17.478 | INFO     | __main__:check_messages_and_reply:48 - 💬 [Auto-Pilot] Checking client messages and auto-replying...
2026-05-25 14:02:17.478 | INFO     | __main__:run_cycle:60 - ✅ Cycle Complete. Waiting for next cycle.
2026-05-25 14:02:17.478 | INFO     | __main__:run_cycle:60 - ✅ Cycle Complete. Waiting for next cycle.
2026-05-25 14:02:18.339 | INFO     | __main__:run_cycle:73 - 🔄 Starting Auto-Pilot Cycle...
2026-05-25 14:02:18.340 | INFO     | __main__:scan_for_upwork_jobs:27 - 🔍 [Auto-Pilot] Scanning Upwork for high-paying AI jobs...
2026-05-25 14:02:19.266 | INFO     | __main__:scan_for_upwork_jobs:29 - 📊 Found 0 new jobs to evaluate.
2026-05-25 14:02:19.266 | INFO     | __main__:evaluate_and_bid:36 - 💤 No new jobs to evaluate right now.
2026-05-25 14:02:19.270 | INFO     | __main__:check_messages_and_reply:52 - 💬 [Auto-Pilot] Checking for new leads in DB for WhatsApp outreach...
2026-05-25 14:02:20.280 | ERROR    | agents.whatsapp_agent:send_whatsapp_message:70 - ❌ Failed to send WhatsApp: Message: invalid session id; For documentation on this error, please visit: https://www.selenium.dev/documentation/webdriver/troubleshooting/errors#invalidsessionidexception
Stacktrace:
	chromedriver!GetHandleVerifier [0x7ff6ef247de5+14895]
	chromedriver!GetHandleVerifier [0x7ff6ef247e50+14900]
	chromedriver!(No symbol) [0x7ff6eefad396]
	chromedriver!(No symbol) [0x7ff6eeff8e76]
	chromedriver!(No symbol) [0x7ff6ef02ff62]
	chromedriver!(No symbol) [0x7ff6ef029d7f]
	chromedriver!(No symbol) [0x7ff6ef029543]
	chromedriver!(No symbol) [0x7ff6eef76325]
	chromedriver!GetHandleVerifier [0x7ff6ef55cc49+3296f9]
	chromedriver!GetHandleVerifier [0x7ff6ef557375+323e25]
	chromedriver!GetHandleVerifier [0x7ff6ef57bc82+348732]
	chromedriver!GetHandleVerifier [0x7ff6ef266045+32af5]
	chromedriver!GetHandleVerifier [0x7ff6ef26ecec+3b79c]
	chromedriver!(No symbol) [0x7ff6eef750bc]
	chromedriver!GetHandleVerifier [0x7ff6ef6c0b18+48d5c8]
	KERNEL32!BaseThreadInitThunk [0x7ffa119de957+17]
	ntdll!RtlUserThreadStart [0x7ffa1262427c+2c]

2026-05-25 14:02:20.285 | INFO     | __main__:run_cycle:77 - ✅ Cycle Complete. Waiting for next cycle.
2026-05-25 14:02:28.799 | INFO     | __main__:run_cycle:73 - 🔄 Starting Auto-Pilot Cycle...
2026-05-25 14:02:28.800 | INFO     | __main__:scan_for_upwork_jobs:27 - 🔍 [Auto-Pilot] Scanning Upwork for high-paying AI jobs...
2026-05-25 14:02:30.155 | INFO     | __main__:scan_for_upwork_jobs:29 - 📊 Found 0 new jobs to evaluate.
2026-05-25 14:02:30.156 | INFO     | __main__:evaluate_and_bid:36 - 💤 No new jobs to evaluate right now.
2026-05-25 14:02:30.156 | INFO     | __main__:check_messages_and_reply:52 - 💬 [Auto-Pilot] Checking for new leads in DB for WhatsApp outreach...
2026-05-25 14:02:35.009 | ERROR    | agents.whatsapp_agent:send_whatsapp_message:70 - ❌ Failed to send WhatsApp: Message: session not created: Chrome failed to start: crashed.
  (session not created: DevToolsActivePort file doesn't exist)
  (The process started from chrome location C:\Program Files\Google\Chrome\Application\chrome.exe is no longer running, so ChromeDriver is assuming that Chrome has crashed.); For documentation on this error, please visit: https://www.selenium.dev/documentation/webdriver/troubleshooting/errors#sessionnotcreatedexception
Stacktrace:
	chromedriver!GetHandleVerifier [0x7ff6ef247de5+14895]
	chromedriver!GetHandleVerifier [0x7ff6ef247e50+14900]
	chromedriver!(No symbol) [0x7ff6eefad5ad]
	chromedriver!(No symbol) [0x7ff6eefef08b]
	chromedriver!(No symbol) [0x7ff6eefea349]
	chromedriver!(No symbol) [0x7ff6ef03dd21]
	chromedriver!(No symbol) [0x7ff6ef03d586]
	chromedriver!(No symbol) [0x7ff6eeff9df8]
	chromedriver!(No symbol) [0x7ff6eefface3]
	chromedriver!GetHandleVerifier [0x7ff6ef55cc49+3296f9]
	chromedriver!GetHandleVerifier [0x7ff6ef557375+323e25]
	chromedriver!GetHandleVerifier [0x7ff6ef57bc82+348732]
	chromedriver!GetHandleVerifier [0x7ff6ef266045+32af5]
	chromedriver!GetHandleVerifier [0x7ff6ef26ecec+3b79c]
	chromedriver!GetHandleVerifier [0x7ff6ef251bc4+1e674]
	chromedriver!GetHandleVerifier [0x7ff6ef251d54+1e804]
	chromedriver!GetHandleVerifier [0x7ff6ef2360e7+2b97]
	KERNEL32!BaseThreadInitThunk [0x7ffa119de957+17]
	ntdll!RtlUserThreadStart [0x7ffa1262427c+2c]

2026-05-25 14:02:35.012 | INFO     | __main__:run_cycle:77 - ✅ Cycle Complete. Waiting for next cycle.
2026-05-25 14:05:33.242 | INFO     | __main__:run_cycle:73 - 🔄 Starting Auto-Pilot Cycle...
2026-05-25 14:05:33.242 | INFO     | __main__:scan_for_upwork_jobs:27 - 🔍 [Auto-Pilot] Scanning Upwork for high-paying AI jobs...
2026-05-25 14:05:34.335 | INFO     | __main__:scan_for_upwork_jobs:29 - 📊 Found 0 new jobs to evaluate.
2026-05-25 14:05:34.335 | INFO     | __main__:evaluate_and_bid:36 - 💤 No new jobs to evaluate right now.
2026-05-25 14:05:34.336 | INFO     | __main__:check_messages_and_reply:52 - 💬 [Auto-Pilot] Checking for new leads in DB for WhatsApp outreach...
2026-05-25 14:05:40.472 | INFO     | agents.whatsapp_agent:_init_driver:48 - 📱 WhatsApp Browser Initialized.
2026-05-25 14:05:41.499 | INFO     | __main__:run_cycle:79 - 🔄 Starting Auto-Pilot Cycle...
2026-05-25 14:05:41.499 | INFO     | __main__:scan_for_upwork_jobs:29 - 🔍 [Auto-Pilot] Scanning Upwork for high-paying AI jobs...
2026-05-25 14:05:44.435 | INFO     | agents.whatsapp_agent:send_whatsapp_message:69 - ⏳ Waiting for WhatsApp Web to load for 9009334845650...
2026-05-25 14:05:46.181 | INFO     | __main__:scan_for_upwork_jobs:31 - 📊 Found 0 new jobs to evaluate.
2026-05-25 14:05:46.181 | INFO     | __main__:evaluate_and_bid:38 - 💤 No new jobs to evaluate right now.
2026-05-25 14:05:46.181 | INFO     | __main__:check_messages_and_reply:54 - 💬 [Auto-Pilot] Checking for new leads in DB for WhatsApp outreach...
2026-05-25 14:05:51.808 | INFO     | agents.whatsapp_agent:_init_driver:65 - 📱 WhatsApp Browser Initialized.
2026-05-25 14:05:53.443 | INFO     | agents.whatsapp_agent:send_whatsapp_message:86 - ⏳ Waiting for WhatsApp Web to load for 9009334845650...
2026-05-25 14:06:02.303 | INFO     | __main__:run_cycle:79 - 🔄 Starting Auto-Pilot Cycle...
2026-05-25 14:06:02.304 | INFO     | __main__:scan_for_upwork_jobs:29 - 🔍 [Auto-Pilot] Scanning Upwork for high-paying AI jobs...
2026-05-25 14:06:03.394 | INFO     | __main__:scan_for_upwork_jobs:31 - 📊 Found 0 new jobs to evaluate.
2026-05-25 14:06:03.395 | INFO     | __main__:evaluate_and_bid:38 - 💤 No new jobs to evaluate right now.
2026-05-25 14:06:03.395 | INFO     | __main__:check_messages_and_reply:54 - 💬 [Auto-Pilot] Checking for new leads in DB for WhatsApp outreach...
2026-05-25 14:06:08.863 | INFO     | agents.whatsapp_agent:_init_driver:65 - 📱 WhatsApp Browser Initialized.
2026-05-25 14:06:09.926 | ERROR    | agents.whatsapp_agent:send_whatsapp_message:84 - ❌ Failed to send WhatsApp: Message: 
Stacktrace:
	chromedriver!GetHandleVerifier [0x7ff6ef247de5+14895]
	chromedriver!GetHandleVerifier [0x7ff6ef247e50+14900]
	chromedriver!(No symbol) [0x7ff6eefad5ad]
	chromedriver!(No symbol) [0x7ff6ef007822]
	chromedriver!(No symbol) [0x7ff6ef007b2c]
	chromedriver!(No symbol) [0x7ff6ef057d17]
	chromedriver!(No symbol) [0x7ff6ef05486f]
	chromedriver!(No symbol) [0x7ff6eeff9df8]
	chromedriver!(No symbol) [0x7ff6eefface3]
	chromedriver!GetHandleVerifier [0x7ff6ef55cc49+3296f9]
	chromedriver!GetHandleVerifier [0x7ff6ef557375+323e25]
	chromedriver!GetHandleVerifier [0x7ff6ef57bc82+348732]
	chromedriver!GetHandleVerifier [0x7ff6ef266045+32af5]
	chromedriver!GetHandleVerifier [0x7ff6ef26ecec+3b79c]
	chromedriver!GetHandleVerifier [0x7ff6ef251bc4+1e674]
	chromedriver!GetHandleVerifier [0x7ff6ef251d54+1e804]
	chromedriver!GetHandleVerifier [0x7ff6ef2360e7+2b97]
	KERNEL32!BaseThreadInitThunk [0x7ffa119de957+17]
	ntdll!RtlUserThreadStart [0x7ffa1262427c+2c]

2026-05-25 14:06:09.930 | INFO     | __main__:run_cycle:77 - ✅ Cycle Complete. Waiting for next cycle.
2026-05-25 14:06:10.309 | INFO     | agents.whatsapp_agent:send_whatsapp_message:86 - ⏳ Waiting for WhatsApp Web to load for 9009334845650...
2026-05-25 14:06:12.530 | INFO     | __main__:run_cycle:73 - 🔄 Starting Auto-Pilot Cycle...
2026-05-25 14:06:12.530 | INFO     | __main__:scan_for_upwork_jobs:27 - 🔍 [Auto-Pilot] Scanning Upwork for high-paying AI jobs...
2026-05-25 14:06:13.560 | INFO     | __main__:scan_for_upwork_jobs:29 - 📊 Found 0 new jobs to evaluate.
2026-05-25 14:06:13.560 | INFO     | __main__:evaluate_and_bid:36 - 💤 No new jobs to evaluate right now.
2026-05-25 14:06:13.560 | INFO     | __main__:check_messages_and_reply:52 - 💬 [Auto-Pilot] Checking for new leads in DB for WhatsApp outreach...
2026-05-25 14:06:18.950 | INFO     | agents.whatsapp_agent:_init_driver:65 - 📱 WhatsApp Browser Initialized.
2026-05-25 14:06:28.221 | INFO     | agents.whatsapp_agent:send_whatsapp_message:86 - ⏳ Waiting for WhatsApp Web to load for 9009334845650...
2026-05-25 14:06:38.913 | ERROR    | agents.whatsapp_agent:send_whatsapp_message:109 - ❌ Failed to send WhatsApp: Message: 
Stacktrace:
	chromedriver!GetHandleVerifier [0x7ff6ef247de5+14895]
	chromedriver!GetHandleVerifier [0x7ff6ef247e50+14900]
	chromedriver!(No symbol) [0x7ff6eefad5ad]
	chromedriver!(No symbol) [0x7ff6ef007822]
	chromedriver!(No symbol) [0x7ff6ef007b2c]
	chromedriver!(No symbol) [0x7ff6ef057d17]
	chromedriver!(No symbol) [0x7ff6ef05486f]
	chromedriver!(No symbol) [0x7ff6eeff9df8]
	chromedriver!(No symbol) [0x7ff6eefface3]
	chromedriver!GetHandleVerifier [0x7ff6ef55cc49+3296f9]
	chromedriver!GetHandleVerifier [0x7ff6ef557375+323e25]
	chromedriver!GetHandleVerifier [0x7ff6ef57bc82+348732]
	chromedriver!GetHandleVerifier [0x7ff6ef266045+32af5]
	chromedriver!GetHandleVerifier [0x7ff6ef26ecec+3b79c]
	chromedriver!GetHandleVerifier [0x7ff6ef251bc4+1e674]
	chromedriver!GetHandleVerifier [0x7ff6ef251d54+1e804]
	chromedriver!GetHandleVerifier [0x7ff6ef2360e7+2b97]
	KERNEL32!BaseThreadInitThunk [0x7ffa119de957+17]
	ntdll!RtlUserThreadStart [0x7ffa1262427c+2c]

2026-05-25 14:06:38.914 | INFO     | __main__:check_messages_and_reply:70 - 🔗 Attempting LinkedIn connection for Indigo...
2026-05-25 14:06:55.641 | INFO     | __main__:check_messages_and_reply:70 - 🔗 Attempting LinkedIn connection for Lululemon...
2026-05-25 14:06:55.760 | ERROR    | agents.whatsapp_agent:send_whatsapp_message:109 - ❌ Failed to send WhatsApp: Message: 
Stacktrace:
	chromedriver!GetHandleVerifier [0x7ff6ef247de5+14895]
	chromedriver!GetHandleVerifier [0x7ff6ef247e50+14900]
	chromedriver!(No symbol) [0x7ff6eefad5ad]
	chromedriver!(No symbol) [0x7ff6ef007822]
	chromedriver!(No symbol) [0x7ff6ef007b2c]
	chromedriver!(No symbol) [0x7ff6ef057d17]
	chromedriver!(No symbol) [0x7ff6ef05486f]
	chromedriver!(No symbol) [0x7ff6eeff9df8]
	chromedriver!(No symbol) [0x7ff6eefface3]
	chromedriver!GetHandleVerifier [0x7ff6ef55cc49+3296f9]
	chromedriver!GetHandleVerifier [0x7ff6ef557375+323e25]
	chromedriver!GetHandleVerifier [0x7ff6ef57bc82+348732]
	chromedriver!GetHandleVerifier [0x7ff6ef266045+32af5]
	chromedriver!GetHandleVerifier [0x7ff6ef26ecec+3b79c]
	chromedriver!GetHandleVerifier [0x7ff6ef251bc4+1e674]
	chromedriver!GetHandleVerifier [0x7ff6ef251d54+1e804]
	chromedriver!GetHandleVerifier [0x7ff6ef2360e7+2b97]
	KERNEL32!BaseThreadInitThunk [0x7ffa119de957+17]
	ntdll!RtlUserThreadStart [0x7ffa1262427c+2c]

2026-05-25 14:06:55.763 | INFO     | __main__:check_messages_and_reply:70 - 🔗 Attempting LinkedIn connection for Indigo...
2026-05-25 14:06:55.764 | INFO     | __main__:check_messages_and_reply:70 - 🔗 Attempting LinkedIn connection for Lululemon...
2026-05-25 14:06:55.771 | INFO     | __main__:check_messages_and_reply:70 - 🔗 Attempting LinkedIn connection for Hudson's Bay...
2026-05-25 14:06:55.778 | INFO     | __main__:run_cycle:83 - ✅ Cycle Complete. Waiting for next cycle.
2026-05-25 14:07:13.271 | ERROR    | agents.whatsapp_agent:send_whatsapp_message:109 - ❌ Failed to send WhatsApp: Message: 
Stacktrace:
	chromedriver!GetHandleVerifier [0x7ff6ef247de5+14895]
	chromedriver!GetHandleVerifier [0x7ff6ef247e50+14900]
	chromedriver!(No symbol) [0x7ff6eefad5ad]
	chromedriver!(No symbol) [0x7ff6ef007822]
	chromedriver!(No symbol) [0x7ff6ef007b2c]
	chromedriver!(No symbol) [0x7ff6ef057d17]
	chromedriver!(No symbol) [0x7ff6ef05486f]
	chromedriver!(No symbol) [0x7ff6eeff9df8]
	chromedriver!(No symbol) [0x7ff6eefface3]
	chromedriver!GetHandleVerifier [0x7ff6ef55cc49+3296f9]
	chromedriver!GetHandleVerifier [0x7ff6ef557375+323e25]
	chromedriver!GetHandleVerifier [0x7ff6ef57bc82+348732]
	chromedriver!GetHandleVerifier [0x7ff6ef266045+32af5]
	chromedriver!GetHandleVerifier [0x7ff6ef26ecec+3b79c]
	chromedriver!GetHandleVerifier [0x7ff6ef251bc4+1e674]
	chromedriver!GetHandleVerifier [0x7ff6ef251d54+1e804]
	chromedriver!GetHandleVerifier [0x7ff6ef2360e7+2b97]
	KERNEL32!BaseThreadInitThunk [0x7ffa119de957+17]
	ntdll!RtlUserThreadStart [0x7ffa1262427c+2c]

2026-05-25 14:07:13.274 | INFO     | __main__:run_cycle:77 - ✅ Cycle Complete. Waiting for next cycle.
2026-05-25 14:07:16.609 | INFO     | __main__:check_messages_and_reply:70 - 🔗 Attempting LinkedIn connection for Hudson's Bay...
2026-05-25 14:07:31.234 | INFO     | __main__:run_cycle:83 - ✅ Cycle Complete. Waiting for next cycle.
2026-05-25 14:07:44.853 | INFO     | __main__:run_cycle:79 - 🔄 Starting Auto-Pilot Cycle...
2026-05-25 14:07:44.854 | INFO     | __main__:scan_for_upwork_jobs:29 - 🔍 [Auto-Pilot] Scanning Upwork for high-paying AI jobs...
2026-05-25 14:07:45.981 | INFO     | __main__:scan_for_upwork_jobs:31 - 📊 Found 0 new jobs to evaluate.
2026-05-25 14:07:45.982 | INFO     | __main__:evaluate_and_bid:38 - 💤 No new jobs to evaluate right now.
2026-05-25 14:07:45.982 | INFO     | __main__:check_messages_and_reply:54 - 💬 [Auto-Pilot] Checking for new leads in DB for WhatsApp outreach...
2026-05-25 14:07:53.671 | INFO     | agents.whatsapp_agent:_init_driver:65 - 📱 WhatsApp Browser Initialized.
2026-05-25 14:09:53.676 | ERROR    | agents.whatsapp_agent:send_whatsapp_message:109 - ❌ Failed to send WhatsApp: HTTPConnectionPool(host='localhost', port=63520): Read timed out. (read timeout=120)
2026-05-25 14:09:53.676 | INFO     | __main__:check_messages_and_reply:70 - 🔗 Attempting LinkedIn connection for Indigo...
2026-05-25 14:10:12.447 | INFO     | __main__:check_messages_and_reply:70 - 🔗 Attempting LinkedIn connection for Lululemon...
2026-05-25 14:10:30.734 | INFO     | __main__:check_messages_and_reply:70 - 🔗 Attempting LinkedIn connection for Hudson's Bay...
2026-05-25 14:10:49.020 | INFO     | __main__:run_cycle:83 - ✅ Cycle Complete. Waiting for next cycle.
2026-05-25 14:12:17.757 | INFO     | __main__:run_cycle:56 - 🔄 Starting Auto-Pilot Cycle...
2026-05-25 14:12:17.757 | INFO     | __main__:scan_for_upwork_jobs:23 - 🔍 [Auto-Pilot] Scanning Upwork for high-paying AI jobs...
2026-05-25 14:12:17.764 | INFO     | __main__:scan_for_upwork_jobs:25 - 📊 Found 0 new jobs to evaluate.
2026-05-25 14:12:17.765 | INFO     | __main__:evaluate_and_bid:32 - 💤 No new jobs to evaluate right now.
2026-05-25 14:12:17.765 | INFO     | __main__:check_messages_and_reply:48 - 💬 [Auto-Pilot] Checking client messages and auto-replying...
2026-05-25 14:12:17.765 | INFO     | __main__:run_cycle:60 - ✅ Cycle Complete. Waiting for next cycle.
2026-05-25 14:12:17.795 | INFO     | __main__:run_cycle:56 - 🔄 Starting Auto-Pilot Cycle...
2026-05-25 14:12:17.795 | INFO     | __main__:scan_for_upwork_jobs:23 - 🔍 [Auto-Pilot] Scanning Upwork for high-paying AI jobs...
2026-05-25 14:12:17.797 | INFO     | __main__:scan_for_upwork_jobs:25 - 📊 Found 0 new jobs to evaluate.
2026-05-25 14:12:17.801 | INFO     | __main__:evaluate_and_bid:32 - 💤 No new jobs to evaluate right now.
2026-05-25 14:12:17.802 | INFO     | __main__:check_messages_and_reply:48 - 💬 [Auto-Pilot] Checking client messages and auto-replying...
2026-05-25 14:12:17.802 | INFO     | __main__:run_cycle:60 - ✅ Cycle Complete. Waiting for next cycle.
2026-05-25 14:12:17.897 | INFO     | __main__:run_cycle:56 - 🔄 Starting Auto-Pilot Cycle...
2026-05-25 14:12:17.897 | INFO     | __main__:scan_for_upwork_jobs:23 - 🔍 [Auto-Pilot] Scanning Upwork for high-paying AI jobs...
2026-05-25 14:12:17.899 | INFO     | __main__:run_cycle:56 - 🔄 Starting Auto-Pilot Cycle...
2026-05-25 14:12:17.899 | INFO     | __main__:scan_for_upwork_jobs:23 - 🔍 [Auto-Pilot] Scanning Upwork for high-paying AI jobs...
2026-05-25 14:12:17.903 | INFO     | __main__:scan_for_upwork_jobs:25 - 📊 Found 0 new jobs to evaluate.
2026-05-25 14:12:17.903 | INFO     | __main__:evaluate_and_bid:32 - 💤 No new jobs to evaluate right now.
2026-05-25 14:12:17.903 | INFO     | __main__:check_messages_and_reply:48 - 💬 [Auto-Pilot] Checking client messages and auto-replying...
2026-05-25 14:12:17.903 | INFO     | __main__:run_cycle:60 - ✅ Cycle Complete. Waiting for next cycle.
2026-05-25 14:12:17.905 | INFO     | __main__:scan_for_upwork_jobs:25 - 📊 Found 0 new jobs to evaluate.
2026-05-25 14:12:17.906 | INFO     | __main__:evaluate_and_bid:32 - 💤 No new jobs to evaluate right now.
2026-05-25 14:12:17.907 | INFO     | __main__:check_messages_and_reply:48 - 💬 [Auto-Pilot] Checking client messages and auto-replying...
2026-05-25 14:12:17.908 | INFO     | __main__:run_cycle:60 - ✅ Cycle Complete. Waiting for next cycle.
2026-05-25 14:12:20.701 | INFO     | __main__:run_cycle:73 - 🔄 Starting Auto-Pilot Cycle...
2026-05-25 14:12:20.701 | INFO     | __main__:scan_for_upwork_jobs:27 - 🔍 [Auto-Pilot] Scanning Upwork for high-paying AI jobs...
2026-05-25 14:12:20.706 | INFO     | __main__:scan_for_upwork_jobs:29 - 📊 Found 0 new jobs to evaluate.
2026-05-25 14:12:20.707 | INFO     | __main__:evaluate_and_bid:36 - 💤 No new jobs to evaluate right now.
2026-05-25 14:12:20.707 | INFO     | __main__:check_messages_and_reply:52 - 💬 [Auto-Pilot] Checking for new leads in DB for WhatsApp outreach...
2026-05-25 14:12:20.854 | ERROR    | agents.whatsapp_agent:send_whatsapp_message:70 - ❌ Failed to send WhatsApp: Message: invalid session id; For documentation on this error, please visit: https://www.selenium.dev/documentation/webdriver/troubleshooting/errors#invalidsessionidexception
Stacktrace:
	chromedriver!GetHandleVerifier [0x7ff6ef247de5+14895]
	chromedriver!GetHandleVerifier [0x7ff6ef247e50+14900]
	chromedriver!(No symbol) [0x7ff6eefad396]
	chromedriver!(No symbol) [0x7ff6eeff8e76]
	chromedriver!(No symbol) [0x7ff6ef02ff62]
	chromedriver!(No symbol) [0x7ff6ef029d7f]
	chromedriver!(No symbol) [0x7ff6ef029543]
	chromedriver!(No symbol) [0x7ff6eef76325]
	chromedriver!GetHandleVerifier [0x7ff6ef55cc49+3296f9]
	chromedriver!GetHandleVerifier [0x7ff6ef557375+323e25]
	chromedriver!GetHandleVerifier [0x7ff6ef57bc82+348732]
	chromedriver!GetHandleVerifier [0x7ff6ef266045+32af5]
	chromedriver!GetHandleVerifier [0x7ff6ef26ecec+3b79c]
	chromedriver!(No symbol) [0x7ff6eef750bc]
	chromedriver!GetHandleVerifier [0x7ff6ef6c0b18+48d5c8]
	KERNEL32!BaseThreadInitThunk [0x7ffa119de957+17]
	ntdll!RtlUserThreadStart [0x7ffa1262427c+2c]

2026-05-25 14:12:20.857 | INFO     | __main__:run_cycle:77 - ✅ Cycle Complete. Waiting for next cycle.
2026-05-25 14:12:35.492 | INFO     | __main__:run_cycle:73 - 🔄 Starting Auto-Pilot Cycle...
2026-05-25 14:12:35.493 | INFO     | __main__:scan_for_upwork_jobs:27 - 🔍 [Auto-Pilot] Scanning Upwork for high-paying AI jobs...
2026-05-25 14:12:35.498 | INFO     | __main__:scan_for_upwork_jobs:29 - 📊 Found 0 new jobs to evaluate.
2026-05-25 14:12:35.500 | INFO     | __main__:evaluate_and_bid:36 - 💤 No new jobs to evaluate right now.
2026-05-25 14:12:35.501 | INFO     | __main__:check_messages_and_reply:52 - 💬 [Auto-Pilot] Checking for new leads in DB for WhatsApp outreach...
2026-05-25 14:12:36.935 | INFO     | agents.whatsapp_agent:_init_driver:34 - 📱 WhatsApp Browser Initialized.
2026-05-25 14:13:33.395 | INFO     | agents.whatsapp_agent:send_whatsapp_message:55 - ⏳ Waiting for WhatsApp Web to load for 9009334845650...
2026-05-25 14:13:53.399 | ERROR    | agents.whatsapp_agent:send_whatsapp_message:70 - ❌ Failed to send WhatsApp: Message: no such window: target window already closed
from unknown error: web view not found
  (Session info: chrome=148.0.7778.179)
Stacktrace:
	chromedriver!GetHandleVerifier [0x7ff6ef247de5+14895]
	chromedriver!GetHandleVerifier [0x7ff6ef247e50+14900]
	chromedriver!(No symbol) [0x7ff6eefad5ad]
	chromedriver!(No symbol) [0x7ff6eef840f2]
	chromedriver!(No symbol) [0x7ff6ef036f56]
	chromedriver!(No symbol) [0x7ff6ef054172]
	chromedriver!(No symbol) [0x7ff6eeff9df8]
	chromedriver!(No symbol) [0x7ff6eefface3]
	chromedriver!GetHandleVerifier [0x7ff6ef55cc49+3296f9]
	chromedriver!GetHandleVerifier [0x7ff6ef557375+323e25]
	chromedriver!GetHandleVerifier [0x7ff6ef57bc82+348732]
	chromedriver!GetHandleVerifier [0x7ff6ef266045+32af5]
	chromedriver!GetHandleVerifier [0x7ff6ef26ecec+3b79c]
	chromedriver!GetHandleVerifier [0x7ff6ef251bc4+1e674]
	chromedriver!GetHandleVerifier [0x7ff6ef251d54+1e804]
	chromedriver!GetHandleVerifier [0x7ff6ef2360e7+2b97]
	KERNEL32!BaseThreadInitThunk [0x7ffa119de957+17]
	ntdll!RtlUserThreadStart [0x7ffa1262427c+2c]

2026-05-25 14:13:53.399 | INFO     | __main__:run_cycle:77 - ✅ Cycle Complete. Waiting for next cycle.
2026-05-25 14:16:10.366 | INFO     | __main__:run_cycle:73 - 🔄 Starting Auto-Pilot Cycle...
2026-05-25 14:16:10.368 | INFO     | __main__:scan_for_upwork_jobs:27 - 🔍 [Auto-Pilot] Scanning Upwork for high-paying AI jobs...
2026-05-25 14:16:10.371 | INFO     | __main__:scan_for_upwork_jobs:29 - 📊 Found 0 new jobs to evaluate.
2026-05-25 14:16:10.371 | INFO     | __main__:evaluate_and_bid:36 - 💤 No new jobs to evaluate right now.
2026-05-25 14:16:10.371 | INFO     | __main__:check_messages_and_reply:52 - 💬 [Auto-Pilot] Checking for new leads in DB for WhatsApp outreach...
2026-05-25 14:16:13.601 | INFO     | agents.whatsapp_agent:_init_driver:48 - 📱 WhatsApp Browser Initialized.
2026-05-25 14:16:17.015 | INFO     | agents.whatsapp_agent:send_whatsapp_message:69 - ⏳ Waiting for WhatsApp Web to load for 9009334845650...
2026-05-25 14:16:17.023 | ERROR    | agents.whatsapp_agent:send_whatsapp_message:84 - ❌ Failed to send WhatsApp: Message: no such window: target window already closed
from unknown error: web view not found
  (Session info: chrome=148.0.7778.179)
Stacktrace:
	chromedriver!GetHandleVerifier [0x7ff6ef247de5+14895]
	chromedriver!GetHandleVerifier [0x7ff6ef247e50+14900]
	chromedriver!(No symbol) [0x7ff6eefad5ad]
	chromedriver!(No symbol) [0x7ff6eef840f2]
	chromedriver!(No symbol) [0x7ff6ef036f56]
	chromedriver!(No symbol) [0x7ff6ef054172]
	chromedriver!(No symbol) [0x7ff6eeff9df8]
	chromedriver!(No symbol) [0x7ff6eefface3]
	chromedriver!GetHandleVerifier [0x7ff6ef55cc49+3296f9]
	chromedriver!GetHandleVerifier [0x7ff6ef557375+323e25]
	chromedriver!GetHandleVerifier [0x7ff6ef57bc82+348732]
	chromedriver!GetHandleVerifier [0x7ff6ef266045+32af5]
	chromedriver!GetHandleVerifier [0x7ff6ef26ecec+3b79c]
	chromedriver!GetHandleVerifier [0x7ff6ef251bc4+1e674]
	chromedriver!GetHandleVerifier [0x7ff6ef251d54+1e804]
	chromedriver!GetHandleVerifier [0x7ff6ef2360e7+2b97]
	KERNEL32!BaseThreadInitThunk [0x7ffa119de957+17]
	ntdll!RtlUserThreadStart [0x7ffa1262427c+2c]

2026-05-25 14:16:17.029 | INFO     | __main__:run_cycle:77 - ✅ Cycle Complete. Waiting for next cycle.
2026-05-25 14:16:56.180 | INFO     | __main__:run_cycle:79 - 🔄 Starting Auto-Pilot Cycle...
2026-05-25 14:16:56.180 | INFO     | __main__:scan_for_upwork_jobs:29 - 🔍 [Auto-Pilot] Scanning Upwork for high-paying AI jobs...
2026-05-25 14:16:56.184 | INFO     | __main__:scan_for_upwork_jobs:31 - 📊 Found 0 new jobs to evaluate.
2026-05-25 14:16:56.184 | INFO     | __main__:evaluate_and_bid:38 - 💤 No new jobs to evaluate right now.
2026-05-25 14:16:56.184 | INFO     | __main__:check_messages_and_reply:54 - 💬 [Auto-Pilot] Checking for new leads in DB for WhatsApp outreach...
2026-05-25 14:16:59.327 | INFO     | agents.whatsapp_agent:_init_driver:65 - 📱 WhatsApp Browser Initialized.
2026-05-25 14:17:03.461 | INFO     | agents.whatsapp_agent:send_whatsapp_message:86 - ⏳ Waiting for WhatsApp Web to load for 9009334845650...
2026-05-25 14:17:03.464 | ERROR    | agents.whatsapp_agent:send_whatsapp_message:109 - ❌ Failed to send WhatsApp: Message: no such window: target window already closed
from unknown error: web view not found
  (Session info: chrome=148.0.7778.179)
Stacktrace:
	chromedriver!GetHandleVerifier [0x7ff6ef247de5+14895]
	chromedriver!GetHandleVerifier [0x7ff6ef247e50+14900]
	chromedriver!(No symbol) [0x7ff6eefad5ad]
	chromedriver!(No symbol) [0x7ff6eef840f2]
	chromedriver!(No symbol) [0x7ff6ef036f56]
	chromedriver!(No symbol) [0x7ff6ef054172]
	chromedriver!(No symbol) [0x7ff6eeff9df8]
	chromedriver!(No symbol) [0x7ff6eefface3]
	chromedriver!GetHandleVerifier [0x7ff6ef55cc49+3296f9]
	chromedriver!GetHandleVerifier [0x7ff6ef557375+323e25]
	chromedriver!GetHandleVerifier [0x7ff6ef57bc82+348732]
	chromedriver!GetHandleVerifier [0x7ff6ef266045+32af5]
	chromedriver!GetHandleVerifier [0x7ff6ef26ecec+3b79c]
	chromedriver!GetHandleVerifier [0x7ff6ef251bc4+1e674]
	chromedriver!GetHandleVerifier [0x7ff6ef251d54+1e804]
	chromedriver!GetHandleVerifier [0x7ff6ef2360e7+2b97]
	KERNEL32!BaseThreadInitThunk [0x7ffa119de957+17]
	ntdll!RtlUserThreadStart [0x7ffa1262427c+2c]

2026-05-25 14:17:03.464 | INFO     | __main__:check_messages_and_reply:70 - 🔗 Attempting LinkedIn connection for Indigo...
2026-05-25 14:17:03.468 | INFO     | __main__:check_messages_and_reply:70 - 🔗 Attempting LinkedIn connection for Lululemon...
2026-05-25 14:17:03.492 | INFO     | __main__:check_messages_and_reply:70 - 🔗 Attempting LinkedIn connection for Hudson's Bay...
2026-05-25 14:17:03.500 | INFO     | __main__:run_cycle:83 - ✅ Cycle Complete. Waiting for next cycle.
2026-05-25 14:17:13.775 | INFO     | __main__:run_cycle:73 - 🔄 Starting Auto-Pilot Cycle...
2026-05-25 14:17:13.777 | INFO     | __main__:scan_for_upwork_jobs:27 - 🔍 [Auto-Pilot] Scanning Upwork for high-paying AI jobs...
2026-05-25 14:17:13.779 | INFO     | __main__:scan_for_upwork_jobs:29 - 📊 Found 0 new jobs to evaluate.
2026-05-25 14:17:13.779 | INFO     | __main__:evaluate_and_bid:36 - 💤 No new jobs to evaluate right now.
2026-05-25 14:17:13.779 | INFO     | __main__:check_messages_and_reply:52 - 💬 [Auto-Pilot] Checking for new leads in DB for WhatsApp outreach...
2026-05-25 14:17:16.972 | INFO     | agents.whatsapp_agent:_init_driver:65 - 📱 WhatsApp Browser Initialized.
2026-05-25 14:17:31.673 | INFO     | __main__:run_cycle:79 - 🔄 Starting Auto-Pilot Cycle...
2026-05-25 14:17:31.674 | INFO     | __main__:scan_for_upwork_jobs:29 - 🔍 [Auto-Pilot] Scanning Upwork for high-paying AI jobs...
2026-05-25 14:17:31.691 | INFO     | __main__:scan_for_upwork_jobs:31 - 📊 Found 0 new jobs to evaluate.
2026-05-25 14:17:31.691 | INFO     | __main__:evaluate_and_bid:38 - 💤 No new jobs to evaluate right now.
2026-05-25 14:17:31.691 | INFO     | __main__:check_messages_and_reply:54 - 💬 [Auto-Pilot] Checking for new leads in DB for WhatsApp outreach...
2026-05-25 14:18:01.336 | INFO     | agents.whatsapp_agent:_init_driver:65 - 📱 WhatsApp Browser Initialized.
2026-05-25 14:18:01.336 | INFO     | agents.whatsapp_agent:send_whatsapp_message:86 - ⏳ Waiting for WhatsApp Web to load for 9009334845650...
2026-05-25 14:18:01.341 | ERROR    | agents.whatsapp_agent:send_whatsapp_message:109 - ❌ Failed to send WhatsApp: Message: no such window: target window already closed
from unknown error: web view not found
  (Session info: chrome=148.0.7778.179)
Stacktrace:
	chromedriver!GetHandleVerifier [0x7ff6ef247de5+14895]
	chromedriver!GetHandleVerifier [0x7ff6ef247e50+14900]
	chromedriver!(No symbol) [0x7ff6eefad5ad]
	chromedriver!(No symbol) [0x7ff6eef840f2]
	chromedriver!(No symbol) [0x7ff6ef036f56]
	chromedriver!(No symbol) [0x7ff6ef054172]
	chromedriver!(No symbol) [0x7ff6eeff9df8]
	chromedriver!(No symbol) [0x7ff6eefface3]
	chromedriver!GetHandleVerifier [0x7ff6ef55cc49+3296f9]
	chromedriver!GetHandleVerifier [0x7ff6ef557375+323e25]
	chromedriver!GetHandleVerifier [0x7ff6ef57bc82+348732]
	chromedriver!GetHandleVerifier [0x7ff6ef266045+32af5]
	chromedriver!GetHandleVerifier [0x7ff6ef26ecec+3b79c]
	chromedriver!GetHandleVerifier [0x7ff6ef251bc4+1e674]
	chromedriver!GetHandleVerifier [0x7ff6ef251d54+1e804]
	chromedriver!GetHandleVerifier [0x7ff6ef2360e7+2b97]
	KERNEL32!BaseThreadInitThunk [0x7ffa119de957+17]
	ntdll!RtlUserThreadStart [0x7ffa1262427c+2c]

2026-05-25 14:18:01.341 | INFO     | __main__:run_cycle:77 - ✅ Cycle Complete. Waiting for next cycle.
2026-05-25 14:18:01.502 | ERROR    | agents.whatsapp_agent:send_whatsapp_message:109 - ❌ Failed to send WhatsApp: Message: unknown error: net::ERR_INTERNET_DISCONNECTED
  (Session info: chrome=148.0.7778.179)
Stacktrace:
	chromedriver!GetHandleVerifier [0x7ff6ef247de5+14895]
	chromedriver!GetHandleVerifier [0x7ff6ef247e50+14900]
	chromedriver!(No symbol) [0x7ff6eefad5ad]
	chromedriver!(No symbol) [0x7ff6eefaa0e4]
	chromedriver!(No symbol) [0x7ff6eef9a4c1]
	chromedriver!(No symbol) [0x7ff6eef9c3af]
	chromedriver!(No symbol) [0x7ff6eef9aa63]
	chromedriver!(No symbol) [0x7ff6eef9a22b]
	chromedriver!(No symbol) [0x7ff6eef99ee1]
	chromedriver!(No symbol) [0x7ff6eef97b11]
	chromedriver!(No symbol) [0x7ff6eef98272]
	chromedriver!(No symbol) [0x7ff6eefb1866]
	chromedriver!(No symbol) [0x7ff6ef0556c4]
	chromedriver!(No symbol) [0x7ff6ef03005a]
	chromedriver!(No symbol) [0x7ff6ef05486f]
	chromedriver!(No symbol) [0x7ff6eeff9df8]
	chromedriver!(No symbol) [0x7ff6eefface3]
	chromedriver!GetHandleVerifier [0x7ff6ef55cc49+3296f9]
	chromedriver!GetHandleVerifier [0x7ff6ef557375+323e25]
	chromedriver!GetHandleVerifier [0x7ff6ef57bc82+348732]
	chromedriver!GetHandleVerifier [0x7ff6ef266045+32af5]
	chromedriver!GetHandleVerifier [0x7ff6ef26ecec+3b79c]
	chromedriver!GetHandleVerifier [0x7ff6ef251bc4+1e674]
	chromedriver!GetHandleVerifier [0x7ff6ef251d54+1e804]
	chromedriver!GetHandleVerifier [0x7ff6ef2360e7+2b97]
	KERNEL32!BaseThreadInitThunk [0x7ffa119de957+17]
	ntdll!RtlUserThreadStart [0x7ffa1262427c+2c]

2026-05-25 14:18:01.502 | INFO     | __main__:check_messages_and_reply:70 - 🔗 Attempting LinkedIn connection for Indigo...
2026-05-25 14:18:01.509 | INFO     | __main__:check_messages_and_reply:70 - 🔗 Attempting LinkedIn connection for Lululemon...
2026-05-25 14:18:01.930 | INFO     | __main__:check_messages_and_reply:70 - 🔗 Attempting LinkedIn connection for Hudson's Bay...
2026-05-25 14:18:01.931 | INFO     | __main__:run_cycle:83 - ✅ Cycle Complete. Waiting for next cycle.
2026-05-25 14:20:49.434 | INFO     | __main__:run_cycle:79 - 🔄 Starting Auto-Pilot Cycle...
2026-05-25 14:20:49.434 | INFO     | __main__:scan_for_upwork_jobs:29 - 🔍 [Auto-Pilot] Scanning Upwork for high-paying AI jobs...
2026-05-25 14:20:49.436 | INFO     | __main__:scan_for_upwork_jobs:31 - 📊 Found 0 new jobs to evaluate.
2026-05-25 14:20:49.436 | INFO     | __main__:evaluate_and_bid:38 - 💤 No new jobs to evaluate right now.
2026-05-25 14:20:49.436 | INFO     | __main__:check_messages_and_reply:54 - 💬 [Auto-Pilot] Checking for new leads in DB for WhatsApp outreach...
2026-05-25 14:20:49.492 | WARNING  | agents.whatsapp_agent:_init_driver:42 - Existing WhatsApp driver crashed or closed. Restarting...
2026-05-25 14:20:50.636 | INFO     | agents.whatsapp_agent:_init_driver:65 - 📱 WhatsApp Browser Initialized.
2026-05-25 14:22:18.146 | INFO     | __main__:run_cycle:56 - 🔄 Starting Auto-Pilot Cycle...
2026-05-25 14:22:18.146 | INFO     | __main__:scan_for_upwork_jobs:23 - 🔍 [Auto-Pilot] Scanning Upwork for high-paying AI jobs...
2026-05-25 14:22:18.148 | INFO     | __main__:scan_for_upwork_jobs:25 - 📊 Found 0 new jobs to evaluate.
2026-05-25 14:22:18.157 | INFO     | __main__:evaluate_and_bid:32 - 💤 No new jobs to evaluate right now.
2026-05-25 14:22:18.158 | INFO     | __main__:check_messages_and_reply:48 - 💬 [Auto-Pilot] Checking client messages and auto-replying...
2026-05-25 14:22:18.158 | INFO     | __main__:run_cycle:60 - ✅ Cycle Complete. Waiting for next cycle.
2026-05-25 14:22:18.216 | INFO     | __main__:run_cycle:56 - 🔄 Starting Auto-Pilot Cycle...
2026-05-25 14:22:18.216 | INFO     | __main__:scan_for_upwork_jobs:23 - 🔍 [Auto-Pilot] Scanning Upwork for high-paying AI jobs...
2026-05-25 14:22:18.219 | INFO     | __main__:scan_for_upwork_jobs:25 - 📊 Found 0 new jobs to evaluate.
2026-05-25 14:22:18.219 | INFO     | __main__:evaluate_and_bid:32 - 💤 No new jobs to evaluate right now.
2026-05-25 14:22:18.220 | INFO     | __main__:check_messages_and_reply:48 - 💬 [Auto-Pilot] Checking client messages and auto-replying...
2026-05-25 14:22:18.220 | INFO     | __main__:run_cycle:60 - ✅ Cycle Complete. Waiting for next cycle.
2026-05-25 14:22:18.262 | INFO     | __main__:run_cycle:56 - 🔄 Starting Auto-Pilot Cycle...
2026-05-25 14:22:18.262 | INFO     | __main__:scan_for_upwork_jobs:23 - 🔍 [Auto-Pilot] Scanning Upwork for high-paying AI jobs...
2026-05-25 14:22:18.262 | INFO     | __main__:scan_for_upwork_jobs:23 - 🔍 [Auto-Pilot] Scanning Upwork for high-paying AI jobs...
2026-05-25 14:22:18.266 | INFO     | __main__:scan_for_upwork_jobs:25 - 📊 Found 0 new jobs to evaluate.
2026-05-25 14:22:18.266 | INFO     | __main__:evaluate_and_bid:32 - 💤 No new jobs to evaluate right now.
2026-05-25 14:22:18.266 | INFO     | __main__:evaluate_and_bid:32 - 💤 No new jobs to evaluate right now.
2026-05-25 14:22:18.266 | INFO     | __main__:check_messages_and_reply:48 - 💬 [Auto-Pilot] Checking client messages and auto-replying...
2026-05-25 14:22:18.266 | INFO     | __main__:run_cycle:60 - ✅ Cycle Complete. Waiting for next cycle.
2026-05-25 14:22:18.266 | INFO     | __main__:check_messages_and_reply:48 - 💬 [Auto-Pilot] Checking client messages and auto-replying...
2026-05-25 14:22:18.266 | INFO     | __main__:run_cycle:60 - ✅ Cycle Complete. Waiting for next cycle.
2026-05-25 14:22:21.223 | INFO     | __main__:run_cycle:73 - 🔄 Starting Auto-Pilot Cycle...
2026-05-25 14:22:21.223 | INFO     | __main__:scan_for_upwork_jobs:27 - 🔍 [Auto-Pilot] Scanning Upwork for high-paying AI jobs...
2026-05-25 14:22:21.227 | INFO     | __main__:scan_for_upwork_jobs:29 - 📊 Found 0 new jobs to evaluate.
2026-05-25 14:22:21.227 | INFO     | __main__:evaluate_and_bid:36 - 💤 No new jobs to evaluate right now.
2026-05-25 14:22:21.227 | INFO     | __main__:check_messages_and_reply:52 - 💬 [Auto-Pilot] Checking for new leads in DB for WhatsApp outreach...
2026-05-25 14:22:21.272 | ERROR    | agents.whatsapp_agent:send_whatsapp_message:70 - ❌ Failed to send WhatsApp: Message: invalid session id; For documentation on this error, please visit: https://www.selenium.dev/documentation/webdriver/troubleshooting/errors#invalidsessionidexception
Stacktrace:
	chromedriver!GetHandleVerifier [0x7ff6ef247de5+14895]
	chromedriver!GetHandleVerifier [0x7ff6ef247e50+14900]
	chromedriver!(No symbol) [0x7ff6eefad396]
	chromedriver!(No symbol) [0x7ff6eeff8e76]
	chromedriver!(No symbol) [0x7ff6ef02ff62]
	chromedriver!(No symbol) [0x7ff6ef029d7f]
	chromedriver!(No symbol) [0x7ff6ef029543]
	chromedriver!(No symbol) [0x7ff6eef76325]
	chromedriver!GetHandleVerifier [0x7ff6ef55cc49+3296f9]
	chromedriver!GetHandleVerifier [0x7ff6ef557375+323e25]
	chromedriver!GetHandleVerifier [0x7ff6ef57bc82+348732]
	chromedriver!GetHandleVerifier [0x7ff6ef266045+32af5]
	chromedriver!GetHandleVerifier [0x7ff6ef26ecec+3b79c]
	chromedriver!(No symbol) [0x7ff6eef750bc]
	chromedriver!GetHandleVerifier [0x7ff6ef6c0b18+48d5c8]
	KERNEL32!BaseThreadInitThunk [0x7ffa119de957+17]
	ntdll!RtlUserThreadStart [0x7ffa1262427c+2c]

2026-05-25 14:22:21.272 | INFO     | __main__:run_cycle:77 - ✅ Cycle Complete. Waiting for next cycle.
2026-05-25 14:22:50.642 | ERROR    | agents.whatsapp_agent:send_whatsapp_message:109 - ❌ Failed to send WhatsApp: HTTPConnectionPool(host='localhost', port=58315): Read timed out. (read timeout=120)
2026-05-25 14:22:50.642 | INFO     | __main__:check_messages_and_reply:70 - 🔗 Attempting LinkedIn connection for Indigo...
2026-05-25 14:22:50.642 | INFO     | __main__:check_messages_and_reply:70 - 🔗 Attempting LinkedIn connection for Lululemon...
2026-05-25 14:22:50.782 | INFO     | __main__:check_messages_and_reply:70 - 🔗 Attempting LinkedIn connection for Hudson's Bay...
2026-05-25 14:22:50.785 | INFO     | __main__:run_cycle:83 - ✅ Cycle Complete. Waiting for next cycle.
2026-05-25 14:23:54.365 | INFO     | __main__:run_cycle:73 - 🔄 Starting Auto-Pilot Cycle...
2026-05-25 14:23:54.365 | INFO     | __main__:scan_for_upwork_jobs:27 - 🔍 [Auto-Pilot] Scanning Upwork for high-paying AI jobs...
2026-05-25 14:23:54.368 | INFO     | __main__:scan_for_upwork_jobs:29 - 📊 Found 0 new jobs to evaluate.
2026-05-25 14:23:54.368 | INFO     | __main__:evaluate_and_bid:36 - 💤 No new jobs to evaluate right now.
2026-05-25 14:23:54.368 | INFO     | __main__:check_messages_and_reply:52 - 💬 [Auto-Pilot] Checking for new leads in DB for WhatsApp outreach...
2026-05-25 14:23:54.579 | ERROR    | agents.whatsapp_agent:send_whatsapp_message:70 - ❌ Failed to send WhatsApp: Message: no such window: target window already closed
from unknown error: web view not found
  (Session info: chrome=148.0.7778.179)
Stacktrace:
	chromedriver!GetHandleVerifier [0x7ff6ef247de5+14895]
	chromedriver!GetHandleVerifier [0x7ff6ef247e50+14900]
	chromedriver!(No symbol) [0x7ff6eefad5ad]
	chromedriver!(No symbol) [0x7ff6eef840f2]
	chromedriver!(No symbol) [0x7ff6ef036f56]
	chromedriver!(No symbol) [0x7ff6ef054172]
	chromedriver!(No symbol) [0x7ff6eeff9df8]
	chromedriver!(No symbol) [0x7ff6eefface3]
	chromedriver!GetHandleVerifier [0x7ff6ef55cc49+3296f9]
	chromedriver!GetHandleVerifier [0x7ff6ef557375+323e25]
	chromedriver!GetHandleVerifier [0x7ff6ef57bc82+348732]
	chromedriver!GetHandleVerifier [0x7ff6ef266045+32af5]
	chromedriver!GetHandleVerifier [0x7ff6ef26ecec+3b79c]
	chromedriver!GetHandleVerifier [0x7ff6ef251bc4+1e674]
	chromedriver!GetHandleVerifier [0x7ff6ef251d54+1e804]
	chromedriver!GetHandleVerifier [0x7ff6ef2360e7+2b97]
	KERNEL32!BaseThreadInitThunk [0x7ffa119de957+17]
	ntdll!RtlUserThreadStart [0x7ffa1262427c+2c]

2026-05-25 14:23:54.579 | INFO     | __main__:run_cycle:77 - ✅ Cycle Complete. Waiting for next cycle.
2026-05-25 14:26:17.074 | INFO     | __main__:run_cycle:73 - 🔄 Starting Auto-Pilot Cycle...
2026-05-25 14:26:17.074 | INFO     | __main__:scan_for_upwork_jobs:27 - 🔍 [Auto-Pilot] Scanning Upwork for high-paying AI jobs...
2026-05-25 14:26:17.081 | INFO     | __main__:scan_for_upwork_jobs:29 - 📊 Found 0 new jobs to evaluate.
2026-05-25 14:26:17.083 | INFO     | __main__:evaluate_and_bid:36 - 💤 No new jobs to evaluate right now.
2026-05-25 14:26:17.084 | INFO     | __main__:check_messages_and_reply:52 - 💬 [Auto-Pilot] Checking for new leads in DB for WhatsApp outreach...
2026-05-25 14:26:21.139 | INFO     | agents.whatsapp_agent:_init_driver:48 - 📱 WhatsApp Browser Initialized.
2026-05-25 14:26:24.826 | INFO     | agents.whatsapp_agent:send_whatsapp_message:69 - ⏳ Waiting for WhatsApp Web to load for 9009334845650...
2026-05-25 14:26:24.829 | ERROR    | agents.whatsapp_agent:send_whatsapp_message:84 - ❌ Failed to send WhatsApp: Message: no such window: target window already closed
from unknown error: web view not found
  (Session info: chrome=148.0.7778.179)
Stacktrace:
	chromedriver!GetHandleVerifier [0x7ff6ef247de5+14895]
	chromedriver!GetHandleVerifier [0x7ff6ef247e50+14900]
	chromedriver!(No symbol) [0x7ff6eefad5ad]
	chromedriver!(No symbol) [0x7ff6eef840f2]
	chromedriver!(No symbol) [0x7ff6ef036f56]
	chromedriver!(No symbol) [0x7ff6ef054172]
	chromedriver!(No symbol) [0x7ff6eeff9df8]
	chromedriver!(No symbol) [0x7ff6eefface3]
	chromedriver!GetHandleVerifier [0x7ff6ef55cc49+3296f9]
	chromedriver!GetHandleVerifier [0x7ff6ef557375+323e25]
	chromedriver!GetHandleVerifier [0x7ff6ef57bc82+348732]
	chromedriver!GetHandleVerifier [0x7ff6ef266045+32af5]
	chromedriver!GetHandleVerifier [0x7ff6ef26ecec+3b79c]
	chromedriver!GetHandleVerifier [0x7ff6ef251bc4+1e674]
	chromedriver!GetHandleVerifier [0x7ff6ef251d54+1e804]
	chromedriver!GetHandleVerifier [0x7ff6ef2360e7+2b97]
	KERNEL32!BaseThreadInitThunk [0x7ffa119de957+17]
	ntdll!RtlUserThreadStart [0x7ffa1262427c+2c]

2026-05-25 14:26:24.831 | INFO     | __main__:run_cycle:77 - ✅ Cycle Complete. Waiting for next cycle.
2026-05-25 14:27:04.483 | INFO     | __main__:run_cycle:79 - 🔄 Starting Auto-Pilot Cycle...
2026-05-25 14:27:04.483 | INFO     | __main__:scan_for_upwork_jobs:29 - 🔍 [Auto-Pilot] Scanning Upwork for high-paying AI jobs...
2026-05-25 14:27:04.490 | INFO     | __main__:scan_for_upwork_jobs:31 - 📊 Found 0 new jobs to evaluate.
2026-05-25 14:27:04.490 | INFO     | __main__:evaluate_and_bid:38 - 💤 No new jobs to evaluate right now.
2026-05-25 14:27:04.491 | INFO     | __main__:check_messages_and_reply:54 - 💬 [Auto-Pilot] Checking for new leads in DB for WhatsApp outreach...
2026-05-25 14:27:08.084 | INFO     | agents.whatsapp_agent:_init_driver:65 - 📱 WhatsApp Browser Initialized.
2026-05-25 14:28:02.041 | INFO     | __main__:run_cycle:73 - 🔄 Starting Auto-Pilot Cycle...
2026-05-25 14:28:02.041 | INFO     | __main__:scan_for_upwork_jobs:27 - 🔍 [Auto-Pilot] Scanning Upwork for high-paying AI jobs...
2026-05-25 14:28:02.043 | INFO     | __main__:scan_for_upwork_jobs:29 - 📊 Found 0 new jobs to evaluate.
2026-05-25 14:28:02.043 | INFO     | __main__:evaluate_and_bid:36 - 💤 No new jobs to evaluate right now.
2026-05-25 14:28:02.043 | INFO     | __main__:check_messages_and_reply:52 - 💬 [Auto-Pilot] Checking for new leads in DB for WhatsApp outreach...
2026-05-25 14:28:02.800 | INFO     | __main__:run_cycle:79 - 🔄 Starting Auto-Pilot Cycle...
2026-05-25 14:28:02.800 | INFO     | __main__:scan_for_upwork_jobs:29 - 🔍 [Auto-Pilot] Scanning Upwork for high-paying AI jobs...
2026-05-25 14:28:02.802 | INFO     | __main__:scan_for_upwork_jobs:31 - 📊 Found 0 new jobs to evaluate.
2026-05-25 14:28:02.802 | INFO     | __main__:evaluate_and_bid:38 - 💤 No new jobs to evaluate right now.
2026-05-25 14:28:02.803 | INFO     | __main__:check_messages_and_reply:54 - 💬 [Auto-Pilot] Checking for new leads in DB for WhatsApp outreach...
2026-05-25 14:29:08.098 | ERROR    | agents.whatsapp_agent:send_whatsapp_message:109 - ❌ Failed to send WhatsApp: HTTPConnectionPool(host='localhost', port=50611): Read timed out. (read timeout=120)
2026-05-25 14:29:08.099 | INFO     | __main__:check_messages_and_reply:70 - 🔗 Attempting LinkedIn connection for Indigo...
2026-05-25 14:29:08.101 | INFO     | __main__:check_messages_and_reply:70 - 🔗 Attempting LinkedIn connection for Lululemon...
2026-05-25 14:29:08.102 | INFO     | __main__:check_messages_and_reply:70 - 🔗 Attempting LinkedIn connection for Hudson's Bay...
2026-05-25 14:29:08.102 | INFO     | __main__:run_cycle:83 - ✅ Cycle Complete. Waiting for next cycle.
2026-05-25 14:30:17.406 | ERROR    | agents.whatsapp_agent:send_whatsapp_message:109 - ❌ Failed to send WhatsApp: HTTPConnectionPool(host='localhost', port=58427): Read timed out. (read timeout=120)
2026-05-25 14:30:17.406 | INFO     | __main__:run_cycle:77 - ✅ Cycle Complete. Waiting for next cycle.
2026-05-25 14:30:17.941 | ERROR    | agents.whatsapp_agent:send_whatsapp_message:109 - ❌ Failed to send WhatsApp: HTTPConnectionPool(host='localhost', port=57069): Read timed out. (read timeout=120)
2026-05-25 14:30:17.944 | INFO     | __main__:check_messages_and_reply:70 - 🔗 Attempting LinkedIn connection for Indigo...
2026-05-25 14:30:17.948 | INFO     | __main__:check_messages_and_reply:70 - 🔗 Attempting LinkedIn connection for Lululemon...
2026-05-25 14:30:17.951 | INFO     | __main__:check_messages_and_reply:70 - 🔗 Attempting LinkedIn connection for Hudson's Bay...
2026-05-25 14:30:17.952 | INFO     | __main__:run_cycle:83 - ✅ Cycle Complete. Waiting for next cycle.
2026-05-25 14:32:18.378 | INFO     | __main__:run_cycle:56 - 🔄 Starting Auto-Pilot Cycle...
2026-05-25 14:32:18.379 | INFO     | __main__:scan_for_upwork_jobs:23 - 🔍 [Auto-Pilot] Scanning Upwork for high-paying AI jobs...
2026-05-25 14:32:18.382 | INFO     | __main__:scan_for_upwork_jobs:25 - 📊 Found 0 new jobs to evaluate.
2026-05-25 14:32:18.382 | INFO     | __main__:evaluate_and_bid:32 - 💤 No new jobs to evaluate right now.
2026-05-25 14:32:18.382 | INFO     | __main__:check_messages_and_reply:48 - 💬 [Auto-Pilot] Checking client messages and auto-replying...
2026-05-25 14:32:18.382 | INFO     | __main__:run_cycle:60 - ✅ Cycle Complete. Waiting for next cycle.
2026-05-25 14:32:18.485 | INFO     | __main__:run_cycle:56 - 🔄 Starting Auto-Pilot Cycle...
2026-05-25 14:32:18.486 | INFO     | __main__:scan_for_upwork_jobs:23 - 🔍 [Auto-Pilot] Scanning Upwork for high-paying AI jobs...
2026-05-25 14:32:18.488 | INFO     | __main__:scan_for_upwork_jobs:25 - 📊 Found 0 new jobs to evaluate.
2026-05-25 14:32:18.489 | INFO     | __main__:evaluate_and_bid:32 - 💤 No new jobs to evaluate right now.
2026-05-25 14:32:18.489 | INFO     | __main__:check_messages_and_reply:48 - 💬 [Auto-Pilot] Checking client messages and auto-replying...
2026-05-25 14:32:18.490 | INFO     | __main__:run_cycle:60 - ✅ Cycle Complete. Waiting for next cycle.
2026-05-25 14:32:18.898 | INFO     | __main__:run_cycle:56 - 🔄 Starting Auto-Pilot Cycle...
2026-05-25 14:32:18.905 | INFO     | __main__:scan_for_upwork_jobs:23 - 🔍 [Auto-Pilot] Scanning Upwork for high-paying AI jobs...
2026-05-25 14:32:18.905 | INFO     | __main__:scan_for_upwork_jobs:25 - 📊 Found 0 new jobs to evaluate.
2026-05-25 14:32:18.905 | INFO     | __main__:evaluate_and_bid:32 - 💤 No new jobs to evaluate right now.
2026-05-25 14:32:18.905 | INFO     | __main__:check_messages_and_reply:48 - 💬 [Auto-Pilot] Checking client messages and auto-replying...
2026-05-25 14:32:18.905 | INFO     | __main__:run_cycle:60 - ✅ Cycle Complete. Waiting for next cycle.
2026-05-25 14:32:19.085 | INFO     | __main__:run_cycle:56 - 🔄 Starting Auto-Pilot Cycle...
2026-05-25 14:32:19.086 | INFO     | __main__:scan_for_upwork_jobs:23 - 🔍 [Auto-Pilot] Scanning Upwork for high-paying AI jobs...
2026-05-25 14:32:19.088 | INFO     | __main__:scan_for_upwork_jobs:25 - 📊 Found 0 new jobs to evaluate.
2026-05-25 14:32:19.088 | INFO     | __main__:evaluate_and_bid:32 - 💤 No new jobs to evaluate right now.
2026-05-25 14:32:19.088 | INFO     | __main__:check_messages_and_reply:48 - 💬 [Auto-Pilot] Checking client messages and auto-replying...
2026-05-25 14:32:19.088 | INFO     | __main__:run_cycle:60 - ✅ Cycle Complete. Waiting for next cycle.
2026-05-25 14:32:21.520 | INFO     | __main__:run_cycle:73 - 🔄 Starting Auto-Pilot Cycle...
2026-05-25 14:32:21.520 | INFO     | __main__:scan_for_upwork_jobs:27 - 🔍 [Auto-Pilot] Scanning Upwork for high-paying AI jobs...
2026-05-25 14:32:21.523 | INFO     | __main__:scan_for_upwork_jobs:29 - 📊 Found 0 new jobs to evaluate.
2026-05-25 14:32:21.523 | INFO     | __main__:evaluate_and_bid:36 - 💤 No new jobs to evaluate right now.
2026-05-25 14:32:21.524 | INFO     | __main__:check_messages_and_reply:52 - 💬 [Auto-Pilot] Checking for new leads in DB for WhatsApp outreach...
2026-05-25 14:32:21.568 | ERROR    | agents.whatsapp_agent:send_whatsapp_message:70 - ❌ Failed to send WhatsApp: Message: invalid session id; For documentation on this error, please visit: https://www.selenium.dev/documentation/webdriver/troubleshooting/errors#invalidsessionidexception
Stacktrace:
	chromedriver!GetHandleVerifier [0x7ff6ef247de5+14895]
	chromedriver!GetHandleVerifier [0x7ff6ef247e50+14900]
	chromedriver!(No symbol) [0x7ff6eefad396]
	chromedriver!(No symbol) [0x7ff6eeff8e76]
	chromedriver!(No symbol) [0x7ff6ef02ff62]
	chromedriver!(No symbol) [0x7ff6ef029d7f]
	chromedriver!(No symbol) [0x7ff6ef029543]
	chromedriver!(No symbol) [0x7ff6eef76325]
	chromedriver!GetHandleVerifier [0x7ff6ef55cc49+3296f9]
	chromedriver!GetHandleVerifier [0x7ff6ef557375+323e25]
	chromedriver!GetHandleVerifier [0x7ff6ef57bc82+348732]
	chromedriver!GetHandleVerifier [0x7ff6ef266045+32af5]
	chromedriver!GetHandleVerifier [0x7ff6ef26ecec+3b79c]
	chromedriver!(No symbol) [0x7ff6eef750bc]
	chromedriver!GetHandleVerifier [0x7ff6ef6c0b18+48d5c8]
	KERNEL32!BaseThreadInitThunk [0x7ffa119de957+17]
	ntdll!RtlUserThreadStart [0x7ffa1262427c+2c]

2026-05-25 14:32:21.568 | INFO     | __main__:run_cycle:77 - ✅ Cycle Complete. Waiting for next cycle.
2026-05-25 14:32:51.718 | INFO     | __main__:run_cycle:79 - 🔄 Starting Auto-Pilot Cycle...
2026-05-25 14:32:51.718 | INFO     | __main__:scan_for_upwork_jobs:29 - 🔍 [Auto-Pilot] Scanning Upwork for high-paying AI jobs...
2026-05-25 14:32:51.720 | INFO     | __main__:scan_for_upwork_jobs:31 - 📊 Found 0 new jobs to evaluate.
2026-05-25 14:32:51.720 | INFO     | __main__:evaluate_and_bid:38 - 💤 No new jobs to evaluate right now.
2026-05-25 14:32:51.720 | INFO     | __main__:check_messages_and_reply:54 - 💬 [Auto-Pilot] Checking for new leads in DB for WhatsApp outreach...
2026-05-25 14:33:55.130 | INFO     | __main__:run_cycle:73 - 🔄 Starting Auto-Pilot Cycle...
2026-05-25 14:33:55.130 | INFO     | __main__:scan_for_upwork_jobs:27 - 🔍 [Auto-Pilot] Scanning Upwork for high-paying AI jobs...
2026-05-25 14:33:55.132 | INFO     | __main__:scan_for_upwork_jobs:29 - 📊 Found 0 new jobs to evaluate.
2026-05-25 14:33:55.132 | INFO     | __main__:evaluate_and_bid:36 - 💤 No new jobs to evaluate right now.
2026-05-25 14:33:55.134 | INFO     | __main__:check_messages_and_reply:52 - 💬 [Auto-Pilot] Checking for new leads in DB for WhatsApp outreach...
2026-05-25 14:33:55.189 | ERROR    | agents.whatsapp_agent:send_whatsapp_message:70 - ❌ Failed to send WhatsApp: Message: no such window: target window already closed
from unknown error: web view not found
  (Session info: chrome=148.0.7778.179)
Stacktrace:
	chromedriver!GetHandleVerifier [0x7ff6ef247de5+14895]
	chromedriver!GetHandleVerifier [0x7ff6ef247e50+14900]
	chromedriver!(No symbol) [0x7ff6eefad5ad]
	chromedriver!(No symbol) [0x7ff6eef840f2]
	chromedriver!(No symbol) [0x7ff6ef036f56]
	chromedriver!(No symbol) [0x7ff6ef054172]
	chromedriver!(No symbol) [0x7ff6eeff9df8]
	chromedriver!(No symbol) [0x7ff6eefface3]
	chromedriver!GetHandleVerifier [0x7ff6ef55cc49+3296f9]
	chromedriver!GetHandleVerifier [0x7ff6ef557375+323e25]
	chromedriver!GetHandleVerifier [0x7ff6ef57bc82+348732]
	chromedriver!GetHandleVerifier [0x7ff6ef266045+32af5]
	chromedriver!GetHandleVerifier [0x7ff6ef26ecec+3b79c]
	chromedriver!GetHandleVerifier [0x7ff6ef251bc4+1e674]
	chromedriver!GetHandleVerifier [0x7ff6ef251d54+1e804]
	chromedriver!GetHandleVerifier [0x7ff6ef2360e7+2b97]
	KERNEL32!BaseThreadInitThunk [0x7ffa119de957+17]
	ntdll!RtlUserThreadStart [0x7ffa1262427c+2c]

2026-05-25 14:33:55.189 | INFO     | __main__:run_cycle:77 - ✅ Cycle Complete. Waiting for next cycle.
2026-05-25 14:34:51.793 | ERROR    | agents.whatsapp_agent:send_whatsapp_message:109 - ❌ Failed to send WhatsApp: HTTPConnectionPool(host='localhost', port=58315): Read timed out. (read timeout=120)
2026-05-25 14:34:51.794 | INFO     | __main__:check_messages_and_reply:70 - 🔗 Attempting LinkedIn connection for Indigo...
2026-05-25 14:34:51.795 | INFO     | __main__:check_messages_and_reply:70 - 🔗 Attempting LinkedIn connection for Lululemon...
2026-05-25 14:34:51.795 | INFO     | __main__:check_messages_and_reply:70 - 🔗 Attempting LinkedIn connection for Hudson's Bay...
2026-05-25 14:34:51.801 | INFO     | __main__:run_cycle:83 - ✅ Cycle Complete. Waiting for next cycle.
2026-05-25 14:36:25.225 | INFO     | __main__:run_cycle:73 - 🔄 Starting Auto-Pilot Cycle...
2026-05-25 14:36:25.226 | INFO     | __main__:scan_for_upwork_jobs:27 - 🔍 [Auto-Pilot] Scanning Upwork for high-paying AI jobs...
2026-05-25 14:36:25.233 | INFO     | __main__:scan_for_upwork_jobs:29 - 📊 Found 0 new jobs to evaluate.
2026-05-25 14:36:25.234 | INFO     | __main__:evaluate_and_bid:36 - 💤 No new jobs to evaluate right now.
2026-05-25 14:36:25.234 | INFO     | __main__:check_messages_and_reply:52 - 💬 [Auto-Pilot] Checking for new leads in DB for WhatsApp outreach...
2026-05-25 14:36:30.815 | INFO     | agents.whatsapp_agent:_init_driver:48 - 📱 WhatsApp Browser Initialized.
2026-05-25 14:36:36.322 | INFO     | agents.whatsapp_agent:send_whatsapp_message:69 - ⏳ Waiting for WhatsApp Web to load for 9009334845650...
2026-05-25 14:36:36.325 | ERROR    | agents.whatsapp_agent:send_whatsapp_message:84 - ❌ Failed to send WhatsApp: Message: no such window: target window already closed
from unknown error: web view not found
  (Session info: chrome=148.0.7778.179)
Stacktrace:
	chromedriver!GetHandleVerifier [0x7ff6ef247de5+14895]
	chromedriver!GetHandleVerifier [0x7ff6ef247e50+14900]
	chromedriver!(No symbol) [0x7ff6eefad5ad]
	chromedriver!(No symbol) [0x7ff6eef840f2]
	chromedriver!(No symbol) [0x7ff6ef036f56]
	chromedriver!(No symbol) [0x7ff6ef054172]
	chromedriver!(No symbol) [0x7ff6eeff9df8]
	chromedriver!(No symbol) [0x7ff6eefface3]
	chromedriver!GetHandleVerifier [0x7ff6ef55cc49+3296f9]
	chromedriver!GetHandleVerifier [0x7ff6ef557375+323e25]
	chromedriver!GetHandleVerifier [0x7ff6ef57bc82+348732]
	chromedriver!GetHandleVerifier [0x7ff6ef266045+32af5]
	chromedriver!GetHandleVerifier [0x7ff6ef26ecec+3b79c]
	chromedriver!GetHandleVerifier [0x7ff6ef251bc4+1e674]
	chromedriver!GetHandleVerifier [0x7ff6ef251d54+1e804]
	chromedriver!GetHandleVerifier [0x7ff6ef2360e7+2b97]
	KERNEL32!BaseThreadInitThunk [0x7ffa119de957+17]
	ntdll!RtlUserThreadStart [0x7ffa1262427c+2c]

2026-05-25 14:36:36.326 | INFO     | __main__:run_cycle:77 - ✅ Cycle Complete. Waiting for next cycle.
2026-05-25 14:39:08.487 | INFO     | __main__:run_cycle:79 - 🔄 Starting Auto-Pilot Cycle...
2026-05-25 14:39:08.488 | INFO     | __main__:scan_for_upwork_jobs:29 - 🔍 [Auto-Pilot] Scanning Upwork for high-paying AI jobs...
2026-05-25 14:39:08.492 | INFO     | __main__:scan_for_upwork_jobs:31 - 📊 Found 0 new jobs to evaluate.
2026-05-25 14:39:08.492 | INFO     | __main__:evaluate_and_bid:38 - 💤 No new jobs to evaluate right now.
2026-05-25 14:39:08.492 | INFO     | __main__:check_messages_and_reply:54 - 💬 [Auto-Pilot] Checking for new leads in DB for WhatsApp outreach...
2026-05-25 14:39:10.620 | WARNING  | agents.whatsapp_agent:_init_driver:42 - Existing WhatsApp driver crashed or closed. Restarting...
2026-05-25 14:39:12.503 | INFO     | agents.whatsapp_agent:_init_driver:65 - 📱 WhatsApp Browser Initialized.
2026-05-25 14:39:46.899 | INFO     | agents.whatsapp_agent:send_whatsapp_message:86 - ⏳ Waiting for WhatsApp Web to load for 9009334845650...
2026-05-25 14:39:46.904 | ERROR    | agents.whatsapp_agent:send_whatsapp_message:109 - ❌ Failed to send WhatsApp: Message: no such window: target window already closed
from unknown error: web view not found
  (Session info: chrome=148.0.7778.179)
Stacktrace:
	chromedriver!GetHandleVerifier [0x7ff6ef247de5+14895]
	chromedriver!GetHandleVerifier [0x7ff6ef247e50+14900]
	chromedriver!(No symbol) [0x7ff6eefad5ad]
	chromedriver!(No symbol) [0x7ff6eef840f2]
	chromedriver!(No symbol) [0x7ff6ef036f56]
	chromedriver!(No symbol) [0x7ff6ef054172]
	chromedriver!(No symbol) [0x7ff6eeff9df8]
	chromedriver!(No symbol) [0x7ff6eefface3]
	chromedriver!GetHandleVerifier [0x7ff6ef55cc49+3296f9]
	chromedriver!GetHandleVerifier [0x7ff6ef557375+323e25]
	chromedriver!GetHandleVerifier [0x7ff6ef57bc82+348732]
	chromedriver!GetHandleVerifier [0x7ff6ef266045+32af5]
	chromedriver!GetHandleVerifier [0x7ff6ef26ecec+3b79c]
	chromedriver!GetHandleVerifier [0x7ff6ef251bc4+1e674]
	chromedriver!GetHandleVerifier [0x7ff6ef251d54+1e804]
	chromedriver!GetHandleVerifier [0x7ff6ef2360e7+2b97]
	KERNEL32!BaseThreadInitThunk [0x7ffa119de957+17]
	ntdll!RtlUserThreadStart [0x7ffa1262427c+2c]

2026-05-25 14:39:46.904 | INFO     | __main__:check_messages_and_reply:70 - 🔗 Attempting LinkedIn connection for Indigo...
2026-05-25 14:39:46.907 | INFO     | __main__:check_messages_and_reply:70 - 🔗 Attempting LinkedIn connection for Lululemon...
2026-05-25 14:39:46.910 | INFO     | __main__:check_messages_and_reply:70 - 🔗 Attempting LinkedIn connection for Hudson's Bay...
2026-05-25 14:39:46.914 | INFO     | __main__:run_cycle:83 - ✅ Cycle Complete. Waiting for next cycle.
2026-05-25 14:40:17.879 | INFO     | __main__:run_cycle:73 - 🔄 Starting Auto-Pilot Cycle...
2026-05-25 14:40:17.879 | INFO     | __main__:scan_for_upwork_jobs:27 - 🔍 [Auto-Pilot] Scanning Upwork for high-paying AI jobs...
2026-05-25 14:40:17.881 | INFO     | __main__:scan_for_upwork_jobs:29 - 📊 Found 0 new jobs to evaluate.
2026-05-25 14:40:17.883 | INFO     | __main__:evaluate_and_bid:36 - 💤 No new jobs to evaluate right now.
2026-05-25 14:40:17.890 | INFO     | __main__:check_messages_and_reply:52 - 💬 [Auto-Pilot] Checking for new leads in DB for WhatsApp outreach...
2026-05-25 14:40:18.437 | INFO     | __main__:run_cycle:79 - 🔄 Starting Auto-Pilot Cycle...
2026-05-25 14:40:18.437 | INFO     | __main__:scan_for_upwork_jobs:29 - 🔍 [Auto-Pilot] Scanning Upwork for high-paying AI jobs...
2026-05-25 14:40:18.440 | INFO     | __main__:scan_for_upwork_jobs:31 - 📊 Found 0 new jobs to evaluate.
2026-05-25 14:40:18.440 | INFO     | __main__:evaluate_and_bid:38 - 💤 No new jobs to evaluate right now.
2026-05-25 14:40:18.440 | INFO     | __main__:check_messages_and_reply:54 - 💬 [Auto-Pilot] Checking for new leads in DB for WhatsApp outreach...
2026-05-25 14:40:19.143 | INFO     | agents.whatsapp_agent:_init_driver:65 - 📱 WhatsApp Browser Initialized.
2026-05-25 14:40:22.754 | INFO     | agents.whatsapp_agent:send_whatsapp_message:86 - ⏳ Waiting for WhatsApp Web to load for 9009334845650...
2026-05-25 14:40:22.759 | INFO     | agents.whatsapp_agent:_init_driver:65 - 📱 WhatsApp Browser Initialized.
2026-05-25 14:40:22.766 | ERROR    | agents.whatsapp_agent:send_whatsapp_message:109 - ❌ Failed to send WhatsApp: Message: no such window: target window already closed
from unknown error: web view not found
  (Session info: chrome=148.0.7778.179)
Stacktrace:
	chromedriver!GetHandleVerifier [0x7ff6ef247de5+14895]
	chromedriver!GetHandleVerifier [0x7ff6ef247e50+14900]
	chromedriver!(No symbol) [0x7ff6eefad5ad]
	chromedriver!(No symbol) [0x7ff6eef840f2]
	chromedriver!(No symbol) [0x7ff6ef036f56]
	chromedriver!(No symbol) [0x7ff6ef054172]
	chromedriver!(No symbol) [0x7ff6eeff9df8]
	chromedriver!(No symbol) [0x7ff6eefface3]
	chromedriver!GetHandleVerifier [0x7ff6ef55cc49+3296f9]
	chromedriver!GetHandleVerifier [0x7ff6ef557375+323e25]
	chromedriver!GetHandleVerifier [0x7ff6ef57bc82+348732]
	chromedriver!GetHandleVerifier [0x7ff6ef266045+32af5]
	chromedriver!GetHandleVerifier [0x7ff6ef26ecec+3b79c]
	chromedriver!GetHandleVerifier [0x7ff6ef251bc4+1e674]
	chromedriver!GetHandleVerifier [0x7ff6ef251d54+1e804]
	chromedriver!GetHandleVerifier [0x7ff6ef2360e7+2b97]
	KERNEL32!BaseThreadInitThunk [0x7ffa119de957+17]
	ntdll!RtlUserThreadStart [0x7ffa1262427c+2c]

2026-05-25 14:40:22.768 | INFO     | __main__:run_cycle:77 - ✅ Cycle Complete. Waiting for next cycle.
2026-05-25 14:40:22.768 | ERROR    | agents.whatsapp_agent:send_whatsapp_message:109 - ❌ Failed to send WhatsApp: Message: no such window: target window already closed
from unknown error: web view not found
  (Session info: chrome=148.0.7778.179)
Stacktrace:
	chromedriver!GetHandleVerifier [0x7ff6ef247de5+14895]
	chromedriver!GetHandleVerifier [0x7ff6ef247e50+14900]
	chromedriver!(No symbol) [0x7ff6eefad5ad]
	chromedriver!(No symbol) [0x7ff6eef840f2]
	chromedriver!(No symbol) [0x7ff6ef036f56]
	chromedriver!(No symbol) [0x7ff6ef054172]
	chromedriver!(No symbol) [0x7ff6eeff9df8]
	chromedriver!(No symbol) [0x7ff6eefface3]
	chromedriver!GetHandleVerifier [0x7ff6ef55cc49+3296f9]
	chromedriver!GetHandleVerifier [0x7ff6ef557375+323e25]
	chromedriver!GetHandleVerifier [0x7ff6ef57bc82+348732]
	chromedriver!GetHandleVerifier [0x7ff6ef266045+32af5]
	chromedriver!GetHandleVerifier [0x7ff6ef26ecec+3b79c]
	chromedriver!GetHandleVerifier [0x7ff6ef251bc4+1e674]
	chromedriver!GetHandleVerifier [0x7ff6ef251d54+1e804]
	chromedriver!GetHandleVerifier [0x7ff6ef2360e7+2b97]
	KERNEL32!BaseThreadInitThunk [0x7ffa119de957+17]
	ntdll!RtlUserThreadStart [0x7ffa1262427c+2c]

2026-05-25 14:40:22.770 | INFO     | __main__:check_messages_and_reply:70 - 🔗 Attempting LinkedIn connection for Indigo...
2026-05-25 14:40:22.781 | INFO     | __main__:check_messages_and_reply:70 - 🔗 Attempting LinkedIn connection for Lululemon...
2026-05-25 14:40:22.787 | INFO     | __main__:check_messages_and_reply:70 - 🔗 Attempting LinkedIn connection for Hudson's Bay...
2026-05-25 14:40:22.790 | INFO     | __main__:run_cycle:83 - ✅ Cycle Complete. Waiting for next cycle.
2026-05-25 14:42:18.965 | INFO     | __main__:run_cycle:56 - 🔄 Starting Auto-Pilot Cycle...
2026-05-25 14:42:18.965 | INFO     | __main__:scan_for_upwork_jobs:23 - 🔍 [Auto-Pilot] Scanning Upwork for high-paying AI jobs...
2026-05-25 14:42:18.967 | INFO     | __main__:scan_for_upwork_jobs:25 - 📊 Found 0 new jobs to evaluate.
2026-05-25 14:42:18.967 | INFO     | __main__:evaluate_and_bid:32 - 💤 No new jobs to evaluate right now.
2026-05-25 14:42:18.967 | INFO     | __main__:check_messages_and_reply:48 - 💬 [Auto-Pilot] Checking client messages and auto-replying...
2026-05-25 14:42:18.969 | INFO     | __main__:run_cycle:60 - ✅ Cycle Complete. Waiting for next cycle.
2026-05-25 14:42:18.973 | INFO     | __main__:run_cycle:56 - 🔄 Starting Auto-Pilot Cycle...
2026-05-25 14:42:18.974 | INFO     | __main__:scan_for_upwork_jobs:23 - 🔍 [Auto-Pilot] Scanning Upwork for high-paying AI jobs...
2026-05-25 14:42:18.977 | INFO     | __main__:scan_for_upwork_jobs:25 - 📊 Found 0 new jobs to evaluate.
2026-05-25 14:42:18.977 | INFO     | __main__:evaluate_and_bid:32 - 💤 No new jobs to evaluate right now.
2026-05-25 14:42:18.977 | INFO     | __main__:check_messages_and_reply:48 - 💬 [Auto-Pilot] Checking client messages and auto-replying...
2026-05-25 14:42:18.979 | INFO     | __main__:run_cycle:60 - ✅ Cycle Complete. Waiting for next cycle.
2026-05-25 14:42:19.326 | INFO     | __main__:run_cycle:56 - 🔄 Starting Auto-Pilot Cycle...
2026-05-25 14:42:19.327 | INFO     | __main__:scan_for_upwork_jobs:23 - 🔍 [Auto-Pilot] Scanning Upwork for high-paying AI jobs...
2026-05-25 14:42:19.338 | INFO     | __main__:scan_for_upwork_jobs:25 - 📊 Found 0 new jobs to evaluate.
2026-05-25 14:42:19.338 | INFO     | __main__:evaluate_and_bid:32 - 💤 No new jobs to evaluate right now.
2026-05-25 14:42:19.339 | INFO     | __main__:check_messages_and_reply:48 - 💬 [Auto-Pilot] Checking client messages and auto-replying...
2026-05-25 14:42:19.340 | INFO     | __main__:run_cycle:60 - ✅ Cycle Complete. Waiting for next cycle.
2026-05-25 14:42:19.514 | INFO     | __main__:run_cycle:56 - 🔄 Starting Auto-Pilot Cycle...
2026-05-25 14:42:19.519 | INFO     | __main__:scan_for_upwork_jobs:23 - 🔍 [Auto-Pilot] Scanning Upwork for high-paying AI jobs...
2026-05-25 14:42:19.531 | INFO     | __main__:scan_for_upwork_jobs:25 - 📊 Found 0 new jobs to evaluate.
2026-05-25 14:42:19.533 | INFO     | __main__:evaluate_and_bid:32 - 💤 No new jobs to evaluate right now.
2026-05-25 14:42:19.534 | INFO     | __main__:check_messages_and_reply:48 - 💬 [Auto-Pilot] Checking client messages and auto-replying...
2026-05-25 14:42:19.534 | INFO     | __main__:run_cycle:60 - ✅ Cycle Complete. Waiting for next cycle.
2026-05-25 14:42:22.060 | INFO     | __main__:run_cycle:73 - 🔄 Starting Auto-Pilot Cycle...
2026-05-25 14:42:22.061 | INFO     | __main__:scan_for_upwork_jobs:27 - 🔍 [Auto-Pilot] Scanning Upwork for high-paying AI jobs...
2026-05-25 14:42:22.062 | INFO     | __main__:scan_for_upwork_jobs:29 - 📊 Found 0 new jobs to evaluate.
2026-05-25 14:42:22.063 | INFO     | __main__:evaluate_and_bid:36 - 💤 No new jobs to evaluate right now.
2026-05-25 14:42:22.063 | INFO     | __main__:check_messages_and_reply:52 - 💬 [Auto-Pilot] Checking for new leads in DB for WhatsApp outreach...
2026-05-25 14:42:22.124 | ERROR    | agents.whatsapp_agent:send_whatsapp_message:70 - ❌ Failed to send WhatsApp: Message: invalid session id; For documentation on this error, please visit: https://www.selenium.dev/documentation/webdriver/troubleshooting/errors#invalidsessionidexception
Stacktrace:
	chromedriver!GetHandleVerifier [0x7ff6ef247de5+14895]
	chromedriver!GetHandleVerifier [0x7ff6ef247e50+14900]
	chromedriver!(No symbol) [0x7ff6eefad396]
	chromedriver!(No symbol) [0x7ff6eeff8e76]
	chromedriver!(No symbol) [0x7ff6ef02ff62]
	chromedriver!(No symbol) [0x7ff6ef029d7f]
	chromedriver!(No symbol) [0x7ff6ef029543]
	chromedriver!(No symbol) [0x7ff6eef76325]
	chromedriver!GetHandleVerifier [0x7ff6ef55cc49+3296f9]
	chromedriver!GetHandleVerifier [0x7ff6ef557375+323e25]
	chromedriver!GetHandleVerifier [0x7ff6ef57bc82+348732]
	chromedriver!GetHandleVerifier [0x7ff6ef266045+32af5]
	chromedriver!GetHandleVerifier [0x7ff6ef26ecec+3b79c]
	chromedriver!(No symbol) [0x7ff6eef750bc]
	chromedriver!GetHandleVerifier [0x7ff6ef6c0b18+48d5c8]
	KERNEL32!BaseThreadInitThunk [0x7ffa119de957+17]
	ntdll!RtlUserThreadStart [0x7ffa1262427c+2c]

2026-05-25 14:42:22.124 | INFO     | __main__:run_cycle:77 - ✅ Cycle Complete. Waiting for next cycle.
2026-05-25 14:43:55.649 | INFO     | __main__:run_cycle:73 - 🔄 Starting Auto-Pilot Cycle...
2026-05-25 14:43:55.650 | INFO     | __main__:scan_for_upwork_jobs:27 - 🔍 [Auto-Pilot] Scanning Upwork for high-paying AI jobs...
2026-05-25 14:43:55.663 | INFO     | __main__:scan_for_upwork_jobs:29 - 📊 Found 0 new jobs to evaluate.
2026-05-25 14:43:55.663 | INFO     | __main__:evaluate_and_bid:36 - 💤 No new jobs to evaluate right now.
2026-05-25 14:43:55.663 | INFO     | __main__:check_messages_and_reply:52 - 💬 [Auto-Pilot] Checking for new leads in DB for WhatsApp outreach...
2026-05-25 14:43:55.713 | ERROR    | agents.whatsapp_agent:send_whatsapp_message:70 - ❌ Failed to send WhatsApp: Message: no such window: target window already closed
from unknown error: web view not found
  (Session info: chrome=148.0.7778.179)
Stacktrace:
	chromedriver!GetHandleVerifier [0x7ff6ef247de5+14895]
	chromedriver!GetHandleVerifier [0x7ff6ef247e50+14900]
	chromedriver!(No symbol) [0x7ff6eefad5ad]
	chromedriver!(No symbol) [0x7ff6eef840f2]
	chromedriver!(No symbol) [0x7ff6ef036f56]
	chromedriver!(No symbol) [0x7ff6ef054172]
	chromedriver!(No symbol) [0x7ff6eeff9df8]
	chromedriver!(No symbol) [0x7ff6eefface3]
	chromedriver!GetHandleVerifier [0x7ff6ef55cc49+3296f9]
	chromedriver!GetHandleVerifier [0x7ff6ef557375+323e25]
	chromedriver!GetHandleVerifier [0x7ff6ef57bc82+348732]
	chromedriver!GetHandleVerifier [0x7ff6ef266045+32af5]
	chromedriver!GetHandleVerifier [0x7ff6ef26ecec+3b79c]
	chromedriver!GetHandleVerifier [0x7ff6ef251bc4+1e674]
	chromedriver!GetHandleVerifier [0x7ff6ef251d54+1e804]
	chromedriver!GetHandleVerifier [0x7ff6ef2360e7+2b97]
	KERNEL32!BaseThreadInitThunk [0x7ffa119de957+17]
	ntdll!RtlUserThreadStart [0x7ffa1262427c+2c]

2026-05-25 14:43:55.713 | INFO     | __main__:run_cycle:77 - ✅ Cycle Complete. Waiting for next cycle.
2026-05-25 14:44:52.243 | INFO     | __main__:run_cycle:79 - 🔄 Starting Auto-Pilot Cycle...
2026-05-25 14:44:52.243 | INFO     | __main__:scan_for_upwork_jobs:29 - 🔍 [Auto-Pilot] Scanning Upwork for high-paying AI jobs...
2026-05-25 14:44:52.243 | INFO     | __main__:scan_for_upwork_jobs:31 - 📊 Found 0 new jobs to evaluate.
2026-05-25 14:44:52.243 | INFO     | __main__:evaluate_and_bid:38 - 💤 No new jobs to evaluate right now.
2026-05-25 14:44:52.243 | INFO     | __main__:check_messages_and_reply:54 - 💬 [Auto-Pilot] Checking for new leads in DB for WhatsApp outreach...
2026-05-25 14:44:52.299 | WARNING  | agents.whatsapp_agent:_init_driver:42 - Existing WhatsApp driver crashed or closed. Restarting...
2026-05-25 14:44:54.121 | INFO     | agents.whatsapp_agent:_init_driver:65 - 📱 WhatsApp Browser Initialized.
2026-05-25 14:44:55.883 | INFO     | agents.whatsapp_agent:send_whatsapp_message:86 - ⏳ Waiting for WhatsApp Web to load for 9009334845650...
2026-05-25 14:44:55.901 | ERROR    | agents.whatsapp_agent:send_whatsapp_message:109 - ❌ Failed to send WhatsApp: Message: no such window: target window already closed
from unknown error: web view not found
  (Session info: chrome=148.0.7778.179)
Stacktrace:
	chromedriver!GetHandleVerifier [0x7ff6ef247de5+14895]
	chromedriver!GetHandleVerifier [0x7ff6ef247e50+14900]
	chromedriver!(No symbol) [0x7ff6eefad5ad]
	chromedriver!(No symbol) [0x7ff6eef840f2]
	chromedriver!(No symbol) [0x7ff6ef036f56]
	chromedriver!(No symbol) [0x7ff6ef054172]
	chromedriver!(No symbol) [0x7ff6eeff9df8]
	chromedriver!(No symbol) [0x7ff6eefface3]
	chromedriver!GetHandleVerifier [0x7ff6ef55cc49+3296f9]
	chromedriver!GetHandleVerifier [0x7ff6ef557375+323e25]
	chromedriver!GetHandleVerifier [0x7ff6ef57bc82+348732]
	chromedriver!GetHandleVerifier [0x7ff6ef266045+32af5]
	chromedriver!GetHandleVerifier [0x7ff6ef26ecec+3b79c]
	chromedriver!GetHandleVerifier [0x7ff6ef251bc4+1e674]
	chromedriver!GetHandleVerifier [0x7ff6ef251d54+1e804]
	chromedriver!GetHandleVerifier [0x7ff6ef2360e7+2b97]
	KERNEL32!BaseThreadInitThunk [0x7ffa119de957+17]
	ntdll!RtlUserThreadStart [0x7ffa1262427c+2c]

2026-05-25 14:44:55.906 | INFO     | __main__:check_messages_and_reply:70 - 🔗 Attempting LinkedIn connection for Indigo...
2026-05-25 14:44:55.913 | INFO     | __main__:check_messages_and_reply:70 - 🔗 Attempting LinkedIn connection for Lululemon...
2026-05-25 14:44:55.944 | INFO     | __main__:check_messages_and_reply:70 - 🔗 Attempting LinkedIn connection for Hudson's Bay...
2026-05-25 14:44:55.950 | INFO     | __main__:run_cycle:83 - ✅ Cycle Complete. Waiting for next cycle.
2026-05-25 14:46:36.752 | INFO     | __main__:run_cycle:73 - 🔄 Starting Auto-Pilot Cycle...
2026-05-25 14:46:36.786 | INFO     | __main__:scan_for_upwork_jobs:27 - 🔍 [Auto-Pilot] Scanning Upwork for high-paying AI jobs...
2026-05-25 14:46:36.791 | INFO     | __main__:scan_for_upwork_jobs:29 - 📊 Found 0 new jobs to evaluate.
2026-05-25 14:46:36.791 | INFO     | __main__:evaluate_and_bid:36 - 💤 No new jobs to evaluate right now.
2026-05-25 14:46:36.791 | INFO     | __main__:check_messages_and_reply:52 - 💬 [Auto-Pilot] Checking for new leads in DB for WhatsApp outreach...
2026-05-25 14:46:40.677 | INFO     | agents.whatsapp_agent:_init_driver:48 - 📱 WhatsApp Browser Initialized.
2026-05-25 14:46:41.724 | INFO     | agents.whatsapp_agent:send_whatsapp_message:69 - ⏳ Waiting for WhatsApp Web to load for 9009334845650...
2026-05-25 14:46:41.731 | ERROR    | agents.whatsapp_agent:send_whatsapp_message:84 - ❌ Failed to send WhatsApp: Message: no such window: target window already closed
from unknown error: web view not found
  (Session info: chrome=148.0.7778.179)
Stacktrace:
	chromedriver!GetHandleVerifier [0x7ff6ef247de5+14895]
	chromedriver!GetHandleVerifier [0x7ff6ef247e50+14900]
	chromedriver!(No symbol) [0x7ff6eefad5ad]
	chromedriver!(No symbol) [0x7ff6eef840f2]
	chromedriver!(No symbol) [0x7ff6ef036f56]
	chromedriver!(No symbol) [0x7ff6ef054172]
	chromedriver!(No symbol) [0x7ff6eeff9df8]
	chromedriver!(No symbol) [0x7ff6eefface3]
	chromedriver!GetHandleVerifier [0x7ff6ef55cc49+3296f9]
	chromedriver!GetHandleVerifier [0x7ff6ef557375+323e25]
	chromedriver!GetHandleVerifier [0x7ff6ef57bc82+348732]
	chromedriver!GetHandleVerifier [0x7ff6ef266045+32af5]
	chromedriver!GetHandleVerifier [0x7ff6ef26ecec+3b79c]
	chromedriver!GetHandleVerifier [0x7ff6ef251bc4+1e674]
	chromedriver!GetHandleVerifier [0x7ff6ef251d54+1e804]
	chromedriver!GetHandleVerifier [0x7ff6ef2360e7+2b97]
	KERNEL32!BaseThreadInitThunk [0x7ffa119de957+17]
	ntdll!RtlUserThreadStart [0x7ffa1262427c+2c]

2026-05-25 14:46:41.734 | INFO     | __main__:run_cycle:77 - ✅ Cycle Complete. Waiting for next cycle.
2026-05-25 15:03:50.939 | INFO     | __main__:__init__:23 - 🤖 Auto-Pilot System Initialized. AI is ready to take over.
2026-05-25 15:03:50.940 | SUCCESS  | __main__:start_24_7_operation:90 - 🚀 100% AUTO-PILOT MODE ACTIVATED. You can go sleep now!
2026-05-25 15:03:50.942 | INFO     | __main__:run_cycle:79 - 🔄 Starting Auto-Pilot Cycle...
2026-05-25 15:03:50.942 | INFO     | __main__:scan_for_upwork_jobs:29 - 🔍 [Auto-Pilot] Scanning Upwork for high-paying AI jobs...
2026-05-25 15:03:52.301 | INFO     | __main__:scan_for_upwork_jobs:31 - 📊 Found 0 new jobs to evaluate.
2026-05-25 15:03:52.302 | INFO     | __main__:evaluate_and_bid:38 - 💤 No new jobs to evaluate right now.
2026-05-25 15:03:52.302 | INFO     | __main__:check_messages_and_reply:54 - 💬 [Auto-Pilot] Checking for new leads in DB for WhatsApp outreach...
2026-05-25 15:03:57.836 | INFO     | agents.whatsapp_agent:_init_driver:65 - 📱 WhatsApp Browser Initialized.
2026-05-25 15:04:01.192 | INFO     | agents.whatsapp_agent:send_whatsapp_message:86 - ⏳ Waiting for WhatsApp Web to load for 9009334845650...
2026-05-25 15:04:46.399 | ERROR    | agents.whatsapp_agent:send_whatsapp_message:109 - ❌ Failed to send WhatsApp: Message: 
Stacktrace:
	chromedriver!GetHandleVerifier [0x7ff6ef247de5+14895]
	chromedriver!GetHandleVerifier [0x7ff6ef247e50+14900]
	chromedriver!(No symbol) [0x7ff6eefad5ad]
	chromedriver!(No symbol) [0x7ff6ef007822]
	chromedriver!(No symbol) [0x7ff6ef007b2c]
	chromedriver!(No symbol) [0x7ff6ef057d17]
	chromedriver!(No symbol) [0x7ff6ef05486f]
	chromedriver!(No symbol) [0x7ff6eeff9df8]
	chromedriver!(No symbol) [0x7ff6eefface3]
	chromedriver!GetHandleVerifier [0x7ff6ef55cc49+3296f9]
	chromedriver!GetHandleVerifier [0x7ff6ef557375+323e25]
	chromedriver!GetHandleVerifier [0x7ff6ef57bc82+348732]
	chromedriver!GetHandleVerifier [0x7ff6ef266045+32af5]
	chromedriver!GetHandleVerifier [0x7ff6ef26ecec+3b79c]
	chromedriver!GetHandleVerifier [0x7ff6ef251bc4+1e674]
	chromedriver!GetHandleVerifier [0x7ff6ef251d54+1e804]
	chromedriver!GetHandleVerifier [0x7ff6ef2360e7+2b97]
	KERNEL32!BaseThreadInitThunk [0x7ffa119de957+17]
	ntdll!RtlUserThreadStart [0x7ffa1262427c+2c]

2026-05-25 15:04:46.401 | INFO     | __main__:check_messages_and_reply:70 - 🔗 Attempting LinkedIn connection for Indigo...
2026-05-25 15:06:00.800 | INFO     | __main__:check_messages_and_reply:70 - 🔗 Attempting LinkedIn connection for Lululemon...
2026-05-25 15:06:14.127 | INFO     | __main__:check_messages_and_reply:70 - 🔗 Attempting LinkedIn connection for Hudson's Bay...
2026-05-25 15:06:28.085 | INFO     | __main__:run_cycle:83 - ✅ Cycle Complete. Waiting for next cycle.
2026-05-25 15:13:51.377 | INFO     | __main__:run_cycle:79 - 🔄 Starting Auto-Pilot Cycle...
2026-05-25 15:13:51.379 | INFO     | __main__:scan_for_upwork_jobs:29 - 🔍 [Auto-Pilot] Scanning Upwork for high-paying AI jobs...
2026-05-25 15:13:52.929 | INFO     | __main__:scan_for_upwork_jobs:31 - 📊 Found 0 new jobs to evaluate.
2026-05-25 15:13:52.929 | INFO     | __main__:evaluate_and_bid:38 - 💤 No new jobs to evaluate right now.
2026-05-25 15:13:52.933 | INFO     | __main__:check_messages_and_reply:54 - 💬 [Auto-Pilot] Checking for new leads in DB for WhatsApp outreach...
2026-05-25 15:13:57.670 | INFO     | agents.whatsapp_agent:_init_driver:65 - 📱 WhatsApp Browser Initialized.
2026-05-25 15:13:59.456 | INFO     | agents.whatsapp_agent:send_whatsapp_message:86 - ⏳ Waiting for WhatsApp Web to load for 9009334845650...
2026-05-25 15:14:44.491 | ERROR    | agents.whatsapp_agent:send_whatsapp_message:109 - ❌ Failed to send WhatsApp: Message: 
Stacktrace:
	chromedriver!GetHandleVerifier [0x7ff6ef247de5+14895]
	chromedriver!GetHandleVerifier [0x7ff6ef247e50+14900]
	chromedriver!(No symbol) [0x7ff6eefad5ad]
	chromedriver!(No symbol) [0x7ff6ef007822]
	chromedriver!(No symbol) [0x7ff6ef007b2c]
	chromedriver!(No symbol) [0x7ff6ef057d17]
	chromedriver!(No symbol) [0x7ff6ef05486f]
	chromedriver!(No symbol) [0x7ff6eeff9df8]
	chromedriver!(No symbol) [0x7ff6eefface3]
	chromedriver!GetHandleVerifier [0x7ff6ef55cc49+3296f9]
	chromedriver!GetHandleVerifier [0x7ff6ef557375+323e25]
	chromedriver!GetHandleVerifier [0x7ff6ef57bc82+348732]
	chromedriver!GetHandleVerifier [0x7ff6ef266045+32af5]
	chromedriver!GetHandleVerifier [0x7ff6ef26ecec+3b79c]
	chromedriver!GetHandleVerifier [0x7ff6ef251bc4+1e674]
	chromedriver!GetHandleVerifier [0x7ff6ef251d54+1e804]
	chromedriver!GetHandleVerifier [0x7ff6ef2360e7+2b97]
	KERNEL32!BaseThreadInitThunk [0x7ffa119de957+17]
	ntdll!RtlUserThreadStart [0x7ffa1262427c+2c]

2026-05-25 15:14:44.494 | INFO     | __main__:check_messages_and_reply:70 - 🔗 Attempting LinkedIn connection for Indigo...
2026-05-25 15:14:58.613 | INFO     | __main__:check_messages_and_reply:70 - 🔗 Attempting LinkedIn connection for Lululemon...
2026-05-25 15:15:12.795 | INFO     | __main__:check_messages_and_reply:70 - 🔗 Attempting LinkedIn connection for Hudson's Bay...
2026-05-25 15:15:26.784 | INFO     | __main__:run_cycle:83 - ✅ Cycle Complete. Waiting for next cycle.
2026-05-25 15:25:27.156 | INFO     | __main__:run_cycle:79 - 🔄 Starting Auto-Pilot Cycle...
2026-05-25 15:25:27.156 | INFO     | __main__:scan_for_upwork_jobs:29 - 🔍 [Auto-Pilot] Scanning Upwork for high-paying AI jobs...
2026-05-25 15:25:28.528 | INFO     | __main__:scan_for_upwork_jobs:31 - 📊 Found 0 new jobs to evaluate.
2026-05-25 15:25:28.528 | INFO     | __main__:evaluate_and_bid:38 - 💤 No new jobs to evaluate right now.
2026-05-25 15:25:28.528 | INFO     | __main__:check_messages_and_reply:54 - 💬 [Auto-Pilot] Checking for new leads in DB for WhatsApp outreach...
2026-05-25 15:25:36.154 | INFO     | agents.whatsapp_agent:_init_driver:65 - 📱 WhatsApp Browser Initialized.
2026-05-25 15:25:38.516 | INFO     | agents.whatsapp_agent:send_whatsapp_message:86 - ⏳ Waiting for WhatsApp Web to load for 9009334845650...
2026-05-25 15:26:23.649 | ERROR    | agents.whatsapp_agent:send_whatsapp_message:109 - ❌ Failed to send WhatsApp: Message: 
Stacktrace:
	chromedriver!GetHandleVerifier [0x7ff6ef247de5+14895]
	chromedriver!GetHandleVerifier [0x7ff6ef247e50+14900]
	chromedriver!(No symbol) [0x7ff6eefad5ad]
	chromedriver!(No symbol) [0x7ff6ef007822]
	chromedriver!(No symbol) [0x7ff6ef007b2c]
	chromedriver!(No symbol) [0x7ff6ef057d17]
	chromedriver!(No symbol) [0x7ff6ef05486f]
	chromedriver!(No symbol) [0x7ff6eeff9df8]
	chromedriver!(No symbol) [0x7ff6eefface3]
	chromedriver!GetHandleVerifier [0x7ff6ef55cc49+3296f9]
	chromedriver!GetHandleVerifier [0x7ff6ef557375+323e25]
	chromedriver!GetHandleVerifier [0x7ff6ef57bc82+348732]
	chromedriver!GetHandleVerifier [0x7ff6ef266045+32af5]
	chromedriver!GetHandleVerifier [0x7ff6ef26ecec+3b79c]
	chromedriver!GetHandleVerifier [0x7ff6ef251bc4+1e674]
	chromedriver!GetHandleVerifier [0x7ff6ef251d54+1e804]
	chromedriver!GetHandleVerifier [0x7ff6ef2360e7+2b97]
	KERNEL32!BaseThreadInitThunk [0x7ffa119de957+17]
	ntdll!RtlUserThreadStart [0x7ffa1262427c+2c]

2026-05-25 15:26:23.654 | INFO     | __main__:check_messages_and_reply:70 - 🔗 Attempting LinkedIn connection for Indigo...
2026-05-25 15:26:37.745 | INFO     | __main__:check_messages_and_reply:70 - 🔗 Attempting LinkedIn connection for Lululemon...
2026-05-25 15:26:52.012 | INFO     | __main__:check_messages_and_reply:70 - 🔗 Attempting LinkedIn connection for Hudson's Bay...
2026-05-25 15:27:06.151 | INFO     | __main__:run_cycle:83 - ✅ Cycle Complete. Waiting for next cycle.
2026-05-25 15:37:06.529 | INFO     | __main__:run_cycle:79 - 🔄 Starting Auto-Pilot Cycle...
2026-05-25 15:37:06.529 | INFO     | __main__:scan_for_upwork_jobs:29 - 🔍 [Auto-Pilot] Scanning Upwork for high-paying AI jobs...
2026-05-25 15:37:07.214 | INFO     | __main__:scan_for_upwork_jobs:31 - 📊 Found 0 new jobs to evaluate.
2026-05-25 15:37:07.214 | INFO     | __main__:evaluate_and_bid:38 - 💤 No new jobs to evaluate right now.
2026-05-25 15:37:07.214 | INFO     | __main__:check_messages_and_reply:54 - 💬 [Auto-Pilot] Checking for new leads in DB for WhatsApp outreach...
2026-05-25 15:37:14.473 | INFO     | agents.whatsapp_agent:_init_driver:65 - 📱 WhatsApp Browser Initialized.
2026-05-25 15:37:17.028 | INFO     | agents.whatsapp_agent:send_whatsapp_message:86 - ⏳ Waiting for WhatsApp Web to load for 9009334845650...
2026-05-25 15:38:02.239 | ERROR    | agents.whatsapp_agent:send_whatsapp_message:109 - ❌ Failed to send WhatsApp: Message: 
Stacktrace:
	chromedriver!GetHandleVerifier [0x7ff6ef247de5+14895]
	chromedriver!GetHandleVerifier [0x7ff6ef247e50+14900]
	chromedriver!(No symbol) [0x7ff6eefad5ad]
	chromedriver!(No symbol) [0x7ff6ef007822]
	chromedriver!(No symbol) [0x7ff6ef007b2c]
	chromedriver!(No symbol) [0x7ff6ef057d17]
	chromedriver!(No symbol) [0x7ff6ef05486f]
	chromedriver!(No symbol) [0x7ff6eeff9df8]
	chromedriver!(No symbol) [0x7ff6eefface3]
	chromedriver!GetHandleVerifier [0x7ff6ef55cc49+3296f9]
	chromedriver!GetHandleVerifier [0x7ff6ef557375+323e25]
	chromedriver!GetHandleVerifier [0x7ff6ef57bc82+348732]
	chromedriver!GetHandleVerifier [0x7ff6ef266045+32af5]
	chromedriver!GetHandleVerifier [0x7ff6ef26ecec+3b79c]
	chromedriver!GetHandleVerifier [0x7ff6ef251bc4+1e674]
	chromedriver!GetHandleVerifier [0x7ff6ef251d54+1e804]
	chromedriver!GetHandleVerifier [0x7ff6ef2360e7+2b97]
	KERNEL32!BaseThreadInitThunk [0x7ffa119de957+17]
	ntdll!RtlUserThreadStart [0x7ffa1262427c+2c]

2026-05-25 15:38:02.239 | INFO     | __main__:check_messages_and_reply:70 - 🔗 Attempting LinkedIn connection for Indigo...
2026-05-25 15:38:16.132 | INFO     | __main__:check_messages_and_reply:70 - 🔗 Attempting LinkedIn connection for Lululemon...
2026-05-25 15:38:30.489 | INFO     | __main__:check_messages_and_reply:70 - 🔗 Attempting LinkedIn connection for Hudson's Bay...
2026-05-25 15:38:44.818 | INFO     | __main__:run_cycle:83 - ✅ Cycle Complete. Waiting for next cycle.
2026-05-25 15:48:45.191 | INFO     | __main__:run_cycle:79 - 🔄 Starting Auto-Pilot Cycle...
2026-05-25 15:48:45.192 | INFO     | __main__:scan_for_upwork_jobs:29 - 🔍 [Auto-Pilot] Scanning Upwork for high-paying AI jobs...
2026-05-25 15:48:46.601 | INFO     | __main__:scan_for_upwork_jobs:31 - 📊 Found 0 new jobs to evaluate.
2026-05-25 15:48:46.601 | INFO     | __main__:evaluate_and_bid:38 - 💤 No new jobs to evaluate right now.
2026-05-25 15:48:46.601 | INFO     | __main__:check_messages_and_reply:54 - 💬 [Auto-Pilot] Checking for new leads in DB for WhatsApp outreach...
2026-05-25 15:48:54.168 | INFO     | agents.whatsapp_agent:_init_driver:65 - 📱 WhatsApp Browser Initialized.
2026-05-25 15:48:56.788 | INFO     | agents.whatsapp_agent:send_whatsapp_message:86 - ⏳ Waiting for WhatsApp Web to load for 9009334845650...
2026-05-25 15:49:42.097 | ERROR    | agents.whatsapp_agent:send_whatsapp_message:109 - ❌ Failed to send WhatsApp: Message: 
Stacktrace:
	chromedriver!GetHandleVerifier [0x7ff6ef247de5+14895]
	chromedriver!GetHandleVerifier [0x7ff6ef247e50+14900]
	chromedriver!(No symbol) [0x7ff6eefad5ad]
	chromedriver!(No symbol) [0x7ff6ef007822]
	chromedriver!(No symbol) [0x7ff6ef007b2c]
	chromedriver!(No symbol) [0x7ff6ef057d17]
	chromedriver!(No symbol) [0x7ff6ef05486f]
	chromedriver!(No symbol) [0x7ff6eeff9df8]
	chromedriver!(No symbol) [0x7ff6eefface3]
	chromedriver!GetHandleVerifier [0x7ff6ef55cc49+3296f9]
	chromedriver!GetHandleVerifier [0x7ff6ef557375+323e25]
	chromedriver!GetHandleVerifier [0x7ff6ef57bc82+348732]
	chromedriver!GetHandleVerifier [0x7ff6ef266045+32af5]
	chromedriver!GetHandleVerifier [0x7ff6ef26ecec+3b79c]
	chromedriver!GetHandleVerifier [0x7ff6ef251bc4+1e674]
	chromedriver!GetHandleVerifier [0x7ff6ef251d54+1e804]
	chromedriver!GetHandleVerifier [0x7ff6ef2360e7+2b97]
	KERNEL32!BaseThreadInitThunk [0x7ffa119de957+17]
	ntdll!RtlUserThreadStart [0x7ffa1262427c+2c]

2026-05-25 15:49:42.097 | INFO     | __main__:check_messages_and_reply:70 - 🔗 Attempting LinkedIn connection for Indigo...
2026-05-25 15:49:56.319 | INFO     | __main__:check_messages_and_reply:70 - 🔗 Attempting LinkedIn connection for Lululemon...
2026-05-25 15:50:10.122 | INFO     | __main__:check_messages_and_reply:70 - 🔗 Attempting LinkedIn connection for Hudson's Bay...
2026-05-25 15:50:24.426 | INFO     | __main__:run_cycle:83 - ✅ Cycle Complete. Waiting for next cycle.
2026-05-25 22:39:01.802 | INFO     | __main__:run_cycle:79 - 🔄 Starting Auto-Pilot Cycle...
2026-05-25 22:39:02.209 | INFO     | __main__:scan_for_upwork_jobs:29 - 🔍 [Auto-Pilot] Scanning Upwork for high-paying AI jobs...
2026-05-25 22:39:02.627 | INFO     | __main__:scan_for_upwork_jobs:31 - 📊 Found 0 new jobs to evaluate.
2026-05-25 22:39:02.663 | INFO     | __main__:evaluate_and_bid:38 - 💤 No new jobs to evaluate right now.
2026-05-25 22:39:02.700 | INFO     | __main__:check_messages_and_reply:54 - 💬 [Auto-Pilot] Checking for new leads in DB for WhatsApp outreach...
2026-05-25 22:41:38.190 | INFO     | agents.whatsapp_agent:_init_driver:65 - 📱 WhatsApp Browser Initialized.
2026-05-25 22:42:20.805 | INFO     | agents.whatsapp_agent:send_whatsapp_message:86 - ⏳ Waiting for WhatsApp Web to load for 9009334845650...
2026-05-25 22:43:05.851 | ERROR    | agents.whatsapp_agent:send_whatsapp_message:109 - ❌ Failed to send WhatsApp: Message: 
Stacktrace:
	chromedriver!GetHandleVerifier [0x7ff6ef247de5+14895]
	chromedriver!GetHandleVerifier [0x7ff6ef247e50+14900]
	chromedriver!(No symbol) [0x7ff6eefad5ad]
	chromedriver!(No symbol) [0x7ff6ef007822]
	chromedriver!(No symbol) [0x7ff6ef007b2c]
	chromedriver!(No symbol) [0x7ff6ef057d17]
	chromedriver!(No symbol) [0x7ff6ef05486f]
	chromedriver!(No symbol) [0x7ff6eeff9df8]
	chromedriver!(No symbol) [0x7ff6eefface3]
	chromedriver!GetHandleVerifier [0x7ff6ef55cc49+3296f9]
	chromedriver!GetHandleVerifier [0x7ff6ef557375+323e25]
	chromedriver!GetHandleVerifier [0x7ff6ef57bc82+348732]
	chromedriver!GetHandleVerifier [0x7ff6ef266045+32af5]
	chromedriver!GetHandleVerifier [0x7ff6ef26ecec+3b79c]
	chromedriver!GetHandleVerifier [0x7ff6ef251bc4+1e674]
	chromedriver!GetHandleVerifier [0x7ff6ef251d54+1e804]
	chromedriver!GetHandleVerifier [0x7ff6ef2360e7+2b97]
	KERNEL32!BaseThreadInitThunk [0x7ffa119de957+17]
	ntdll!RtlUserThreadStart [0x7ffa1262427c+2c]

2026-05-25 22:43:05.851 | INFO     | __main__:check_messages_and_reply:70 - 🔗 Attempting LinkedIn connection for Indigo...
2026-05-25 22:43:05.952 | INFO     | __main__:check_messages_and_reply:70 - 🔗 Attempting LinkedIn connection for Lululemon...
2026-05-25 22:43:06.163 | INFO     | __main__:check_messages_and_reply:70 - 🔗 Attempting LinkedIn connection for Hudson's Bay...
2026-05-25 22:43:06.168 | INFO     | __main__:run_cycle:83 - ✅ Cycle Complete. Waiting for next cycle.
2026-05-25 22:53:06.477 | INFO     | __main__:run_cycle:79 - 🔄 Starting Auto-Pilot Cycle...
2026-05-25 22:53:06.477 | INFO     | __main__:scan_for_upwork_jobs:29 - 🔍 [Auto-Pilot] Scanning Upwork for high-paying AI jobs...
2026-05-25 22:53:08.569 | INFO     | __main__:scan_for_upwork_jobs:31 - 📊 Found 0 new jobs to evaluate.
2026-05-25 22:53:08.569 | INFO     | __main__:evaluate_and_bid:38 - 💤 No new jobs to evaluate right now.
2026-05-25 22:53:08.569 | INFO     | __main__:check_messages_and_reply:54 - 💬 [Auto-Pilot] Checking for new leads in DB for WhatsApp outreach...
2026-05-25 22:53:13.028 | INFO     | agents.whatsapp_agent:_init_driver:65 - 📱 WhatsApp Browser Initialized.
2026-05-25 22:53:14.081 | INFO     | agents.whatsapp_agent:send_whatsapp_message:86 - ⏳ Waiting for WhatsApp Web to load for 9009334845650...
2026-05-25 22:53:59.350 | ERROR    | agents.whatsapp_agent:send_whatsapp_message:109 - ❌ Failed to send WhatsApp: Message: 
Stacktrace:
	chromedriver!GetHandleVerifier [0x7ff6ef247de5+14895]
	chromedriver!GetHandleVerifier [0x7ff6ef247e50+14900]
	chromedriver!(No symbol) [0x7ff6eefad5ad]
	chromedriver!(No symbol) [0x7ff6ef007822]
	chromedriver!(No symbol) [0x7ff6ef007b2c]
	chromedriver!(No symbol) [0x7ff6ef057d17]
	chromedriver!(No symbol) [0x7ff6ef05486f]
	chromedriver!(No symbol) [0x7ff6eeff9df8]
	chromedriver!(No symbol) [0x7ff6eefface3]
	chromedriver!GetHandleVerifier [0x7ff6ef55cc49+3296f9]
	chromedriver!GetHandleVerifier [0x7ff6ef557375+323e25]
	chromedriver!GetHandleVerifier [0x7ff6ef57bc82+348732]
	chromedriver!GetHandleVerifier [0x7ff6ef266045+32af5]
	chromedriver!GetHandleVerifier [0x7ff6ef26ecec+3b79c]
	chromedriver!GetHandleVerifier [0x7ff6ef251bc4+1e674]
	chromedriver!GetHandleVerifier [0x7ff6ef251d54+1e804]
	chromedriver!GetHandleVerifier [0x7ff6ef2360e7+2b97]
	KERNEL32!BaseThreadInitThunk [0x7ffa119de957+17]
	ntdll!RtlUserThreadStart [0x7ffa1262427c+2c]

2026-05-25 22:53:59.356 | INFO     | __main__:check_messages_and_reply:70 - 🔗 Attempting LinkedIn connection for Indigo...
2026-05-25 22:53:59.360 | INFO     | __main__:check_messages_and_reply:70 - 🔗 Attempting LinkedIn connection for Lululemon...
2026-05-25 22:53:59.363 | INFO     | __main__:check_messages_and_reply:70 - 🔗 Attempting LinkedIn connection for Hudson's Bay...
2026-05-25 22:53:59.369 | INFO     | __main__:run_cycle:83 - ✅ Cycle Complete. Waiting for next cycle.
2026-05-25 23:03:59.747 | INFO     | __main__:run_cycle:79 - 🔄 Starting Auto-Pilot Cycle...
2026-05-25 23:03:59.748 | INFO     | __main__:scan_for_upwork_jobs:29 - 🔍 [Auto-Pilot] Scanning Upwork for high-paying AI jobs...
2026-05-25 23:04:00.764 | INFO     | __main__:scan_for_upwork_jobs:31 - 📊 Found 0 new jobs to evaluate.
2026-05-25 23:04:00.764 | INFO     | __main__:evaluate_and_bid:38 - 💤 No new jobs to evaluate right now.
2026-05-25 23:04:00.764 | INFO     | __main__:check_messages_and_reply:54 - 💬 [Auto-Pilot] Checking for new leads in DB for WhatsApp outreach...
2026-05-25 23:04:05.451 | INFO     | agents.whatsapp_agent:_init_driver:65 - 📱 WhatsApp Browser Initialized.
2026-05-25 23:04:18.406 | INFO     | agents.whatsapp_agent:send_whatsapp_message:86 - ⏳ Waiting for WhatsApp Web to load for 9009334845650...
2026-05-25 23:04:30.321 | ERROR    | agents.whatsapp_agent:send_whatsapp_message:109 - ❌ Failed to send WhatsApp: Message: invalid session id: session deleted as the browser has closed the connection
from disconnected: not connected to DevTools
  (Session info: chrome=148.0.7778.179); For documentation on this error, please visit: https://www.selenium.dev/documentation/webdriver/troubleshooting/errors#invalidsessionidexception
Stacktrace:
	chromedriver!GetHandleVerifier [0x7ff6ef247de5+14895]
	chromedriver!GetHandleVerifier [0x7ff6ef247e50+14900]
	chromedriver!(No symbol) [0x7ff6eefad5ad]
	chromedriver!(No symbol) [0x7ff6eef98a92]
	chromedriver!(No symbol) [0x7ff6eefbee6c]
	chromedriver!(No symbol) [0x7ff6ef0371b0]
	chromedriver!(No symbol) [0x7ff6ef054172]
	chromedriver!(No symbol) [0x7ff6eeff9df8]
	chromedriver!(No symbol) [0x7ff6eefface3]
	chromedriver!GetHandleVerifier [0x7ff6ef55cc49+3296f9]
	chromedriver!GetHandleVerifier [0x7ff6ef557375+323e25]
	chromedriver!GetHandleVerifier [0x7ff6ef57bc82+348732]
	chromedriver!GetHandleVerifier [0x7ff6ef266045+32af5]
	chromedriver!GetHandleVerifier [0x7ff6ef26ecec+3b79c]
	chromedriver!GetHandleVerifier [0x7ff6ef251bc4+1e674]
	chromedriver!GetHandleVerifier [0x7ff6ef251d54+1e804]
	chromedriver!GetHandleVerifier [0x7ff6ef2360e7+2b97]
	KERNEL32!BaseThreadInitThunk [0x7ffa119de957+17]
	ntdll!RtlUserThreadStart [0x7ffa1262427c+2c]

2026-05-25 23:04:30.321 | INFO     | __main__:check_messages_and_reply:70 - 🔗 Attempting LinkedIn connection for Indigo...
2026-05-25 23:04:30.325 | INFO     | __main__:check_messages_and_reply:70 - 🔗 Attempting LinkedIn connection for Lululemon...
2026-05-25 23:04:30.330 | INFO     | __main__:check_messages_and_reply:70 - 🔗 Attempting LinkedIn connection for Hudson's Bay...
2026-05-25 23:04:30.336 | INFO     | __main__:run_cycle:83 - ✅ Cycle Complete. Waiting for next cycle.
2026-05-25 23:14:30.675 | INFO     | __main__:run_cycle:79 - 🔄 Starting Auto-Pilot Cycle...
2026-05-25 23:14:30.675 | INFO     | __main__:scan_for_upwork_jobs:29 - 🔍 [Auto-Pilot] Scanning Upwork for high-paying AI jobs...
2026-05-25 23:14:30.898 | INFO     | __main__:scan_for_upwork_jobs:31 - 📊 Found 0 new jobs to evaluate.
2026-05-25 23:14:30.898 | INFO     | __main__:evaluate_and_bid:38 - 💤 No new jobs to evaluate right now.
2026-05-25 23:14:30.898 | INFO     | __main__:check_messages_and_reply:54 - 💬 [Auto-Pilot] Checking for new leads in DB for WhatsApp outreach...
2026-05-25 23:14:35.267 | INFO     | agents.whatsapp_agent:_init_driver:65 - 📱 WhatsApp Browser Initialized.
2026-05-25 23:14:36.204 | INFO     | agents.whatsapp_agent:send_whatsapp_message:86 - ⏳ Waiting for WhatsApp Web to load for 9009334845650...
2026-05-25 23:15:21.601 | ERROR    | agents.whatsapp_agent:send_whatsapp_message:109 - ❌ Failed to send WhatsApp: Message: 
Stacktrace:
	chromedriver!GetHandleVerifier [0x7ff6ef247de5+14895]
	chromedriver!GetHandleVerifier [0x7ff6ef247e50+14900]
	chromedriver!(No symbol) [0x7ff6eefad5ad]
	chromedriver!(No symbol) [0x7ff6ef007822]
	chromedriver!(No symbol) [0x7ff6ef007b2c]
	chromedriver!(No symbol) [0x7ff6ef057d17]
	chromedriver!(No symbol) [0x7ff6ef05486f]
	chromedriver!(No symbol) [0x7ff6eeff9df8]
	chromedriver!(No symbol) [0x7ff6eefface3]
	chromedriver!GetHandleVerifier [0x7ff6ef55cc49+3296f9]
	chromedriver!GetHandleVerifier [0x7ff6ef557375+323e25]
	chromedriver!GetHandleVerifier [0x7ff6ef57bc82+348732]
	chromedriver!GetHandleVerifier [0x7ff6ef266045+32af5]
	chromedriver!GetHandleVerifier [0x7ff6ef26ecec+3b79c]
	chromedriver!GetHandleVerifier [0x7ff6ef251bc4+1e674]
	chromedriver!GetHandleVerifier [0x7ff6ef251d54+1e804]
	chromedriver!GetHandleVerifier [0x7ff6ef2360e7+2b97]
	KERNEL32!BaseThreadInitThunk [0x7ffa119de957+17]
	ntdll!RtlUserThreadStart [0x7ffa1262427c+2c]

2026-05-25 23:15:21.603 | INFO     | __main__:check_messages_and_reply:70 - 🔗 Attempting LinkedIn connection for Indigo...
2026-05-25 23:15:21.607 | INFO     | __main__:check_messages_and_reply:70 - 🔗 Attempting LinkedIn connection for Lululemon...
2026-05-25 23:15:21.609 | INFO     | __main__:check_messages_and_reply:70 - 🔗 Attempting LinkedIn connection for Hudson's Bay...
2026-05-25 23:15:21.616 | INFO     | __main__:run_cycle:83 - ✅ Cycle Complete. Waiting for next cycle.
2026-05-25 23:25:21.887 | INFO     | __main__:run_cycle:79 - 🔄 Starting Auto-Pilot Cycle...
2026-05-25 23:25:21.888 | INFO     | __main__:scan_for_upwork_jobs:29 - 🔍 [Auto-Pilot] Scanning Upwork for high-paying AI jobs...
2026-05-25 23:25:25.632 | INFO     | __main__:scan_for_upwork_jobs:31 - 📊 Found 0 new jobs to evaluate.
2026-05-25 23:25:25.632 | INFO     | __main__:evaluate_and_bid:38 - 💤 No new jobs to evaluate right now.
2026-05-25 23:25:25.632 | INFO     | __main__:check_messages_and_reply:54 - 💬 [Auto-Pilot] Checking for new leads in DB for WhatsApp outreach...
2026-05-25 23:25:30.046 | INFO     | agents.whatsapp_agent:_init_driver:65 - 📱 WhatsApp Browser Initialized.
2026-05-25 23:25:37.130 | INFO     | agents.whatsapp_agent:send_whatsapp_message:86 - ⏳ Waiting for WhatsApp Web to load for 9009334845650...
2026-05-25 23:26:22.495 | ERROR    | agents.whatsapp_agent:send_whatsapp_message:109 - ❌ Failed to send WhatsApp: Message: 
Stacktrace:
	chromedriver!GetHandleVerifier [0x7ff6ef247de5+14895]
	chromedriver!GetHandleVerifier [0x7ff6ef247e50+14900]
	chromedriver!(No symbol) [0x7ff6eefad5ad]
	chromedriver!(No symbol) [0x7ff6ef007822]
	chromedriver!(No symbol) [0x7ff6ef007b2c]
	chromedriver!(No symbol) [0x7ff6ef057d17]
	chromedriver!(No symbol) [0x7ff6ef05486f]
	chromedriver!(No symbol) [0x7ff6eeff9df8]
	chromedriver!(No symbol) [0x7ff6eefface3]
	chromedriver!GetHandleVerifier [0x7ff6ef55cc49+3296f9]
	chromedriver!GetHandleVerifier [0x7ff6ef557375+323e25]
	chromedriver!GetHandleVerifier [0x7ff6ef57bc82+348732]
	chromedriver!GetHandleVerifier [0x7ff6ef266045+32af5]
	chromedriver!GetHandleVerifier [0x7ff6ef26ecec+3b79c]
	chromedriver!GetHandleVerifier [0x7ff6ef251bc4+1e674]
	chromedriver!GetHandleVerifier [0x7ff6ef251d54+1e804]
	chromedriver!GetHandleVerifier [0x7ff6ef2360e7+2b97]
	KERNEL32!BaseThreadInitThunk [0x7ffa119de957+17]
	ntdll!RtlUserThreadStart [0x7ffa1262427c+2c]

2026-05-25 23:26:22.495 | INFO     | __main__:check_messages_and_reply:70 - 🔗 Attempting LinkedIn connection for Indigo...
2026-05-25 23:26:22.500 | INFO     | __main__:check_messages_and_reply:70 - 🔗 Attempting LinkedIn connection for Lululemon...
2026-05-25 23:26:22.503 | INFO     | __main__:check_messages_and_reply:70 - 🔗 Attempting LinkedIn connection for Hudson's Bay...
2026-05-25 23:26:22.515 | INFO     | __main__:run_cycle:83 - ✅ Cycle Complete. Waiting for next cycle.
2026-05-25 23:36:22.825 | INFO     | __main__:run_cycle:79 - 🔄 Starting Auto-Pilot Cycle...
2026-05-25 23:36:22.825 | INFO     | __main__:scan_for_upwork_jobs:29 - 🔍 [Auto-Pilot] Scanning Upwork for high-paying AI jobs...
2026-05-25 23:36:26.371 | INFO     | __main__:scan_for_upwork_jobs:31 - 📊 Found 0 new jobs to evaluate.
2026-05-25 23:36:26.372 | INFO     | __main__:evaluate_and_bid:38 - 💤 No new jobs to evaluate right now.
2026-05-25 23:36:26.373 | INFO     | __main__:check_messages_and_reply:54 - 💬 [Auto-Pilot] Checking for new leads in DB for WhatsApp outreach...
2026-05-25 23:37:04.262 | INFO     | agents.whatsapp_agent:_init_driver:65 - 📱 WhatsApp Browser Initialized.
2026-05-25 23:37:09.080 | INFO     | agents.whatsapp_agent:send_whatsapp_message:86 - ⏳ Waiting for WhatsApp Web to load for 9009334845650...
2026-05-25 23:37:54.130 | ERROR    | agents.whatsapp_agent:send_whatsapp_message:109 - ❌ Failed to send WhatsApp: Message: 
Stacktrace:
	chromedriver!GetHandleVerifier [0x7ff6ef247de5+14895]
	chromedriver!GetHandleVerifier [0x7ff6ef247e50+14900]
	chromedriver!(No symbol) [0x7ff6eefad5ad]
	chromedriver!(No symbol) [0x7ff6ef007822]
	chromedriver!(No symbol) [0x7ff6ef007b2c]
	chromedriver!(No symbol) [0x7ff6ef057d17]
	chromedriver!(No symbol) [0x7ff6ef05486f]
	chromedriver!(No symbol) [0x7ff6eeff9df8]
	chromedriver!(No symbol) [0x7ff6eefface3]
	chromedriver!GetHandleVerifier [0x7ff6ef55cc49+3296f9]
	chromedriver!GetHandleVerifier [0x7ff6ef557375+323e25]
	chromedriver!GetHandleVerifier [0x7ff6ef57bc82+348732]
	chromedriver!GetHandleVerifier [0x7ff6ef266045+32af5]
	chromedriver!GetHandleVerifier [0x7ff6ef26ecec+3b79c]
	chromedriver!GetHandleVerifier [0x7ff6ef251bc4+1e674]
	chromedriver!GetHandleVerifier [0x7ff6ef251d54+1e804]
	chromedriver!GetHandleVerifier [0x7ff6ef2360e7+2b97]
	KERNEL32!BaseThreadInitThunk [0x7ffa119de957+17]
	ntdll!RtlUserThreadStart [0x7ffa1262427c+2c]

2026-05-25 23:37:54.130 | INFO     | __main__:check_messages_and_reply:70 - 🔗 Attempting LinkedIn connection for Indigo...
2026-05-25 23:37:54.142 | INFO     | __main__:check_messages_and_reply:70 - 🔗 Attempting LinkedIn connection for Lululemon...
2026-05-25 23:37:54.147 | INFO     | __main__:check_messages_and_reply:70 - 🔗 Attempting LinkedIn connection for Hudson's Bay...
2026-05-25 23:37:54.156 | INFO     | __main__:run_cycle:83 - ✅ Cycle Complete. Waiting for next cycle.
2026-05-27 18:18:42.607 | INFO     | __main__:__init__:23 - 🤖 Auto-Pilot System Initialized. AI is ready to take over.
2026-05-27 18:18:42.607 | SUCCESS  | __main__:start_24_7_operation:90 - 🚀 100% AUTO-PILOT MODE ACTIVATED. You can go sleep now!
2026-05-27 18:18:42.607 | INFO     | __main__:run_cycle:79 - 🔄 Starting Auto-Pilot Cycle...
2026-05-27 18:18:42.607 | INFO     | __main__:scan_for_upwork_jobs:29 - 🔍 [Auto-Pilot] Scanning Upwork for high-paying AI jobs...
2026-05-27 18:18:45.017 | INFO     | __main__:scan_for_upwork_jobs:31 - 📊 Found 0 new jobs to evaluate.
2026-05-27 18:18:45.017 | INFO     | __main__:evaluate_and_bid:38 - 💤 No new jobs to evaluate right now.
2026-05-27 18:18:45.017 | INFO     | __main__:check_messages_and_reply:54 - 💬 [Auto-Pilot] Checking for new leads in DB for WhatsApp outreach...
2026-05-27 18:21:00.405 | INFO     | agents.whatsapp_agent:_init_driver:65 - 📱 WhatsApp Browser Initialized.
2026-05-27 18:21:42.323 | INFO     | agents.whatsapp_agent:send_whatsapp_message:86 - ⏳ Waiting for WhatsApp Web to load for 9009334845650...
2026-05-27 18:22:00.486 | ERROR    | agents.whatsapp_agent:send_whatsapp_message:109 - ❌ Failed to send WhatsApp: Message: invalid session id: session deleted as the browser has closed the connection
from disconnected: not connected to DevTools
  (Session info: chrome=148.0.7778.179); For documentation on this error, please visit: https://www.selenium.dev/documentation/webdriver/troubleshooting/errors#invalidsessionidexception
Stacktrace:
	chromedriver!GetHandleVerifier [0x7ff6d1f47de5+14895]
	chromedriver!GetHandleVerifier [0x7ff6d1f47e50+14900]
	chromedriver!(No symbol) [0x7ff6d1cad5ad]
	chromedriver!(No symbol) [0x7ff6d1c98a92]
	chromedriver!(No symbol) [0x7ff6d1cbee6c]
	chromedriver!(No symbol) [0x7ff6d1d371b0]
	chromedriver!(No symbol) [0x7ff6d1d54172]
	chromedriver!(No symbol) [0x7ff6d1cf9df8]
	chromedriver!(No symbol) [0x7ff6d1cface3]
	chromedriver!GetHandleVerifier [0x7ff6d225cc49+3296f9]
	chromedriver!GetHandleVerifier [0x7ff6d2257375+323e25]
	chromedriver!GetHandleVerifier [0x7ff6d227bc82+348732]
	chromedriver!GetHandleVerifier [0x7ff6d1f66045+32af5]
	chromedriver!GetHandleVerifier [0x7ff6d1f6ecec+3b79c]
	chromedriver!GetHandleVerifier [0x7ff6d1f51bc4+1e674]
	chromedriver!GetHandleVerifier [0x7ff6d1f51d54+1e804]
	chromedriver!GetHandleVerifier [0x7ff6d1f360e7+2b97]
	KERNEL32!BaseThreadInitThunk [0x7ffa119de957+17]
	ntdll!RtlUserThreadStart [0x7ffa1262427c+2c]

2026-05-27 18:22:00.495 | INFO     | __main__:check_messages_and_reply:70 - 🔗 Attempting LinkedIn connection for Indigo...
2026-05-27 18:22:09.752 | INFO     | __main__:check_messages_and_reply:70 - 🔗 Attempting LinkedIn connection for Lululemon...
2026-05-27 18:23:23.497 | INFO     | __main__:check_messages_and_reply:70 - 🔗 Attempting LinkedIn connection for Hudson's Bay...
2026-05-27 18:23:54.388 | INFO     | __main__:run_cycle:83 - ✅ Cycle Complete. Waiting for next cycle.
2026-05-27 18:28:43.535 | INFO     | __main__:run_cycle:79 - 🔄 Starting Auto-Pilot Cycle...
2026-05-27 18:28:43.536 | INFO     | __main__:scan_for_upwork_jobs:29 - 🔍 [Auto-Pilot] Scanning Upwork for high-paying AI jobs...
2026-05-27 18:28:45.273 | INFO     | __main__:scan_for_upwork_jobs:31 - 📊 Found 0 new jobs to evaluate.
2026-05-27 18:28:45.274 | INFO     | __main__:evaluate_and_bid:38 - 💤 No new jobs to evaluate right now.
2026-05-27 18:28:45.274 | INFO     | __main__:check_messages_and_reply:54 - 💬 [Auto-Pilot] Checking for new leads in DB for WhatsApp outreach...
2026-05-27 18:28:58.550 | INFO     | agents.whatsapp_agent:_init_driver:65 - 📱 WhatsApp Browser Initialized.
2026-05-27 18:29:01.711 | INFO     | agents.whatsapp_agent:send_whatsapp_message:86 - ⏳ Waiting for WhatsApp Web to load for 9009334845650...
2026-05-27 18:29:47.055 | ERROR    | agents.whatsapp_agent:send_whatsapp_message:109 - ❌ Failed to send WhatsApp: Message: 
Stacktrace:
	chromedriver!GetHandleVerifier [0x7ff6d1f47de5+14895]
	chromedriver!GetHandleVerifier [0x7ff6d1f47e50+14900]
	chromedriver!(No symbol) [0x7ff6d1cad5ad]
	chromedriver!(No symbol) [0x7ff6d1d07822]
	chromedriver!(No symbol) [0x7ff6d1d07b2c]
	chromedriver!(No symbol) [0x7ff6d1d57d17]
	chromedriver!(No symbol) [0x7ff6d1d5486f]
	chromedriver!(No symbol) [0x7ff6d1cf9df8]
	chromedriver!(No symbol) [0x7ff6d1cface3]
	chromedriver!GetHandleVerifier [0x7ff6d225cc49+3296f9]
	chromedriver!GetHandleVerifier [0x7ff6d2257375+323e25]
	chromedriver!GetHandleVerifier [0x7ff6d227bc82+348732]
	chromedriver!GetHandleVerifier [0x7ff6d1f66045+32af5]
	chromedriver!GetHandleVerifier [0x7ff6d1f6ecec+3b79c]
	chromedriver!GetHandleVerifier [0x7ff6d1f51bc4+1e674]
	chromedriver!GetHandleVerifier [0x7ff6d1f51d54+1e804]
	chromedriver!GetHandleVerifier [0x7ff6d1f360e7+2b97]
	KERNEL32!BaseThreadInitThunk [0x7ffa119de957+17]
	ntdll!RtlUserThreadStart [0x7ffa1262427c+2c]

2026-05-27 18:29:47.055 | INFO     | __main__:check_messages_and_reply:70 - 🔗 Attempting LinkedIn connection for Indigo...
2026-05-27 18:30:01.783 | INFO     | __main__:check_messages_and_reply:70 - 🔗 Attempting LinkedIn connection for Lululemon...
2026-05-27 18:30:18.923 | INFO     | __main__:check_messages_and_reply:70 - 🔗 Attempting LinkedIn connection for Hudson's Bay...
2026-05-27 18:30:48.898 | INFO     | __main__:run_cycle:83 - ✅ Cycle Complete. Waiting for next cycle.
2026-05-27 18:40:49.231 | INFO     | __main__:run_cycle:79 - 🔄 Starting Auto-Pilot Cycle...
2026-05-27 18:40:49.231 | INFO     | __main__:scan_for_upwork_jobs:29 - 🔍 [Auto-Pilot] Scanning Upwork for high-paying AI jobs...
2026-05-27 18:40:49.667 | INFO     | __main__:scan_for_upwork_jobs:31 - 📊 Found 0 new jobs to evaluate.
2026-05-27 18:40:49.668 | INFO     | __main__:evaluate_and_bid:38 - 💤 No new jobs to evaluate right now.
2026-05-27 18:40:49.668 | INFO     | __main__:check_messages_and_reply:54 - 💬 [Auto-Pilot] Checking for new leads in DB for WhatsApp outreach...
2026-05-27 18:40:53.852 | INFO     | agents.whatsapp_agent:_init_driver:65 - 📱 WhatsApp Browser Initialized.
2026-05-27 18:40:56.227 | INFO     | agents.whatsapp_agent:send_whatsapp_message:86 - ⏳ Waiting for WhatsApp Web to load for 9009334845650...
2026-05-27 18:41:41.303 | ERROR    | agents.whatsapp_agent:send_whatsapp_message:109 - ❌ Failed to send WhatsApp: Message: 
Stacktrace:
	chromedriver!GetHandleVerifier [0x7ff6d1f47de5+14895]
	chromedriver!GetHandleVerifier [0x7ff6d1f47e50+14900]
	chromedriver!(No symbol) [0x7ff6d1cad5ad]
	chromedriver!(No symbol) [0x7ff6d1d07822]
	chromedriver!(No symbol) [0x7ff6d1d07b2c]
	chromedriver!(No symbol) [0x7ff6d1d57d17]
	chromedriver!(No symbol) [0x7ff6d1d5486f]
	chromedriver!(No symbol) [0x7ff6d1cf9df8]
	chromedriver!(No symbol) [0x7ff6d1cface3]
	chromedriver!GetHandleVerifier [0x7ff6d225cc49+3296f9]
	chromedriver!GetHandleVerifier [0x7ff6d2257375+323e25]
	chromedriver!GetHandleVerifier [0x7ff6d227bc82+348732]
	chromedriver!GetHandleVerifier [0x7ff6d1f66045+32af5]
	chromedriver!GetHandleVerifier [0x7ff6d1f6ecec+3b79c]
	chromedriver!GetHandleVerifier [0x7ff6d1f51bc4+1e674]
	chromedriver!GetHandleVerifier [0x7ff6d1f51d54+1e804]
	chromedriver!GetHandleVerifier [0x7ff6d1f360e7+2b97]
	KERNEL32!BaseThreadInitThunk [0x7ffa119de957+17]
	ntdll!RtlUserThreadStart [0x7ffa1262427c+2c]

2026-05-27 18:41:41.303 | INFO     | __main__:check_messages_and_reply:70 - 🔗 Attempting LinkedIn connection for Indigo...
2026-05-27 18:41:55.413 | INFO     | __main__:check_messages_and_reply:70 - 🔗 Attempting LinkedIn connection for Lululemon...
2026-05-27 18:42:11.152 | INFO     | __main__:check_messages_and_reply:70 - 🔗 Attempting LinkedIn connection for Hudson's Bay...
2026-05-27 18:42:24.793 | INFO     | __main__:run_cycle:83 - ✅ Cycle Complete. Waiting for next cycle.
2026-05-27 18:52:25.117 | INFO     | __main__:run_cycle:79 - 🔄 Starting Auto-Pilot Cycle...
2026-05-27 18:52:25.118 | INFO     | __main__:scan_for_upwork_jobs:29 - 🔍 [Auto-Pilot] Scanning Upwork for high-paying AI jobs...
2026-05-27 18:52:25.730 | INFO     | __main__:scan_for_upwork_jobs:31 - 📊 Found 0 new jobs to evaluate.
2026-05-27 18:52:25.731 | INFO     | __main__:evaluate_and_bid:38 - 💤 No new jobs to evaluate right now.
2026-05-27 18:52:25.731 | INFO     | __main__:check_messages_and_reply:54 - 💬 [Auto-Pilot] Checking for new leads in DB for WhatsApp outreach...
2026-05-27 18:52:30.594 | INFO     | agents.whatsapp_agent:_init_driver:65 - 📱 WhatsApp Browser Initialized.
2026-05-27 18:52:31.852 | INFO     | agents.whatsapp_agent:send_whatsapp_message:86 - ⏳ Waiting for WhatsApp Web to load for 9009334845650...
2026-05-27 18:53:16.884 | ERROR    | agents.whatsapp_agent:send_whatsapp_message:109 - ❌ Failed to send WhatsApp: Message: 
Stacktrace:
	chromedriver!GetHandleVerifier [0x7ff6d1f47de5+14895]
	chromedriver!GetHandleVerifier [0x7ff6d1f47e50+14900]
	chromedriver!(No symbol) [0x7ff6d1cad5ad]
	chromedriver!(No symbol) [0x7ff6d1d07822]
	chromedriver!(No symbol) [0x7ff6d1d07b2c]
	chromedriver!(No symbol) [0x7ff6d1d57d17]
	chromedriver!(No symbol) [0x7ff6d1d5486f]
	chromedriver!(No symbol) [0x7ff6d1cf9df8]
	chromedriver!(No symbol) [0x7ff6d1cface3]
	chromedriver!GetHandleVerifier [0x7ff6d225cc49+3296f9]
	chromedriver!GetHandleVerifier [0x7ff6d2257375+323e25]
	chromedriver!GetHandleVerifier [0x7ff6d227bc82+348732]
	chromedriver!GetHandleVerifier [0x7ff6d1f66045+32af5]
	chromedriver!GetHandleVerifier [0x7ff6d1f6ecec+3b79c]
	chromedriver!GetHandleVerifier [0x7ff6d1f51bc4+1e674]
	chromedriver!GetHandleVerifier [0x7ff6d1f51d54+1e804]
	chromedriver!GetHandleVerifier [0x7ff6d1f360e7+2b97]
	KERNEL32!BaseThreadInitThunk [0x7ffa119de957+17]
	ntdll!RtlUserThreadStart [0x7ffa1262427c+2c]

2026-05-27 18:53:16.884 | INFO     | __main__:check_messages_and_reply:70 - 🔗 Attempting LinkedIn connection for Indigo...
2026-05-27 18:53:31.553 | INFO     | __main__:check_messages_and_reply:70 - 🔗 Attempting LinkedIn connection for Lululemon...
2026-05-27 18:53:44.924 | INFO     | __main__:check_messages_and_reply:70 - 🔗 Attempting LinkedIn connection for Hudson's Bay...
2026-05-27 18:53:58.595 | INFO     | __main__:run_cycle:83 - ✅ Cycle Complete. Waiting for next cycle.
2026-05-27 19:00:16.984 | INFO     | __main__:__init__:23 - 🤖 Auto-Pilot System Initialized. AI is ready to take over.
2026-05-27 19:00:16.984 | SUCCESS  | __main__:start_24_7_operation:90 - 🚀 100% AUTO-PILOT MODE ACTIVATED. You can go sleep now!
2026-05-27 19:00:16.984 | INFO     | __main__:run_cycle:79 - 🔄 Starting Auto-Pilot Cycle...
2026-05-27 19:00:16.984 | INFO     | __main__:scan_for_upwork_jobs:29 - 🔍 [Auto-Pilot] Scanning Upwork for high-paying AI jobs...
2026-05-27 19:00:17.486 | INFO     | __main__:scan_for_upwork_jobs:31 - 📊 Found 0 new jobs to evaluate.
2026-05-27 19:00:17.489 | INFO     | __main__:evaluate_and_bid:38 - 💤 No new jobs to evaluate right now.
2026-05-27 19:00:17.489 | INFO     | __main__:check_messages_and_reply:54 - 💬 [Auto-Pilot] Checking for new leads in DB for WhatsApp outreach...
2026-05-27 19:00:20.148 | INFO     | agents.whatsapp_agent:_init_driver:65 - 📱 WhatsApp Browser Initialized.
2026-05-27 19:00:21.403 | INFO     | agents.whatsapp_agent:send_whatsapp_message:86 - ⏳ Waiting for WhatsApp Web to load for 9009334845650...
2026-05-27 19:01:06.708 | ERROR    | agents.whatsapp_agent:send_whatsapp_message:109 - ❌ Failed to send WhatsApp: Message: 
Stacktrace:
	chromedriver!GetHandleVerifier [0x7ff6d1f47de5+14895]
	chromedriver!GetHandleVerifier [0x7ff6d1f47e50+14900]
	chromedriver!(No symbol) [0x7ff6d1cad5ad]
	chromedriver!(No symbol) [0x7ff6d1d07822]
	chromedriver!(No symbol) [0x7ff6d1d07b2c]
	chromedriver!(No symbol) [0x7ff6d1d57d17]
	chromedriver!(No symbol) [0x7ff6d1d5486f]
	chromedriver!(No symbol) [0x7ff6d1cf9df8]
	chromedriver!(No symbol) [0x7ff6d1cface3]
	chromedriver!GetHandleVerifier [0x7ff6d225cc49+3296f9]
	chromedriver!GetHandleVerifier [0x7ff6d2257375+323e25]
	chromedriver!GetHandleVerifier [0x7ff6d227bc82+348732]
	chromedriver!GetHandleVerifier [0x7ff6d1f66045+32af5]
	chromedriver!GetHandleVerifier [0x7ff6d1f6ecec+3b79c]
	chromedriver!GetHandleVerifier [0x7ff6d1f51bc4+1e674]
	chromedriver!GetHandleVerifier [0x7ff6d1f51d54+1e804]
	chromedriver!GetHandleVerifier [0x7ff6d1f360e7+2b97]
	KERNEL32!BaseThreadInitThunk [0x7ffa119de957+17]
	ntdll!RtlUserThreadStart [0x7ffa1262427c+2c]

2026-05-27 19:01:06.711 | INFO     | __main__:check_messages_and_reply:70 - 🔗 Attempting LinkedIn connection for Indigo...
2026-05-27 19:01:14.295 | INFO     | __main__:check_messages_and_reply:70 - 🔗 Attempting LinkedIn connection for Lululemon...
2026-05-27 19:01:23.593 | INFO     | __main__:check_messages_and_reply:70 - 🔗 Attempting LinkedIn connection for Hudson's Bay...
2026-05-27 19:01:33.298 | INFO     | __main__:run_cycle:83 - ✅ Cycle Complete. Waiting for next cycle.
2026-05-27 19:03:58.921 | INFO     | __main__:run_cycle:79 - 🔄 Starting Auto-Pilot Cycle...
2026-05-27 19:03:58.923 | INFO     | __main__:scan_for_upwork_jobs:29 - 🔍 [Auto-Pilot] Scanning Upwork for high-paying AI jobs...
2026-05-27 19:03:59.351 | INFO     | __main__:scan_for_upwork_jobs:31 - 📊 Found 0 new jobs to evaluate.
2026-05-27 19:03:59.353 | INFO     | __main__:evaluate_and_bid:38 - 💤 No new jobs to evaluate right now.
2026-05-27 19:03:59.353 | INFO     | __main__:check_messages_and_reply:54 - 💬 [Auto-Pilot] Checking for new leads in DB for WhatsApp outreach...
2026-05-27 19:04:03.345 | INFO     | agents.whatsapp_agent:_init_driver:65 - 📱 WhatsApp Browser Initialized.
2026-05-27 19:04:04.797 | INFO     | agents.whatsapp_agent:send_whatsapp_message:86 - ⏳ Waiting for WhatsApp Web to load for 9009334845650...
2026-05-27 19:04:50.318 | ERROR    | agents.whatsapp_agent:send_whatsapp_message:109 - ❌ Failed to send WhatsApp: Message: 
Stacktrace:
	chromedriver!GetHandleVerifier [0x7ff6d1f47de5+14895]
	chromedriver!GetHandleVerifier [0x7ff6d1f47e50+14900]
	chromedriver!(No symbol) [0x7ff6d1cad5ad]
	chromedriver!(No symbol) [0x7ff6d1d07822]
	chromedriver!(No symbol) [0x7ff6d1d07b2c]
	chromedriver!(No symbol) [0x7ff6d1d57d17]
	chromedriver!(No symbol) [0x7ff6d1d5486f]
	chromedriver!(No symbol) [0x7ff6d1cf9df8]
	chromedriver!(No symbol) [0x7ff6d1cface3]
	chromedriver!GetHandleVerifier [0x7ff6d225cc49+3296f9]
	chromedriver!GetHandleVerifier [0x7ff6d2257375+323e25]
	chromedriver!GetHandleVerifier [0x7ff6d227bc82+348732]
	chromedriver!GetHandleVerifier [0x7ff6d1f66045+32af5]
	chromedriver!GetHandleVerifier [0x7ff6d1f6ecec+3b79c]
	chromedriver!GetHandleVerifier [0x7ff6d1f51bc4+1e674]
	chromedriver!GetHandleVerifier [0x7ff6d1f51d54+1e804]
	chromedriver!GetHandleVerifier [0x7ff6d1f360e7+2b97]
	KERNEL32!BaseThreadInitThunk [0x7ffa119de957+17]
	ntdll!RtlUserThreadStart [0x7ffa1262427c+2c]

2026-05-27 19:04:50.319 | INFO     | __main__:check_messages_and_reply:70 - 🔗 Attempting LinkedIn connection for Indigo...
2026-05-27 19:04:50.322 | INFO     | __main__:check_messages_and_reply:70 - 🔗 Attempting LinkedIn connection for Lululemon...
2026-05-27 19:04:50.481 | INFO     | __main__:check_messages_and_reply:70 - 🔗 Attempting LinkedIn connection for Hudson's Bay...
2026-05-27 19:04:50.485 | INFO     | __main__:run_cycle:83 - ✅ Cycle Complete. Waiting for next cycle.
2026-05-27 19:10:17.590 | INFO     | __main__:run_cycle:79 - 🔄 Starting Auto-Pilot Cycle...
2026-05-27 19:10:17.591 | INFO     | __main__:scan_for_upwork_jobs:29 - 🔍 [Auto-Pilot] Scanning Upwork for high-paying AI jobs...
2026-05-27 19:10:18.154 | INFO     | __main__:scan_for_upwork_jobs:31 - 📊 Found 0 new jobs to evaluate.
2026-05-27 19:10:18.154 | INFO     | __main__:evaluate_and_bid:38 - 💤 No new jobs to evaluate right now.
2026-05-27 19:10:18.156 | INFO     | __main__:check_messages_and_reply:54 - 💬 [Auto-Pilot] Checking for new leads in DB for WhatsApp outreach...
2026-05-27 19:10:20.996 | INFO     | agents.whatsapp_agent:_init_driver:65 - 📱 WhatsApp Browser Initialized.
2026-05-27 19:10:22.121 | INFO     | agents.whatsapp_agent:send_whatsapp_message:86 - ⏳ Waiting for WhatsApp Web to load for 9009334845650...
2026-05-27 19:11:07.180 | ERROR    | agents.whatsapp_agent:send_whatsapp_message:109 - ❌ Failed to send WhatsApp: Message: 
Stacktrace:
	chromedriver!GetHandleVerifier [0x7ff6d1f47de5+14895]
	chromedriver!GetHandleVerifier [0x7ff6d1f47e50+14900]
	chromedriver!(No symbol) [0x7ff6d1cad5ad]
	chromedriver!(No symbol) [0x7ff6d1d07822]
	chromedriver!(No symbol) [0x7ff6d1d07b2c]
	chromedriver!(No symbol) [0x7ff6d1d57d17]
	chromedriver!(No symbol) [0x7ff6d1d5486f]
	chromedriver!(No symbol) [0x7ff6d1cf9df8]
	chromedriver!(No symbol) [0x7ff6d1cface3]
	chromedriver!GetHandleVerifier [0x7ff6d225cc49+3296f9]
	chromedriver!GetHandleVerifier [0x7ff6d2257375+323e25]
	chromedriver!GetHandleVerifier [0x7ff6d227bc82+348732]
	chromedriver!GetHandleVerifier [0x7ff6d1f66045+32af5]
	chromedriver!GetHandleVerifier [0x7ff6d1f6ecec+3b79c]
	chromedriver!GetHandleVerifier [0x7ff6d1f51bc4+1e674]
	chromedriver!GetHandleVerifier [0x7ff6d1f51d54+1e804]
	chromedriver!GetHandleVerifier [0x7ff6d1f360e7+2b97]
	KERNEL32!BaseThreadInitThunk [0x7ffa119de957+17]
	ntdll!RtlUserThreadStart [0x7ffa1262427c+2c]

2026-05-27 19:11:07.181 | INFO     | __main__:check_messages_and_reply:70 - 🔗 Attempting LinkedIn connection for Indigo...
2026-05-27 19:11:15.607 | INFO     | __main__:check_messages_and_reply:70 - 🔗 Attempting LinkedIn connection for Lululemon...
2026-05-27 19:11:24.645 | INFO     | __main__:check_messages_and_reply:70 - 🔗 Attempting LinkedIn connection for Hudson's Bay...
2026-05-27 19:11:33.845 | INFO     | __main__:run_cycle:83 - ✅ Cycle Complete. Waiting for next cycle.
2026-05-27 19:14:50.800 | INFO     | __main__:run_cycle:79 - 🔄 Starting Auto-Pilot Cycle...
2026-05-27 19:14:50.801 | INFO     | __main__:scan_for_upwork_jobs:29 - 🔍 [Auto-Pilot] Scanning Upwork for high-paying AI jobs...
2026-05-27 19:14:52.042 | INFO     | __main__:scan_for_upwork_jobs:31 - 📊 Found 0 new jobs to evaluate.
2026-05-27 19:14:52.043 | INFO     | __main__:evaluate_and_bid:38 - 💤 No new jobs to evaluate right now.
2026-05-27 19:14:52.043 | INFO     | __main__:check_messages_and_reply:54 - 💬 [Auto-Pilot] Checking for new leads in DB for WhatsApp outreach...
2026-05-27 19:14:56.497 | INFO     | agents.whatsapp_agent:_init_driver:65 - 📱 WhatsApp Browser Initialized.
2026-05-27 19:14:59.641 | INFO     | agents.whatsapp_agent:send_whatsapp_message:86 - ⏳ Waiting for WhatsApp Web to load for 9009334845650...
2026-05-27 19:15:45.017 | ERROR    | agents.whatsapp_agent:send_whatsapp_message:109 - ❌ Failed to send WhatsApp: Message: 
Stacktrace:
	chromedriver!GetHandleVerifier [0x7ff6d1f47de5+14895]
	chromedriver!GetHandleVerifier [0x7ff6d1f47e50+14900]
	chromedriver!(No symbol) [0x7ff6d1cad5ad]
	chromedriver!(No symbol) [0x7ff6d1d07822]
	chromedriver!(No symbol) [0x7ff6d1d07b2c]
	chromedriver!(No symbol) [0x7ff6d1d57d17]
	chromedriver!(No symbol) [0x7ff6d1d5486f]
	chromedriver!(No symbol) [0x7ff6d1cf9df8]
	chromedriver!(No symbol) [0x7ff6d1cface3]
	chromedriver!GetHandleVerifier [0x7ff6d225cc49+3296f9]
	chromedriver!GetHandleVerifier [0x7ff6d2257375+323e25]
	chromedriver!GetHandleVerifier [0x7ff6d227bc82+348732]
	chromedriver!GetHandleVerifier [0x7ff6d1f66045+32af5]
	chromedriver!GetHandleVerifier [0x7ff6d1f6ecec+3b79c]
	chromedriver!GetHandleVerifier [0x7ff6d1f51bc4+1e674]
	chromedriver!GetHandleVerifier [0x7ff6d1f51d54+1e804]
	chromedriver!GetHandleVerifier [0x7ff6d1f360e7+2b97]
	KERNEL32!BaseThreadInitThunk [0x7ffa119de957+17]
	ntdll!RtlUserThreadStart [0x7ffa1262427c+2c]

2026-05-27 19:15:45.022 | INFO     | __main__:check_messages_and_reply:70 - 🔗 Attempting LinkedIn connection for Indigo...
2026-05-27 19:15:45.025 | INFO     | __main__:check_messages_and_reply:70 - 🔗 Attempting LinkedIn connection for Lululemon...
2026-05-27 19:15:45.028 | INFO     | __main__:check_messages_and_reply:70 - 🔗 Attempting LinkedIn connection for Hudson's Bay...
2026-05-27 19:15:45.034 | INFO     | __main__:run_cycle:83 - ✅ Cycle Complete. Waiting for next cycle.
2026-05-27 19:21:34.172 | INFO     | __main__:run_cycle:79 - 🔄 Starting Auto-Pilot Cycle...
2026-05-27 19:21:34.174 | INFO     | __main__:scan_for_upwork_jobs:29 - 🔍 [Auto-Pilot] Scanning Upwork for high-paying AI jobs...
2026-05-27 19:21:35.543 | INFO     | __main__:scan_for_upwork_jobs:31 - 📊 Found 0 new jobs to evaluate.
2026-05-27 19:21:35.543 | INFO     | __main__:evaluate_and_bid:38 - 💤 No new jobs to evaluate right now.
2026-05-27 19:21:35.545 | INFO     | __main__:check_messages_and_reply:54 - 💬 [Auto-Pilot] Checking for new leads in DB for WhatsApp outreach...
2026-05-27 19:21:39.362 | INFO     | agents.whatsapp_agent:_init_driver:65 - 📱 WhatsApp Browser Initialized.
2026-05-27 19:21:40.089 | INFO     | agents.whatsapp_agent:send_whatsapp_message:86 - ⏳ Waiting for WhatsApp Web to load for 9009334845650...
2026-05-27 19:22:25.517 | ERROR    | agents.whatsapp_agent:send_whatsapp_message:109 - ❌ Failed to send WhatsApp: Message: 
Stacktrace:
	chromedriver!GetHandleVerifier [0x7ff6d1f47de5+14895]
	chromedriver!GetHandleVerifier [0x7ff6d1f47e50+14900]
	chromedriver!(No symbol) [0x7ff6d1cad5ad]
	chromedriver!(No symbol) [0x7ff6d1d07822]
	chromedriver!(No symbol) [0x7ff6d1d07b2c]
	chromedriver!(No symbol) [0x7ff6d1d57d17]
	chromedriver!(No symbol) [0x7ff6d1d5486f]
	chromedriver!(No symbol) [0x7ff6d1cf9df8]
	chromedriver!(No symbol) [0x7ff6d1cface3]
	chromedriver!GetHandleVerifier [0x7ff6d225cc49+3296f9]
	chromedriver!GetHandleVerifier [0x7ff6d2257375+323e25]
	chromedriver!GetHandleVerifier [0x7ff6d227bc82+348732]
	chromedriver!GetHandleVerifier [0x7ff6d1f66045+32af5]
	chromedriver!GetHandleVerifier [0x7ff6d1f6ecec+3b79c]
	chromedriver!GetHandleVerifier [0x7ff6d1f51bc4+1e674]
	chromedriver!GetHandleVerifier [0x7ff6d1f51d54+1e804]
	chromedriver!GetHandleVerifier [0x7ff6d1f360e7+2b97]
	KERNEL32!BaseThreadInitThunk [0x7ffa119de957+17]
	ntdll!RtlUserThreadStart [0x7ffa1262427c+2c]

2026-05-27 19:22:25.518 | INFO     | __main__:check_messages_and_reply:70 - 🔗 Attempting LinkedIn connection for Indigo...
2026-05-27 19:23:33.904 | INFO     | __main__:check_messages_and_reply:70 - 🔗 Attempting LinkedIn connection for Lululemon...
2026-05-27 19:23:48.054 | INFO     | __main__:check_messages_and_reply:70 - 🔗 Attempting LinkedIn connection for Hudson's Bay...
2026-05-27 19:24:02.063 | INFO     | __main__:run_cycle:83 - ✅ Cycle Complete. Waiting for next cycle.
2026-05-27 19:25:45.394 | INFO     | __main__:run_cycle:79 - 🔄 Starting Auto-Pilot Cycle...
2026-05-27 19:25:45.394 | INFO     | __main__:scan_for_upwork_jobs:29 - 🔍 [Auto-Pilot] Scanning Upwork for high-paying AI jobs...
2026-05-27 19:25:45.816 | INFO     | __main__:scan_for_upwork_jobs:31 - 📊 Found 0 new jobs to evaluate.
2026-05-27 19:25:45.816 | INFO     | __main__:evaluate_and_bid:38 - 💤 No new jobs to evaluate right now.
2026-05-27 19:25:45.816 | INFO     | __main__:check_messages_and_reply:54 - 💬 [Auto-Pilot] Checking for new leads in DB for WhatsApp outreach...
2026-05-27 19:25:49.697 | INFO     | agents.whatsapp_agent:_init_driver:65 - 📱 WhatsApp Browser Initialized.
2026-05-27 19:25:50.887 | INFO     | agents.whatsapp_agent:send_whatsapp_message:86 - ⏳ Waiting for WhatsApp Web to load for 9009334845650...
2026-05-27 19:26:36.272 | ERROR    | agents.whatsapp_agent:send_whatsapp_message:109 - ❌ Failed to send WhatsApp: Message: 
Stacktrace:
	chromedriver!GetHandleVerifier [0x7ff6d1f47de5+14895]
	chromedriver!GetHandleVerifier [0x7ff6d1f47e50+14900]
	chromedriver!(No symbol) [0x7ff6d1cad5ad]
	chromedriver!(No symbol) [0x7ff6d1d07822]
	chromedriver!(No symbol) [0x7ff6d1d07b2c]
	chromedriver!(No symbol) [0x7ff6d1d57d17]
	chromedriver!(No symbol) [0x7ff6d1d5486f]
	chromedriver!(No symbol) [0x7ff6d1cf9df8]
	chromedriver!(No symbol) [0x7ff6d1cface3]
	chromedriver!GetHandleVerifier [0x7ff6d225cc49+3296f9]
	chromedriver!GetHandleVerifier [0x7ff6d2257375+323e25]
	chromedriver!GetHandleVerifier [0x7ff6d227bc82+348732]
	chromedriver!GetHandleVerifier [0x7ff6d1f66045+32af5]
	chromedriver!GetHandleVerifier [0x7ff6d1f6ecec+3b79c]
	chromedriver!GetHandleVerifier [0x7ff6d1f51bc4+1e674]
	chromedriver!GetHandleVerifier [0x7ff6d1f51d54+1e804]
	chromedriver!GetHandleVerifier [0x7ff6d1f360e7+2b97]
	KERNEL32!BaseThreadInitThunk [0x7ffa119de957+17]
	ntdll!RtlUserThreadStart [0x7ffa1262427c+2c]

2026-05-27 19:26:36.272 | INFO     | __main__:check_messages_and_reply:70 - 🔗 Attempting LinkedIn connection for Indigo...
2026-05-27 19:26:36.277 | INFO     | __main__:check_messages_and_reply:70 - 🔗 Attempting LinkedIn connection for Lululemon...
2026-05-27 19:26:36.281 | INFO     | __main__:check_messages_and_reply:70 - 🔗 Attempting LinkedIn connection for Hudson's Bay...
2026-05-27 19:26:36.288 | INFO     | __main__:run_cycle:83 - ✅ Cycle Complete. Waiting for next cycle.
2026-05-27 19:34:02.416 | INFO     | __main__:run_cycle:79 - 🔄 Starting Auto-Pilot Cycle...
2026-05-27 19:34:02.417 | INFO     | __main__:scan_for_upwork_jobs:29 - 🔍 [Auto-Pilot] Scanning Upwork for high-paying AI jobs...
2026-05-27 19:34:02.835 | INFO     | __main__:scan_for_upwork_jobs:31 - 📊 Found 0 new jobs to evaluate.
2026-05-27 19:34:02.838 | INFO     | __main__:evaluate_and_bid:38 - 💤 No new jobs to evaluate right now.
2026-05-27 19:34:02.838 | INFO     | __main__:check_messages_and_reply:54 - 💬 [Auto-Pilot] Checking for new leads in DB for WhatsApp outreach...
2026-05-27 19:34:10.200 | INFO     | agents.whatsapp_agent:_init_driver:65 - 📱 WhatsApp Browser Initialized.
2026-05-27 19:34:11.281 | INFO     | agents.whatsapp_agent:send_whatsapp_message:86 - ⏳ Waiting for WhatsApp Web to load for 9009334845650...
2026-05-27 19:34:56.661 | ERROR    | agents.whatsapp_agent:send_whatsapp_message:109 - ❌ Failed to send WhatsApp: Message: 
Stacktrace:
	chromedriver!GetHandleVerifier [0x7ff6d1f47de5+14895]
	chromedriver!GetHandleVerifier [0x7ff6d1f47e50+14900]
	chromedriver!(No symbol) [0x7ff6d1cad5ad]
	chromedriver!(No symbol) [0x7ff6d1d07822]
	chromedriver!(No symbol) [0x7ff6d1d07b2c]
	chromedriver!(No symbol) [0x7ff6d1d57d17]
	chromedriver!(No symbol) [0x7ff6d1d5486f]
	chromedriver!(No symbol) [0x7ff6d1cf9df8]
	chromedriver!(No symbol) [0x7ff6d1cface3]
	chromedriver!GetHandleVerifier [0x7ff6d225cc49+3296f9]
	chromedriver!GetHandleVerifier [0x7ff6d2257375+323e25]
	chromedriver!GetHandleVerifier [0x7ff6d227bc82+348732]
	chromedriver!GetHandleVerifier [0x7ff6d1f66045+32af5]
	chromedriver!GetHandleVerifier [0x7ff6d1f6ecec+3b79c]
	chromedriver!GetHandleVerifier [0x7ff6d1f51bc4+1e674]
	chromedriver!GetHandleVerifier [0x7ff6d1f51d54+1e804]
	chromedriver!GetHandleVerifier [0x7ff6d1f360e7+2b97]
	KERNEL32!BaseThreadInitThunk [0x7ffa119de957+17]
	ntdll!RtlUserThreadStart [0x7ffa1262427c+2c]

2026-05-27 19:34:56.661 | INFO     | __main__:check_messages_and_reply:70 - 🔗 Attempting LinkedIn connection for Indigo...
2026-05-27 19:35:15.956 | INFO     | __main__:check_messages_and_reply:70 - 🔗 Attempting LinkedIn connection for Lululemon...
2026-05-27 19:35:31.538 | INFO     | __main__:check_messages_and_reply:70 - 🔗 Attempting LinkedIn connection for Hudson's Bay...
2026-05-27 19:35:47.329 | INFO     | __main__:run_cycle:83 - ✅ Cycle Complete. Waiting for next cycle.
2026-05-27 19:36:36.684 | INFO     | __main__:run_cycle:79 - 🔄 Starting Auto-Pilot Cycle...
2026-05-27 19:36:36.684 | INFO     | __main__:scan_for_upwork_jobs:29 - 🔍 [Auto-Pilot] Scanning Upwork for high-paying AI jobs...
2026-05-27 19:36:38.507 | INFO     | __main__:scan_for_upwork_jobs:31 - 📊 Found 0 new jobs to evaluate.
2026-05-27 19:36:38.507 | INFO     | __main__:evaluate_and_bid:38 - 💤 No new jobs to evaluate right now.
2026-05-27 19:36:38.507 | INFO     | __main__:check_messages_and_reply:54 - 💬 [Auto-Pilot] Checking for new leads in DB for WhatsApp outreach...
2026-05-27 19:36:42.392 | INFO     | agents.whatsapp_agent:_init_driver:65 - 📱 WhatsApp Browser Initialized.
2026-05-27 19:36:46.742 | INFO     | agents.whatsapp_agent:send_whatsapp_message:86 - ⏳ Waiting for WhatsApp Web to load for 9009334845650...
2026-05-27 19:37:32.087 | ERROR    | agents.whatsapp_agent:send_whatsapp_message:109 - ❌ Failed to send WhatsApp: Message: 
Stacktrace:
	chromedriver!GetHandleVerifier [0x7ff6d1f47de5+14895]
	chromedriver!GetHandleVerifier [0x7ff6d1f47e50+14900]
	chromedriver!(No symbol) [0x7ff6d1cad5ad]
	chromedriver!(No symbol) [0x7ff6d1d07822]
	chromedriver!(No symbol) [0x7ff6d1d07b2c]
	chromedriver!(No symbol) [0x7ff6d1d57d17]
	chromedriver!(No symbol) [0x7ff6d1d5486f]
	chromedriver!(No symbol) [0x7ff6d1cf9df8]
	chromedriver!(No symbol) [0x7ff6d1cface3]
	chromedriver!GetHandleVerifier [0x7ff6d225cc49+3296f9]
	chromedriver!GetHandleVerifier [0x7ff6d2257375+323e25]
	chromedriver!GetHandleVerifier [0x7ff6d227bc82+348732]
	chromedriver!GetHandleVerifier [0x7ff6d1f66045+32af5]
	chromedriver!GetHandleVerifier [0x7ff6d1f6ecec+3b79c]
	chromedriver!GetHandleVerifier [0x7ff6d1f51bc4+1e674]
	chromedriver!GetHandleVerifier [0x7ff6d1f51d54+1e804]
	chromedriver!GetHandleVerifier [0x7ff6d1f360e7+2b97]
	KERNEL32!BaseThreadInitThunk [0x7ffa119de957+17]
	ntdll!RtlUserThreadStart [0x7ffa1262427c+2c]

2026-05-27 19:37:32.087 | INFO     | __main__:check_messages_and_reply:70 - 🔗 Attempting LinkedIn connection for Indigo...
2026-05-27 19:37:32.092 | INFO     | __main__:check_messages_and_reply:70 - 🔗 Attempting LinkedIn connection for Lululemon...
2026-05-27 19:37:32.097 | INFO     | __main__:check_messages_and_reply:70 - 🔗 Attempting LinkedIn connection for Hudson's Bay...
2026-05-27 19:37:32.103 | INFO     | __main__:run_cycle:83 - ✅ Cycle Complete. Waiting for next cycle.
2026-05-27 19:45:47.689 | INFO     | __main__:run_cycle:79 - 🔄 Starting Auto-Pilot Cycle...
2026-05-27 19:45:47.690 | INFO     | __main__:scan_for_upwork_jobs:29 - 🔍 [Auto-Pilot] Scanning Upwork for high-paying AI jobs...
2026-05-27 19:45:48.116 | INFO     | __main__:scan_for_upwork_jobs:31 - 📊 Found 0 new jobs to evaluate.
2026-05-27 19:45:48.117 | INFO     | __main__:evaluate_and_bid:38 - 💤 No new jobs to evaluate right now.
2026-05-27 19:45:48.118 | INFO     | __main__:check_messages_and_reply:54 - 💬 [Auto-Pilot] Checking for new leads in DB for WhatsApp outreach...
2026-05-27 19:45:52.454 | INFO     | agents.whatsapp_agent:_init_driver:65 - 📱 WhatsApp Browser Initialized.
2026-05-27 19:45:53.690 | INFO     | agents.whatsapp_agent:send_whatsapp_message:86 - ⏳ Waiting for WhatsApp Web to load for 9009334845650...
2026-05-27 19:46:39.198 | ERROR    | agents.whatsapp_agent:send_whatsapp_message:109 - ❌ Failed to send WhatsApp: Message: 
Stacktrace:
	chromedriver!GetHandleVerifier [0x7ff6d1f47de5+14895]
	chromedriver!GetHandleVerifier [0x7ff6d1f47e50+14900]
	chromedriver!(No symbol) [0x7ff6d1cad5ad]
	chromedriver!(No symbol) [0x7ff6d1d07822]
	chromedriver!(No symbol) [0x7ff6d1d07b2c]
	chromedriver!(No symbol) [0x7ff6d1d57d17]
	chromedriver!(No symbol) [0x7ff6d1d5486f]
	chromedriver!(No symbol) [0x7ff6d1cf9df8]
	chromedriver!(No symbol) [0x7ff6d1cface3]
	chromedriver!GetHandleVerifier [0x7ff6d225cc49+3296f9]
	chromedriver!GetHandleVerifier [0x7ff6d2257375+323e25]
	chromedriver!GetHandleVerifier [0x7ff6d227bc82+348732]
	chromedriver!GetHandleVerifier [0x7ff6d1f66045+32af5]
	chromedriver!GetHandleVerifier [0x7ff6d1f6ecec+3b79c]
	chromedriver!GetHandleVerifier [0x7ff6d1f51bc4+1e674]
	chromedriver!GetHandleVerifier [0x7ff6d1f51d54+1e804]
	chromedriver!GetHandleVerifier [0x7ff6d1f360e7+2b97]
	KERNEL32!BaseThreadInitThunk [0x7ffa119de957+17]
	ntdll!RtlUserThreadStart [0x7ffa1262427c+2c]

2026-05-27 19:46:39.198 | INFO     | __main__:check_messages_and_reply:70 - 🔗 Attempting LinkedIn connection for Indigo...
2026-05-27 19:46:53.216 | INFO     | __main__:check_messages_and_reply:70 - 🔗 Attempting LinkedIn connection for Lululemon...
2026-05-27 19:47:07.168 | INFO     | __main__:check_messages_and_reply:70 - 🔗 Attempting LinkedIn connection for Hudson's Bay...
2026-05-27 19:47:21.175 | INFO     | __main__:run_cycle:83 - ✅ Cycle Complete. Waiting for next cycle.
2026-05-27 19:47:32.452 | INFO     | __main__:run_cycle:79 - 🔄 Starting Auto-Pilot Cycle...
2026-05-27 19:47:32.453 | INFO     | __main__:scan_for_upwork_jobs:29 - 🔍 [Auto-Pilot] Scanning Upwork for high-paying AI jobs...
2026-05-27 19:47:33.990 | INFO     | __main__:scan_for_upwork_jobs:31 - 📊 Found 0 new jobs to evaluate.
2026-05-27 19:47:33.991 | INFO     | __main__:evaluate_and_bid:38 - 💤 No new jobs to evaluate right now.
2026-05-27 19:47:33.992 | INFO     | __main__:check_messages_and_reply:54 - 💬 [Auto-Pilot] Checking for new leads in DB for WhatsApp outreach...
2026-05-27 19:47:38.395 | INFO     | agents.whatsapp_agent:_init_driver:65 - 📱 WhatsApp Browser Initialized.
2026-05-27 19:47:39.466 | INFO     | agents.whatsapp_agent:send_whatsapp_message:86 - ⏳ Waiting for WhatsApp Web to load for 9009334845650...
2026-05-27 19:48:24.619 | ERROR    | agents.whatsapp_agent:send_whatsapp_message:109 - ❌ Failed to send WhatsApp: Message: 
Stacktrace:
	chromedriver!GetHandleVerifier [0x7ff6d1f47de5+14895]
	chromedriver!GetHandleVerifier [0x7ff6d1f47e50+14900]
	chromedriver!(No symbol) [0x7ff6d1cad5ad]
	chromedriver!(No symbol) [0x7ff6d1d07822]
	chromedriver!(No symbol) [0x7ff6d1d07b2c]
	chromedriver!(No symbol) [0x7ff6d1d57d17]
	chromedriver!(No symbol) [0x7ff6d1d5486f]
	chromedriver!(No symbol) [0x7ff6d1cf9df8]
	chromedriver!(No symbol) [0x7ff6d1cface3]
	chromedriver!GetHandleVerifier [0x7ff6d225cc49+3296f9]
	chromedriver!GetHandleVerifier [0x7ff6d2257375+323e25]
	chromedriver!GetHandleVerifier [0x7ff6d227bc82+348732]
	chromedriver!GetHandleVerifier [0x7ff6d1f66045+32af5]
	chromedriver!GetHandleVerifier [0x7ff6d1f6ecec+3b79c]
	chromedriver!GetHandleVerifier [0x7ff6d1f51bc4+1e674]
	chromedriver!GetHandleVerifier [0x7ff6d1f51d54+1e804]
	chromedriver!GetHandleVerifier [0x7ff6d1f360e7+2b97]
	KERNEL32!BaseThreadInitThunk [0x7ffa119de957+17]
	ntdll!RtlUserThreadStart [0x7ffa1262427c+2c]

2026-05-27 19:48:24.619 | INFO     | __main__:check_messages_and_reply:70 - 🔗 Attempting LinkedIn connection for Indigo...
2026-05-27 19:48:24.624 | INFO     | __main__:check_messages_and_reply:70 - 🔗 Attempting LinkedIn connection for Lululemon...
2026-05-27 19:48:24.629 | INFO     | __main__:check_messages_and_reply:70 - 🔗 Attempting LinkedIn connection for Hudson's Bay...
2026-05-27 19:48:24.635 | INFO     | __main__:run_cycle:83 - ✅ Cycle Complete. Waiting for next cycle.
2026-05-27 19:57:21.572 | INFO     | __main__:run_cycle:79 - 🔄 Starting Auto-Pilot Cycle...
2026-05-27 19:57:21.572 | INFO     | __main__:scan_for_upwork_jobs:29 - 🔍 [Auto-Pilot] Scanning Upwork for high-paying AI jobs...
2026-05-27 19:57:24.721 | INFO     | __main__:scan_for_upwork_jobs:31 - 📊 Found 0 new jobs to evaluate.
2026-05-27 19:57:24.724 | INFO     | __main__:evaluate_and_bid:38 - 💤 No new jobs to evaluate right now.
2026-05-27 19:57:24.724 | INFO     | __main__:check_messages_and_reply:54 - 💬 [Auto-Pilot] Checking for new leads in DB for WhatsApp outreach...
2026-05-27 19:57:29.172 | INFO     | agents.whatsapp_agent:_init_driver:65 - 📱 WhatsApp Browser Initialized.
2026-05-27 19:57:34.073 | INFO     | agents.whatsapp_agent:send_whatsapp_message:86 - ⏳ Waiting for WhatsApp Web to load for 9009334845650...
2026-05-27 19:58:19.318 | ERROR    | agents.whatsapp_agent:send_whatsapp_message:109 - ❌ Failed to send WhatsApp: Message: 
Stacktrace:
	chromedriver!GetHandleVerifier [0x7ff6d1f47de5+14895]
	chromedriver!GetHandleVerifier [0x7ff6d1f47e50+14900]
	chromedriver!(No symbol) [0x7ff6d1cad5ad]
	chromedriver!(No symbol) [0x7ff6d1d07822]
	chromedriver!(No symbol) [0x7ff6d1d07b2c]
	chromedriver!(No symbol) [0x7ff6d1d57d17]
	chromedriver!(No symbol) [0x7ff6d1d5486f]
	chromedriver!(No symbol) [0x7ff6d1cf9df8]
	chromedriver!(No symbol) [0x7ff6d1cface3]
	chromedriver!GetHandleVerifier [0x7ff6d225cc49+3296f9]
	chromedriver!GetHandleVerifier [0x7ff6d2257375+323e25]
	chromedriver!GetHandleVerifier [0x7ff6d227bc82+348732]
	chromedriver!GetHandleVerifier [0x7ff6d1f66045+32af5]
	chromedriver!GetHandleVerifier [0x7ff6d1f6ecec+3b79c]
	chromedriver!GetHandleVerifier [0x7ff6d1f51bc4+1e674]
	chromedriver!GetHandleVerifier [0x7ff6d1f51d54+1e804]
	chromedriver!GetHandleVerifier [0x7ff6d1f360e7+2b97]
	KERNEL32!BaseThreadInitThunk [0x7ffa119de957+17]
	ntdll!RtlUserThreadStart [0x7ffa1262427c+2c]

2026-05-27 19:58:19.321 | INFO     | __main__:check_messages_and_reply:70 - 🔗 Attempting LinkedIn connection for Indigo...
2026-05-27 19:58:24.972 | INFO     | __main__:run_cycle:79 - 🔄 Starting Auto-Pilot Cycle...
2026-05-27 19:58:24.973 | INFO     | __main__:scan_for_upwork_jobs:29 - 🔍 [Auto-Pilot] Scanning Upwork for high-paying AI jobs...
2026-05-27 19:58:25.439 | INFO     | __main__:scan_for_upwork_jobs:31 - 📊 Found 0 new jobs to evaluate.
2026-05-27 19:58:25.439 | INFO     | __main__:evaluate_and_bid:38 - 💤 No new jobs to evaluate right now.
2026-05-27 19:58:25.439 | INFO     | __main__:check_messages_and_reply:54 - 💬 [Auto-Pilot] Checking for new leads in DB for WhatsApp outreach...
2026-05-27 19:58:30.671 | INFO     | agents.whatsapp_agent:_init_driver:65 - 📱 WhatsApp Browser Initialized.
2026-05-27 19:58:34.483 | INFO     | __main__:check_messages_and_reply:70 - 🔗 Attempting LinkedIn connection for Lululemon...
2026-05-27 19:58:36.216 | INFO     | agents.whatsapp_agent:send_whatsapp_message:86 - ⏳ Waiting for WhatsApp Web to load for 9009334845650...
2026-05-27 19:58:53.924 | INFO     | __main__:check_messages_and_reply:70 - 🔗 Attempting LinkedIn connection for Hudson's Bay...
2026-05-27 19:59:09.839 | INFO     | __main__:run_cycle:83 - ✅ Cycle Complete. Waiting for next cycle.
2026-05-27 19:59:21.289 | ERROR    | agents.whatsapp_agent:send_whatsapp_message:109 - ❌ Failed to send WhatsApp: Message: 
Stacktrace:
	chromedriver!GetHandleVerifier [0x7ff6d1f47de5+14895]
	chromedriver!GetHandleVerifier [0x7ff6d1f47e50+14900]
	chromedriver!(No symbol) [0x7ff6d1cad5ad]
	chromedriver!(No symbol) [0x7ff6d1d07822]
	chromedriver!(No symbol) [0x7ff6d1d07b2c]
	chromedriver!(No symbol) [0x7ff6d1d57d17]
	chromedriver!(No symbol) [0x7ff6d1d5486f]
	chromedriver!(No symbol) [0x7ff6d1cf9df8]
	chromedriver!(No symbol) [0x7ff6d1cface3]
	chromedriver!GetHandleVerifier [0x7ff6d225cc49+3296f9]
	chromedriver!GetHandleVerifier [0x7ff6d2257375+323e25]
	chromedriver!GetHandleVerifier [0x7ff6d227bc82+348732]
	chromedriver!GetHandleVerifier [0x7ff6d1f66045+32af5]
	chromedriver!GetHandleVerifier [0x7ff6d1f6ecec+3b79c]
	chromedriver!GetHandleVerifier [0x7ff6d1f51bc4+1e674]
	chromedriver!GetHandleVerifier [0x7ff6d1f51d54+1e804]
	chromedriver!GetHandleVerifier [0x7ff6d1f360e7+2b97]
	KERNEL32!BaseThreadInitThunk [0x7ffa119de957+17]
	ntdll!RtlUserThreadStart [0x7ffa1262427c+2c]

2026-05-27 19:59:21.291 | INFO     | __main__:check_messages_and_reply:70 - 🔗 Attempting LinkedIn connection for Indigo...
2026-05-27 19:59:21.294 | INFO     | __main__:check_messages_and_reply:70 - 🔗 Attempting LinkedIn connection for Lululemon...
2026-05-27 19:59:21.300 | INFO     | __main__:check_messages_and_reply:70 - 🔗 Attempting LinkedIn connection for Hudson's Bay...
2026-05-27 19:59:21.307 | INFO     | __main__:run_cycle:83 - ✅ Cycle Complete. Waiting for next cycle.
2026-05-27 20:09:10.189 | INFO     | __main__:run_cycle:79 - 🔄 Starting Auto-Pilot Cycle...
2026-05-27 20:09:10.190 | INFO     | __main__:scan_for_upwork_jobs:29 - 🔍 [Auto-Pilot] Scanning Upwork for high-paying AI jobs...
2026-05-27 20:09:11.068 | INFO     | __main__:scan_for_upwork_jobs:31 - 📊 Found 0 new jobs to evaluate.
2026-05-27 20:09:11.070 | INFO     | __main__:evaluate_and_bid:38 - 💤 No new jobs to evaluate right now.
2026-05-27 20:09:11.070 | INFO     | __main__:check_messages_and_reply:54 - 💬 [Auto-Pilot] Checking for new leads in DB for WhatsApp outreach...
2026-05-27 20:09:18.549 | INFO     | agents.whatsapp_agent:_init_driver:65 - 📱 WhatsApp Browser Initialized.
2026-05-27 20:09:21.701 | INFO     | __main__:run_cycle:79 - 🔄 Starting Auto-Pilot Cycle...
2026-05-27 20:09:21.701 | INFO     | __main__:scan_for_upwork_jobs:29 - 🔍 [Auto-Pilot] Scanning Upwork for high-paying AI jobs...
2026-05-27 20:09:22.507 | INFO     | agents.whatsapp_agent:send_whatsapp_message:86 - ⏳ Waiting for WhatsApp Web to load for 9009334845650...
2026-05-27 20:09:22.513 | ERROR    | agents.whatsapp_agent:send_whatsapp_message:109 - ❌ Failed to send WhatsApp: Message: no such window: target window already closed
from unknown error: web view not found
  (Session info: chrome=148.0.7778.179)
Stacktrace:
	chromedriver!GetHandleVerifier [0x7ff6d1f47de5+14895]
	chromedriver!GetHandleVerifier [0x7ff6d1f47e50+14900]
	chromedriver!(No symbol) [0x7ff6d1cad5ad]
	chromedriver!(No symbol) [0x7ff6d1c840f2]
	chromedriver!(No symbol) [0x7ff6d1d36f56]
	chromedriver!(No symbol) [0x7ff6d1d54172]
	chromedriver!(No symbol) [0x7ff6d1cf9df8]
	chromedriver!(No symbol) [0x7ff6d1cface3]
	chromedriver!GetHandleVerifier [0x7ff6d225cc49+3296f9]
	chromedriver!GetHandleVerifier [0x7ff6d2257375+323e25]
	chromedriver!GetHandleVerifier [0x7ff6d227bc82+348732]
	chromedriver!GetHandleVerifier [0x7ff6d1f66045+32af5]
	chromedriver!GetHandleVerifier [0x7ff6d1f6ecec+3b79c]
	chromedriver!GetHandleVerifier [0x7ff6d1f51bc4+1e674]
	chromedriver!GetHandleVerifier [0x7ff6d1f51d54+1e804]
	chromedriver!GetHandleVerifier [0x7ff6d1f360e7+2b97]
	KERNEL32!BaseThreadInitThunk [0x7ffa119de957+17]
	ntdll!RtlUserThreadStart [0x7ffa1262427c+2c]

2026-05-27 20:09:22.514 | INFO     | __main__:check_messages_and_reply:70 - 🔗 Attempting LinkedIn connection for Indigo...
2026-05-27 20:09:24.964 | INFO     | __main__:scan_for_upwork_jobs:31 - 📊 Found 0 new jobs to evaluate.
2026-05-27 20:09:24.964 | INFO     | __main__:evaluate_and_bid:38 - 💤 No new jobs to evaluate right now.
2026-05-27 20:09:24.964 | INFO     | __main__:check_messages_and_reply:54 - 💬 [Auto-Pilot] Checking for new leads in DB for WhatsApp outreach...
2026-05-27 20:09:27.281 | INFO     | __main__:check_messages_and_reply:70 - 🔗 Attempting LinkedIn connection for Lululemon...
2026-05-27 20:09:27.673 | INFO     | __main__:check_messages_and_reply:70 - 🔗 Attempting LinkedIn connection for Hudson's Bay...
2026-05-27 20:09:27.681 | INFO     | __main__:run_cycle:83 - ✅ Cycle Complete. Waiting for next cycle.
2026-05-27 20:09:30.483 | INFO     | agents.whatsapp_agent:_init_driver:65 - 📱 WhatsApp Browser Initialized.
2026-05-27 20:09:32.964 | INFO     | agents.whatsapp_agent:send_whatsapp_message:86 - ⏳ Waiting for WhatsApp Web to load for 9009334845650...
2026-05-27 20:10:14.989 | ERROR    | agents.whatsapp_agent:send_whatsapp_message:109 - ❌ Failed to send WhatsApp: Message: invalid session id: session deleted as the browser has closed the connection
from disconnected: not connected to DevTools
  (Session info: chrome=148.0.7778.179); For documentation on this error, please visit: https://www.selenium.dev/documentation/webdriver/troubleshooting/errors#invalidsessionidexception
Stacktrace:
	chromedriver!GetHandleVerifier [0x7ff6d1f47de5+14895]
	chromedriver!GetHandleVerifier [0x7ff6d1f47e50+14900]
	chromedriver!(No symbol) [0x7ff6d1cad5ad]
	chromedriver!(No symbol) [0x7ff6d1c98a92]
	chromedriver!(No symbol) [0x7ff6d1cbee6c]
	chromedriver!(No symbol) [0x7ff6d1d371b0]
	chromedriver!(No symbol) [0x7ff6d1d54172]
	chromedriver!(No symbol) [0x7ff6d1cf9df8]
	chromedriver!(No symbol) [0x7ff6d1cface3]
	chromedriver!GetHandleVerifier [0x7ff6d225cc49+3296f9]
	chromedriver!GetHandleVerifier [0x7ff6d2257375+323e25]
	chromedriver!GetHandleVerifier [0x7ff6d227bc82+348732]
	chromedriver!GetHandleVerifier [0x7ff6d1f66045+32af5]
	chromedriver!GetHandleVerifier [0x7ff6d1f6ecec+3b79c]
	chromedriver!GetHandleVerifier [0x7ff6d1f51bc4+1e674]
	chromedriver!GetHandleVerifier [0x7ff6d1f51d54+1e804]
	chromedriver!GetHandleVerifier [0x7ff6d1f360e7+2b97]
	KERNEL32!BaseThreadInitThunk [0x7ffa119de957+17]
	ntdll!RtlUserThreadStart [0x7ffa1262427c+2c]

2026-05-27 20:10:14.990 | INFO     | __main__:check_messages_and_reply:70 - 🔗 Attempting LinkedIn connection for Indigo...
2026-05-27 20:10:14.993 | INFO     | __main__:check_messages_and_reply:70 - 🔗 Attempting LinkedIn connection for Lululemon...
2026-05-27 20:10:14.998 | INFO     | __main__:check_messages_and_reply:70 - 🔗 Attempting LinkedIn connection for Hudson's Bay...
2026-05-27 20:10:15.009 | INFO     | __main__:run_cycle:83 - ✅ Cycle Complete. Waiting for next cycle.
2026-05-27 20:19:28.074 | INFO     | __main__:run_cycle:79 - 🔄 Starting Auto-Pilot Cycle...
2026-05-27 20:19:28.074 | INFO     | __main__:scan_for_upwork_jobs:29 - 🔍 [Auto-Pilot] Scanning Upwork for high-paying AI jobs...
2026-05-27 20:19:29.346 | INFO     | __main__:scan_for_upwork_jobs:31 - 📊 Found 0 new jobs to evaluate.
2026-05-27 20:19:29.347 | INFO     | __main__:evaluate_and_bid:38 - 💤 No new jobs to evaluate right now.
2026-05-27 20:19:29.347 | INFO     | __main__:check_messages_and_reply:54 - 💬 [Auto-Pilot] Checking for new leads in DB for WhatsApp outreach...
2026-05-27 20:19:36.217 | INFO     | agents.whatsapp_agent:_init_driver:65 - 📱 WhatsApp Browser Initialized.
2026-05-27 20:19:43.256 | INFO     | agents.whatsapp_agent:send_whatsapp_message:86 - ⏳ Waiting for WhatsApp Web to load for 9009334845650...
2026-05-27 20:20:15.352 | INFO     | __main__:run_cycle:79 - 🔄 Starting Auto-Pilot Cycle...
2026-05-27 20:20:15.352 | INFO     | __main__:scan_for_upwork_jobs:29 - 🔍 [Auto-Pilot] Scanning Upwork for high-paying AI jobs...
2026-05-27 20:20:16.156 | INFO     | __main__:scan_for_upwork_jobs:31 - 📊 Found 0 new jobs to evaluate.
2026-05-27 20:20:16.157 | INFO     | __main__:evaluate_and_bid:38 - 💤 No new jobs to evaluate right now.
2026-05-27 20:20:16.157 | INFO     | __main__:check_messages_and_reply:54 - 💬 [Auto-Pilot] Checking for new leads in DB for WhatsApp outreach...
2026-05-27 20:20:20.790 | INFO     | agents.whatsapp_agent:_init_driver:65 - 📱 WhatsApp Browser Initialized.
2026-05-27 20:20:34.617 | INFO     | agents.whatsapp_agent:send_whatsapp_message:86 - ⏳ Waiting for WhatsApp Web to load for 9009334845650...
2026-05-27 20:20:34.629 | ERROR    | agents.whatsapp_agent:send_whatsapp_message:109 - ❌ Failed to send WhatsApp: Message: 
Stacktrace:
	chromedriver!GetHandleVerifier [0x7ff6d1f47de5+14895]
	chromedriver!GetHandleVerifier [0x7ff6d1f47e50+14900]
	chromedriver!(No symbol) [0x7ff6d1cad5ad]
	chromedriver!(No symbol) [0x7ff6d1d07822]
	chromedriver!(No symbol) [0x7ff6d1d07b2c]
	chromedriver!(No symbol) [0x7ff6d1d57d17]
	chromedriver!(No symbol) [0x7ff6d1d5486f]
	chromedriver!(No symbol) [0x7ff6d1cf9df8]
	chromedriver!(No symbol) [0x7ff6d1cface3]
	chromedriver!GetHandleVerifier [0x7ff6d225cc49+3296f9]
	chromedriver!GetHandleVerifier [0x7ff6d2257375+323e25]
	chromedriver!GetHandleVerifier [0x7ff6d227bc82+348732]
	chromedriver!GetHandleVerifier [0x7ff6d1f66045+32af5]
	chromedriver!GetHandleVerifier [0x7ff6d1f6ecec+3b79c]
	chromedriver!GetHandleVerifier [0x7ff6d1f51bc4+1e674]
	chromedriver!GetHandleVerifier [0x7ff6d1f51d54+1e804]
	chromedriver!GetHandleVerifier [0x7ff6d1f360e7+2b97]
	KERNEL32!BaseThreadInitThunk [0x7ffa119de957+17]
	ntdll!RtlUserThreadStart [0x7ffa1262427c+2c]

2026-05-27 20:20:34.631 | INFO     | __main__:check_messages_and_reply:70 - 🔗 Attempting LinkedIn connection for Indigo...
2026-05-27 20:20:34.635 | INFO     | __main__:check_messages_and_reply:70 - 🔗 Attempting LinkedIn connection for Lululemon...
2026-05-27 20:20:34.639 | INFO     | __main__:check_messages_and_reply:70 - 🔗 Attempting LinkedIn connection for Hudson's Bay...
2026-05-27 20:20:34.643 | INFO     | __main__:run_cycle:83 - ✅ Cycle Complete. Waiting for next cycle.
2026-05-27 20:21:19.812 | ERROR    | agents.whatsapp_agent:send_whatsapp_message:109 - ❌ Failed to send WhatsApp: Message: 
Stacktrace:
	chromedriver!GetHandleVerifier [0x7ff6d1f47de5+14895]
	chromedriver!GetHandleVerifier [0x7ff6d1f47e50+14900]
	chromedriver!(No symbol) [0x7ff6d1cad5ad]
	chromedriver!(No symbol) [0x7ff6d1d07822]
	chromedriver!(No symbol) [0x7ff6d1d07b2c]
	chromedriver!(No symbol) [0x7ff6d1d57d17]
	chromedriver!(No symbol) [0x7ff6d1d5486f]
	chromedriver!(No symbol) [0x7ff6d1cf9df8]
	chromedriver!(No symbol) [0x7ff6d1cface3]
	chromedriver!GetHandleVerifier [0x7ff6d225cc49+3296f9]
	chromedriver!GetHandleVerifier [0x7ff6d2257375+323e25]
	chromedriver!GetHandleVerifier [0x7ff6d227bc82+348732]
	chromedriver!GetHandleVerifier [0x7ff6d1f66045+32af5]
	chromedriver!GetHandleVerifier [0x7ff6d1f6ecec+3b79c]
	chromedriver!GetHandleVerifier [0x7ff6d1f51bc4+1e674]
	chromedriver!GetHandleVerifier [0x7ff6d1f51d54+1e804]
	chromedriver!GetHandleVerifier [0x7ff6d1f360e7+2b97]
	KERNEL32!BaseThreadInitThunk [0x7ffa119de957+17]
	ntdll!RtlUserThreadStart [0x7ffa1262427c+2c]

2026-05-27 20:21:19.813 | INFO     | __main__:check_messages_and_reply:70 - 🔗 Attempting LinkedIn connection for Indigo...
2026-05-27 20:21:19.815 | INFO     | __main__:check_messages_and_reply:70 - 🔗 Attempting LinkedIn connection for Lululemon...
2026-05-27 20:21:19.817 | INFO     | __main__:check_messages_and_reply:70 - 🔗 Attempting LinkedIn connection for Hudson's Bay...
2026-05-27 20:21:19.821 | INFO     | __main__:run_cycle:83 - ✅ Cycle Complete. Waiting for next cycle.
2026-05-27 20:30:34.976 | INFO     | __main__:run_cycle:79 - 🔄 Starting Auto-Pilot Cycle...
2026-05-27 20:30:34.977 | INFO     | __main__:scan_for_upwork_jobs:29 - 🔍 [Auto-Pilot] Scanning Upwork for high-paying AI jobs...
2026-05-27 20:30:37.341 | INFO     | __main__:scan_for_upwork_jobs:31 - 📊 Found 0 new jobs to evaluate.
2026-05-27 20:30:37.342 | INFO     | __main__:evaluate_and_bid:38 - 💤 No new jobs to evaluate right now.
2026-05-27 20:30:37.342 | INFO     | __main__:check_messages_and_reply:54 - 💬 [Auto-Pilot] Checking for new leads in DB for WhatsApp outreach...
2026-05-27 20:30:49.156 | INFO     | agents.whatsapp_agent:_init_driver:65 - 📱 WhatsApp Browser Initialized.
2026-05-27 20:30:51.026 | INFO     | agents.whatsapp_agent:send_whatsapp_message:86 - ⏳ Waiting for WhatsApp Web to load for 9009334845650...
2026-05-27 20:30:51.031 | ERROR    | agents.whatsapp_agent:send_whatsapp_message:109 - ❌ Failed to send WhatsApp: Message: no such window: target window already closed
from unknown error: web view not found
  (Session info: chrome=148.0.7778.179)
Stacktrace:
	chromedriver!GetHandleVerifier [0x7ff6d1f47de5+14895]
	chromedriver!GetHandleVerifier [0x7ff6d1f47e50+14900]
	chromedriver!(No symbol) [0x7ff6d1cad5ad]
	chromedriver!(No symbol) [0x7ff6d1c840f2]
	chromedriver!(No symbol) [0x7ff6d1d36f56]
	chromedriver!(No symbol) [0x7ff6d1d54172]
	chromedriver!(No symbol) [0x7ff6d1cf9df8]
	chromedriver!(No symbol) [0x7ff6d1cface3]
	chromedriver!GetHandleVerifier [0x7ff6d225cc49+3296f9]
	chromedriver!GetHandleVerifier [0x7ff6d2257375+323e25]
	chromedriver!GetHandleVerifier [0x7ff6d227bc82+348732]
	chromedriver!GetHandleVerifier [0x7ff6d1f66045+32af5]
	chromedriver!GetHandleVerifier [0x7ff6d1f6ecec+3b79c]
	chromedriver!GetHandleVerifier [0x7ff6d1f51bc4+1e674]
	chromedriver!GetHandleVerifier [0x7ff6d1f51d54+1e804]
	chromedriver!GetHandleVerifier [0x7ff6d1f360e7+2b97]
	KERNEL32!BaseThreadInitThunk [0x7ffa119de957+17]
	ntdll!RtlUserThreadStart [0x7ffa1262427c+2c]

2026-05-27 20:30:51.033 | INFO     | __main__:check_messages_and_reply:70 - 🔗 Attempting LinkedIn connection for Indigo...
2026-05-27 20:30:51.036 | INFO     | __main__:check_messages_and_reply:70 - 🔗 Attempting LinkedIn connection for Lululemon...
2026-05-27 20:30:51.039 | INFO     | __main__:check_messages_and_reply:70 - 🔗 Attempting LinkedIn connection for Hudson's Bay...
2026-05-27 20:30:51.099 | INFO     | __main__:run_cycle:83 - ✅ Cycle Complete. Waiting for next cycle.
2026-05-27 20:31:20.160 | INFO     | __main__:run_cycle:79 - 🔄 Starting Auto-Pilot Cycle...
2026-05-27 20:31:20.160 | INFO     | __main__:scan_for_upwork_jobs:29 - 🔍 [Auto-Pilot] Scanning Upwork for high-paying AI jobs...
2026-05-27 20:31:21.524 | INFO     | __main__:scan_for_upwork_jobs:31 - 📊 Found 0 new jobs to evaluate.
2026-05-27 20:31:21.525 | INFO     | __main__:evaluate_and_bid:38 - 💤 No new jobs to evaluate right now.
2026-05-27 20:31:21.526 | INFO     | __main__:check_messages_and_reply:54 - 💬 [Auto-Pilot] Checking for new leads in DB for WhatsApp outreach...
2026-05-27 20:31:26.327 | INFO     | agents.whatsapp_agent:_init_driver:65 - 📱 WhatsApp Browser Initialized.
2026-05-27 20:31:29.202 | INFO     | agents.whatsapp_agent:send_whatsapp_message:86 - ⏳ Waiting for WhatsApp Web to load for 9009334845650...
2026-05-27 20:32:14.568 | ERROR    | agents.whatsapp_agent:send_whatsapp_message:109 - ❌ Failed to send WhatsApp: Message: 
Stacktrace:
	chromedriver!GetHandleVerifier [0x7ff6d1f47de5+14895]
	chromedriver!GetHandleVerifier [0x7ff6d1f47e50+14900]
	chromedriver!(No symbol) [0x7ff6d1cad5ad]
	chromedriver!(No symbol) [0x7ff6d1d07822]
	chromedriver!(No symbol) [0x7ff6d1d07b2c]
	chromedriver!(No symbol) [0x7ff6d1d57d17]
	chromedriver!(No symbol) [0x7ff6d1d5486f]
	chromedriver!(No symbol) [0x7ff6d1cf9df8]
	chromedriver!(No symbol) [0x7ff6d1cface3]
	chromedriver!GetHandleVerifier [0x7ff6d225cc49+3296f9]
	chromedriver!GetHandleVerifier [0x7ff6d2257375+323e25]
	chromedriver!GetHandleVerifier [0x7ff6d227bc82+348732]
	chromedriver!GetHandleVerifier [0x7ff6d1f66045+32af5]
	chromedriver!GetHandleVerifier [0x7ff6d1f6ecec+3b79c]
	chromedriver!GetHandleVerifier [0x7ff6d1f51bc4+1e674]
	chromedriver!GetHandleVerifier [0x7ff6d1f51d54+1e804]
	chromedriver!GetHandleVerifier [0x7ff6d1f360e7+2b97]
	KERNEL32!BaseThreadInitThunk [0x7ffa119de957+17]
	ntdll!RtlUserThreadStart [0x7ffa1262427c+2c]

2026-05-27 20:32:14.568 | INFO     | __main__:check_messages_and_reply:70 - 🔗 Attempting LinkedIn connection for Indigo...
2026-05-27 20:32:14.571 | INFO     | __main__:check_messages_and_reply:70 - 🔗 Attempting LinkedIn connection for Lululemon...
2026-05-27 20:32:14.573 | INFO     | __main__:check_messages_and_reply:70 - 🔗 Attempting LinkedIn connection for Hudson's Bay...
2026-05-27 20:32:14.577 | INFO     | __main__:run_cycle:83 - ✅ Cycle Complete. Waiting for next cycle.
2026-05-27 20:40:51.549 | INFO     | __main__:run_cycle:79 - 🔄 Starting Auto-Pilot Cycle...
2026-05-27 20:40:51.549 | INFO     | __main__:scan_for_upwork_jobs:29 - 🔍 [Auto-Pilot] Scanning Upwork for high-paying AI jobs...
2026-05-27 20:40:51.911 | INFO     | __main__:scan_for_upwork_jobs:31 - 📊 Found 0 new jobs to evaluate.
2026-05-27 20:40:51.912 | INFO     | __main__:evaluate_and_bid:38 - 💤 No new jobs to evaluate right now.
2026-05-27 20:40:51.913 | INFO     | __main__:check_messages_and_reply:54 - 💬 [Auto-Pilot] Checking for new leads in DB for WhatsApp outreach...
2026-05-27 20:40:57.852 | INFO     | agents.whatsapp_agent:_init_driver:65 - 📱 WhatsApp Browser Initialized.
2026-05-27 20:41:00.622 | INFO     | agents.whatsapp_agent:send_whatsapp_message:86 - ⏳ Waiting for WhatsApp Web to load for 9009334845650...
2026-05-27 20:41:46.028 | ERROR    | agents.whatsapp_agent:send_whatsapp_message:109 - ❌ Failed to send WhatsApp: Message: 
Stacktrace:
	chromedriver!GetHandleVerifier [0x7ff6d1f47de5+14895]
	chromedriver!GetHandleVerifier [0x7ff6d1f47e50+14900]
	chromedriver!(No symbol) [0x7ff6d1cad5ad]
	chromedriver!(No symbol) [0x7ff6d1d07822]
	chromedriver!(No symbol) [0x7ff6d1d07b2c]
	chromedriver!(No symbol) [0x7ff6d1d57d17]
	chromedriver!(No symbol) [0x7ff6d1d5486f]
	chromedriver!(No symbol) [0x7ff6d1cf9df8]
	chromedriver!(No symbol) [0x7ff6d1cface3]
	chromedriver!GetHandleVerifier [0x7ff6d225cc49+3296f9]
	chromedriver!GetHandleVerifier [0x7ff6d2257375+323e25]
	chromedriver!GetHandleVerifier [0x7ff6d227bc82+348732]
	chromedriver!GetHandleVerifier [0x7ff6d1f66045+32af5]
	chromedriver!GetHandleVerifier [0x7ff6d1f6ecec+3b79c]
	chromedriver!GetHandleVerifier [0x7ff6d1f51bc4+1e674]
	chromedriver!GetHandleVerifier [0x7ff6d1f51d54+1e804]
	chromedriver!GetHandleVerifier [0x7ff6d1f360e7+2b97]
	KERNEL32!BaseThreadInitThunk [0x7ffa119de957+17]
	ntdll!RtlUserThreadStart [0x7ffa1262427c+2c]

2026-05-27 20:41:46.030 | INFO     | __main__:check_messages_and_reply:70 - 🔗 Attempting LinkedIn connection for Indigo...
2026-05-27 20:41:46.033 | INFO     | __main__:check_messages_and_reply:70 - 🔗 Attempting LinkedIn connection for Lululemon...
2026-05-27 20:41:46.039 | INFO     | __main__:check_messages_and_reply:70 - 🔗 Attempting LinkedIn connection for Hudson's Bay...
2026-05-27 20:41:46.045 | INFO     | __main__:run_cycle:83 - ✅ Cycle Complete. Waiting for next cycle.
2026-05-27 20:42:14.898 | INFO     | __main__:run_cycle:79 - 🔄 Starting Auto-Pilot Cycle...
2026-05-27 20:42:14.898 | INFO     | __main__:scan_for_upwork_jobs:29 - 🔍 [Auto-Pilot] Scanning Upwork for high-paying AI jobs...
2026-05-27 20:42:15.295 | INFO     | __main__:scan_for_upwork_jobs:31 - 📊 Found 0 new jobs to evaluate.
2026-05-27 20:42:15.295 | INFO     | __main__:evaluate_and_bid:38 - 💤 No new jobs to evaluate right now.
2026-05-27 20:42:15.296 | INFO     | __main__:check_messages_and_reply:54 - 💬 [Auto-Pilot] Checking for new leads in DB for WhatsApp outreach...
2026-05-27 20:42:19.040 | INFO     | agents.whatsapp_agent:_init_driver:65 - 📱 WhatsApp Browser Initialized.
2026-05-27 20:42:24.719 | INFO     | agents.whatsapp_agent:send_whatsapp_message:86 - ⏳ Waiting for WhatsApp Web to load for 9009334845650...
2026-05-27 20:43:10.048 | ERROR    | agents.whatsapp_agent:send_whatsapp_message:109 - ❌ Failed to send WhatsApp: Message: 
Stacktrace:
	chromedriver!GetHandleVerifier [0x7ff6d1f47de5+14895]
	chromedriver!GetHandleVerifier [0x7ff6d1f47e50+14900]
	chromedriver!(No symbol) [0x7ff6d1cad5ad]
	chromedriver!(No symbol) [0x7ff6d1d07822]
	chromedriver!(No symbol) [0x7ff6d1d07b2c]
	chromedriver!(No symbol) [0x7ff6d1d57d17]
	chromedriver!(No symbol) [0x7ff6d1d5486f]
	chromedriver!(No symbol) [0x7ff6d1cf9df8]
	chromedriver!(No symbol) [0x7ff6d1cface3]
	chromedriver!GetHandleVerifier [0x7ff6d225cc49+3296f9]
	chromedriver!GetHandleVerifier [0x7ff6d2257375+323e25]
	chromedriver!GetHandleVerifier [0x7ff6d227bc82+348732]
	chromedriver!GetHandleVerifier [0x7ff6d1f66045+32af5]
	chromedriver!GetHandleVerifier [0x7ff6d1f6ecec+3b79c]
	chromedriver!GetHandleVerifier [0x7ff6d1f51bc4+1e674]
	chromedriver!GetHandleVerifier [0x7ff6d1f51d54+1e804]
	chromedriver!GetHandleVerifier [0x7ff6d1f360e7+2b97]
	KERNEL32!BaseThreadInitThunk [0x7ffa119de957+17]
	ntdll!RtlUserThreadStart [0x7ffa1262427c+2c]

2026-05-27 20:43:10.048 | INFO     | __main__:check_messages_and_reply:70 - 🔗 Attempting LinkedIn connection for Indigo...
2026-05-27 20:43:10.053 | INFO     | __main__:check_messages_and_reply:70 - 🔗 Attempting LinkedIn connection for Lululemon...
2026-05-27 20:43:10.057 | INFO     | __main__:check_messages_and_reply:70 - 🔗 Attempting LinkedIn connection for Hudson's Bay...
2026-05-27 20:43:10.060 | INFO     | __main__:run_cycle:83 - ✅ Cycle Complete. Waiting for next cycle.
2026-05-27 20:51:46.401 | INFO     | __main__:run_cycle:79 - 🔄 Starting Auto-Pilot Cycle...
2026-05-27 20:51:46.402 | INFO     | __main__:scan_for_upwork_jobs:29 - 🔍 [Auto-Pilot] Scanning Upwork for high-paying AI jobs...
2026-05-27 20:51:58.437 | INFO     | __main__:scan_for_upwork_jobs:31 - 📊 Found 0 new jobs to evaluate.
2026-05-27 20:51:58.438 | INFO     | __main__:evaluate_and_bid:38 - 💤 No new jobs to evaluate right now.
2026-05-27 20:51:58.438 | INFO     | __main__:check_messages_and_reply:54 - 💬 [Auto-Pilot] Checking for new leads in DB for WhatsApp outreach...
2026-05-27 20:52:50.494 | INFO     | agents.whatsapp_agent:_init_driver:65 - 📱 WhatsApp Browser Initialized.
2026-05-27 20:53:05.533 | INFO     | agents.whatsapp_agent:send_whatsapp_message:86 - ⏳ Waiting for WhatsApp Web to load for 9009334845650...
2026-05-27 20:53:10.415 | INFO     | __main__:run_cycle:79 - 🔄 Starting Auto-Pilot Cycle...
2026-05-27 20:53:10.417 | INFO     | __main__:scan_for_upwork_jobs:29 - 🔍 [Auto-Pilot] Scanning Upwork for high-paying AI jobs...
2026-05-27 20:53:23.380 | INFO     | __main__:scan_for_upwork_jobs:31 - 📊 Found 0 new jobs to evaluate.
2026-05-27 20:53:23.381 | INFO     | __main__:evaluate_and_bid:38 - 💤 No new jobs to evaluate right now.
2026-05-27 20:53:23.382 | INFO     | __main__:check_messages_and_reply:54 - 💬 [Auto-Pilot] Checking for new leads in DB for WhatsApp outreach...
2026-05-27 20:53:50.611 | ERROR    | agents.whatsapp_agent:send_whatsapp_message:109 - ❌ Failed to send WhatsApp: Message: 
Stacktrace:
	chromedriver!GetHandleVerifier [0x7ff6d1f47de5+14895]
	chromedriver!GetHandleVerifier [0x7ff6d1f47e50+14900]
	chromedriver!(No symbol) [0x7ff6d1cad5ad]
	chromedriver!(No symbol) [0x7ff6d1d07822]
	chromedriver!(No symbol) [0x7ff6d1d07b2c]
	chromedriver!(No symbol) [0x7ff6d1d57d17]
	chromedriver!(No symbol) [0x7ff6d1d5486f]
	chromedriver!(No symbol) [0x7ff6d1cf9df8]
	chromedriver!(No symbol) [0x7ff6d1cface3]
	chromedriver!GetHandleVerifier [0x7ff6d225cc49+3296f9]
	chromedriver!GetHandleVerifier [0x7ff6d2257375+323e25]
	chromedriver!GetHandleVerifier [0x7ff6d227bc82+348732]
	chromedriver!GetHandleVerifier [0x7ff6d1f66045+32af5]
	chromedriver!GetHandleVerifier [0x7ff6d1f6ecec+3b79c]
	chromedriver!GetHandleVerifier [0x7ff6d1f51bc4+1e674]
	chromedriver!GetHandleVerifier [0x7ff6d1f51d54+1e804]
	chromedriver!GetHandleVerifier [0x7ff6d1f360e7+2b97]
	KERNEL32!BaseThreadInitThunk [0x7ffa119de957+17]
	ntdll!RtlUserThreadStart [0x7ffa1262427c+2c]

2026-05-27 20:53:50.612 | INFO     | __main__:check_messages_and_reply:70 - 🔗 Attempting LinkedIn connection for Indigo...
2026-05-27 20:53:50.617 | INFO     | __main__:check_messages_and_reply:70 - 🔗 Attempting LinkedIn connection for Lululemon...
2026-05-27 20:53:50.623 | INFO     | __main__:check_messages_and_reply:70 - 🔗 Attempting LinkedIn connection for Hudson's Bay...
2026-05-27 20:53:50.628 | INFO     | __main__:run_cycle:83 - ✅ Cycle Complete. Waiting for next cycle.
2026-05-27 20:54:04.774 | INFO     | agents.whatsapp_agent:_init_driver:65 - 📱 WhatsApp Browser Initialized.
2026-05-27 20:54:57.433 | INFO     | agents.whatsapp_agent:send_whatsapp_message:86 - ⏳ Waiting for WhatsApp Web to load for 9009334845650...
2026-05-27 20:55:42.908 | ERROR    | agents.whatsapp_agent:send_whatsapp_message:109 - ❌ Failed to send WhatsApp: Message: 
Stacktrace:
	chromedriver!GetHandleVerifier [0x7ff6d1f47de5+14895]
	chromedriver!GetHandleVerifier [0x7ff6d1f47e50+14900]
	chromedriver!(No symbol) [0x7ff6d1cad5ad]
	chromedriver!(No symbol) [0x7ff6d1d07822]
	chromedriver!(No symbol) [0x7ff6d1d07b2c]
	chromedriver!(No symbol) [0x7ff6d1d57d17]
	chromedriver!(No symbol) [0x7ff6d1d5486f]
	chromedriver!(No symbol) [0x7ff6d1cf9df8]
	chromedriver!(No symbol) [0x7ff6d1cface3]
	chromedriver!GetHandleVerifier [0x7ff6d225cc49+3296f9]
	chromedriver!GetHandleVerifier [0x7ff6d2257375+323e25]
	chromedriver!GetHandleVerifier [0x7ff6d227bc82+348732]
	chromedriver!GetHandleVerifier [0x7ff6d1f66045+32af5]
	chromedriver!GetHandleVerifier [0x7ff6d1f6ecec+3b79c]
	chromedriver!GetHandleVerifier [0x7ff6d1f51bc4+1e674]
	chromedriver!GetHandleVerifier [0x7ff6d1f51d54+1e804]
	chromedriver!GetHandleVerifier [0x7ff6d1f360e7+2b97]
	KERNEL32!BaseThreadInitThunk [0x7ffa119de957+17]
	ntdll!RtlUserThreadStart [0x7ffa1262427c+2c]

2026-05-27 20:55:42.910 | INFO     | __main__:check_messages_and_reply:70 - 🔗 Attempting LinkedIn connection for Indigo...
2026-05-27 20:55:42.915 | INFO     | __main__:check_messages_and_reply:70 - 🔗 Attempting LinkedIn connection for Lululemon...
2026-05-27 20:55:42.920 | INFO     | __main__:check_messages_and_reply:70 - 🔗 Attempting LinkedIn connection for Hudson's Bay...
2026-05-27 20:55:42.924 | INFO     | __main__:run_cycle:83 - ✅ Cycle Complete. Waiting for next cycle.
2026-05-27 21:03:50.964 | INFO     | __main__:run_cycle:79 - 🔄 Starting Auto-Pilot Cycle...
2026-05-27 21:03:50.965 | INFO     | __main__:scan_for_upwork_jobs:29 - 🔍 [Auto-Pilot] Scanning Upwork for high-paying AI jobs...
2026-05-27 21:04:03.014 | INFO     | __main__:scan_for_upwork_jobs:31 - 📊 Found 0 new jobs to evaluate.
2026-05-27 21:04:03.014 | INFO     | __main__:evaluate_and_bid:38 - 💤 No new jobs to evaluate right now.
2026-05-27 21:04:03.014 | INFO     | __main__:check_messages_and_reply:54 - 💬 [Auto-Pilot] Checking for new leads in DB for WhatsApp outreach...
2026-05-27 21:04:19.001 | INFO     | agents.whatsapp_agent:_init_driver:65 - 📱 WhatsApp Browser Initialized.
2026-05-27 21:05:15.385 | ERROR    | agents.whatsapp_agent:send_whatsapp_message:109 - ❌ Failed to send WhatsApp: Message: unknown error: net::ERR_NAME_NOT_RESOLVED
  (Session info: chrome=148.0.7778.179)
Stacktrace:
	chromedriver!GetHandleVerifier [0x7ff6d1f47de5+14895]
	chromedriver!GetHandleVerifier [0x7ff6d1f47e50+14900]
	chromedriver!(No symbol) [0x7ff6d1cad5ad]
	chromedriver!(No symbol) [0x7ff6d1caa0e4]
	chromedriver!(No symbol) [0x7ff6d1c9a4c1]
	chromedriver!(No symbol) [0x7ff6d1c9c3af]
	chromedriver!(No symbol) [0x7ff6d1c9aa63]
	chromedriver!(No symbol) [0x7ff6d1c9a22b]
	chromedriver!(No symbol) [0x7ff6d1c99ee1]
	chromedriver!(No symbol) [0x7ff6d1c97b11]
	chromedriver!(No symbol) [0x7ff6d1c98272]
	chromedriver!(No symbol) [0x7ff6d1cb1866]
	chromedriver!(No symbol) [0x7ff6d1d556c4]
	chromedriver!(No symbol) [0x7ff6d1d3005a]
	chromedriver!(No symbol) [0x7ff6d1d5486f]
	chromedriver!(No symbol) [0x7ff6d1cf9df8]
	chromedriver!(No symbol) [0x7ff6d1cface3]
	chromedriver!GetHandleVerifier [0x7ff6d225cc49+3296f9]
	chromedriver!GetHandleVerifier [0x7ff6d2257375+323e25]
	chromedriver!GetHandleVerifier [0x7ff6d227bc82+348732]
	chromedriver!GetHandleVerifier [0x7ff6d1f66045+32af5]
	chromedriver!GetHandleVerifier [0x7ff6d1f6ecec+3b79c]
	chromedriver!GetHandleVerifier [0x7ff6d1f51bc4+1e674]
	chromedriver!GetHandleVerifier [0x7ff6d1f51d54+1e804]
	chromedriver!GetHandleVerifier [0x7ff6d1f360e7+2b97]
	KERNEL32!BaseThreadInitThunk [0x7ffa119de957+17]
	ntdll!RtlUserThreadStart [0x7ffa1262427c+2c]

2026-05-27 21:05:15.386 | INFO     | __main__:check_messages_and_reply:70 - 🔗 Attempting LinkedIn connection for Indigo...
2026-05-27 21:05:15.389 | INFO     | __main__:check_messages_and_reply:70 - 🔗 Attempting LinkedIn connection for Lululemon...
2026-05-27 21:05:15.396 | INFO     | __main__:check_messages_and_reply:70 - 🔗 Attempting LinkedIn connection for Hudson's Bay...
2026-05-27 21:05:15.398 | INFO     | __main__:run_cycle:83 - ✅ Cycle Complete. Waiting for next cycle.
2026-05-27 21:05:43.264 | INFO     | __main__:run_cycle:79 - 🔄 Starting Auto-Pilot Cycle...
2026-05-27 21:05:43.265 | INFO     | __main__:scan_for_upwork_jobs:29 - 🔍 [Auto-Pilot] Scanning Upwork for high-paying AI jobs...
2026-05-27 21:06:09.517 | INFO     | __main__:scan_for_upwork_jobs:31 - 📊 Found 0 new jobs to evaluate.
2026-05-27 21:06:09.518 | INFO     | __main__:evaluate_and_bid:38 - 💤 No new jobs to evaluate right now.
2026-05-27 21:06:09.518 | INFO     | __main__:check_messages_and_reply:54 - 💬 [Auto-Pilot] Checking for new leads in DB for WhatsApp outreach...
2026-05-27 21:06:42.641 | INFO     | agents.whatsapp_agent:_init_driver:65 - 📱 WhatsApp Browser Initialized.
2026-05-27 21:07:08.337 | INFO     | agents.whatsapp_agent:send_whatsapp_message:86 - ⏳ Waiting for WhatsApp Web to load for 9009334845650...
2026-05-27 21:07:53.660 | ERROR    | agents.whatsapp_agent:send_whatsapp_message:109 - ❌ Failed to send WhatsApp: Message: 
Stacktrace:
	chromedriver!GetHandleVerifier [0x7ff6d1f47de5+14895]
	chromedriver!GetHandleVerifier [0x7ff6d1f47e50+14900]
	chromedriver!(No symbol) [0x7ff6d1cad5ad]
	chromedriver!(No symbol) [0x7ff6d1d07822]
	chromedriver!(No symbol) [0x7ff6d1d07b2c]
	chromedriver!(No symbol) [0x7ff6d1d57d17]
	chromedriver!(No symbol) [0x7ff6d1d5486f]
	chromedriver!(No symbol) [0x7ff6d1cf9df8]
	chromedriver!(No symbol) [0x7ff6d1cface3]
	chromedriver!GetHandleVerifier [0x7ff6d225cc49+3296f9]
	chromedriver!GetHandleVerifier [0x7ff6d2257375+323e25]
	chromedriver!GetHandleVerifier [0x7ff6d227bc82+348732]
	chromedriver!GetHandleVerifier [0x7ff6d1f66045+32af5]
	chromedriver!GetHandleVerifier [0x7ff6d1f6ecec+3b79c]
	chromedriver!GetHandleVerifier [0x7ff6d1f51bc4+1e674]
	chromedriver!GetHandleVerifier [0x7ff6d1f51d54+1e804]
	chromedriver!GetHandleVerifier [0x7ff6d1f360e7+2b97]
	KERNEL32!BaseThreadInitThunk [0x7ffa119de957+17]
	ntdll!RtlUserThreadStart [0x7ffa1262427c+2c]

2026-05-27 21:07:53.661 | INFO     | __main__:check_messages_and_reply:70 - 🔗 Attempting LinkedIn connection for Indigo...
2026-05-27 21:07:53.665 | INFO     | __main__:check_messages_and_reply:70 - 🔗 Attempting LinkedIn connection for Lululemon...
2026-05-27 21:07:53.667 | INFO     | __main__:check_messages_and_reply:70 - 🔗 Attempting LinkedIn connection for Hudson's Bay...
2026-05-27 21:07:53.672 | INFO     | __main__:run_cycle:83 - ✅ Cycle Complete. Waiting for next cycle.
2026-05-27 21:15:15.721 | INFO     | __main__:run_cycle:79 - 🔄 Starting Auto-Pilot Cycle...
2026-05-27 21:15:15.722 | INFO     | __main__:scan_for_upwork_jobs:29 - 🔍 [Auto-Pilot] Scanning Upwork for high-paying AI jobs...
2026-05-27 21:15:18.787 | INFO     | __main__:scan_for_upwork_jobs:31 - 📊 Found 0 new jobs to evaluate.
2026-05-27 21:15:18.787 | INFO     | __main__:evaluate_and_bid:38 - 💤 No new jobs to evaluate right now.
2026-05-27 21:15:18.789 | INFO     | __main__:check_messages_and_reply:54 - 💬 [Auto-Pilot] Checking for new leads in DB for WhatsApp outreach...
2026-05-27 21:15:24.204 | INFO     | agents.whatsapp_agent:_init_driver:65 - 📱 WhatsApp Browser Initialized.
2026-05-27 21:15:25.587 | INFO     | agents.whatsapp_agent:send_whatsapp_message:86 - ⏳ Waiting for WhatsApp Web to load for 9009334845650...
2026-05-27 21:16:10.772 | ERROR    | agents.whatsapp_agent:send_whatsapp_message:109 - ❌ Failed to send WhatsApp: Message: 
Stacktrace:
	chromedriver!GetHandleVerifier [0x7ff6d1f47de5+14895]
	chromedriver!GetHandleVerifier [0x7ff6d1f47e50+14900]
	chromedriver!(No symbol) [0x7ff6d1cad5ad]
	chromedriver!(No symbol) [0x7ff6d1d07822]
	chromedriver!(No symbol) [0x7ff6d1d07b2c]
	chromedriver!(No symbol) [0x7ff6d1d57d17]
	chromedriver!(No symbol) [0x7ff6d1d5486f]
	chromedriver!(No symbol) [0x7ff6d1cf9df8]
	chromedriver!(No symbol) [0x7ff6d1cface3]
	chromedriver!GetHandleVerifier [0x7ff6d225cc49+3296f9]
	chromedriver!GetHandleVerifier [0x7ff6d2257375+323e25]
	chromedriver!GetHandleVerifier [0x7ff6d227bc82+348732]
	chromedriver!GetHandleVerifier [0x7ff6d1f66045+32af5]
	chromedriver!GetHandleVerifier [0x7ff6d1f6ecec+3b79c]
	chromedriver!GetHandleVerifier [0x7ff6d1f51bc4+1e674]
	chromedriver!GetHandleVerifier [0x7ff6d1f51d54+1e804]
	chromedriver!GetHandleVerifier [0x7ff6d1f360e7+2b97]
	KERNEL32!BaseThreadInitThunk [0x7ffa119de957+17]
	ntdll!RtlUserThreadStart [0x7ffa1262427c+2c]

2026-05-27 21:16:10.773 | INFO     | __main__:check_messages_and_reply:70 - 🔗 Attempting LinkedIn connection for Indigo...
2026-05-27 21:16:10.777 | INFO     | __main__:check_messages_and_reply:70 - 🔗 Attempting LinkedIn connection for Lululemon...
2026-05-27 21:16:10.779 | INFO     | __main__:check_messages_and_reply:70 - 🔗 Attempting LinkedIn connection for Hudson's Bay...
2026-05-27 21:16:10.785 | INFO     | __main__:run_cycle:83 - ✅ Cycle Complete. Waiting for next cycle.
2026-05-27 21:17:54.041 | INFO     | __main__:run_cycle:79 - 🔄 Starting Auto-Pilot Cycle...
2026-05-27 21:17:54.041 | INFO     | __main__:scan_for_upwork_jobs:29 - 🔍 [Auto-Pilot] Scanning Upwork for high-paying AI jobs...
2026-05-27 21:17:54.758 | INFO     | __main__:scan_for_upwork_jobs:31 - 📊 Found 0 new jobs to evaluate.
2026-05-27 21:17:54.759 | INFO     | __main__:evaluate_and_bid:38 - 💤 No new jobs to evaluate right now.
2026-05-27 21:17:54.760 | INFO     | __main__:check_messages_and_reply:54 - 💬 [Auto-Pilot] Checking for new leads in DB for WhatsApp outreach...
2026-05-27 21:17:59.015 | INFO     | agents.whatsapp_agent:_init_driver:65 - 📱 WhatsApp Browser Initialized.
2026-05-27 21:18:00.087 | INFO     | agents.whatsapp_agent:send_whatsapp_message:86 - ⏳ Waiting for WhatsApp Web to load for 9009334845650...
2026-05-27 21:18:45.337 | ERROR    | agents.whatsapp_agent:send_whatsapp_message:109 - ❌ Failed to send WhatsApp: Message: 
Stacktrace:
	chromedriver!GetHandleVerifier [0x7ff6d1f47de5+14895]
	chromedriver!GetHandleVerifier [0x7ff6d1f47e50+14900]
	chromedriver!(No symbol) [0x7ff6d1cad5ad]
	chromedriver!(No symbol) [0x7ff6d1d07822]
	chromedriver!(No symbol) [0x7ff6d1d07b2c]
	chromedriver!(No symbol) [0x7ff6d1d57d17]
	chromedriver!(No symbol) [0x7ff6d1d5486f]
	chromedriver!(No symbol) [0x7ff6d1cf9df8]
	chromedriver!(No symbol) [0x7ff6d1cface3]
	chromedriver!GetHandleVerifier [0x7ff6d225cc49+3296f9]
	chromedriver!GetHandleVerifier [0x7ff6d2257375+323e25]
	chromedriver!GetHandleVerifier [0x7ff6d227bc82+348732]
	chromedriver!GetHandleVerifier [0x7ff6d1f66045+32af5]
	chromedriver!GetHandleVerifier [0x7ff6d1f6ecec+3b79c]
	chromedriver!GetHandleVerifier [0x7ff6d1f51bc4+1e674]
	chromedriver!GetHandleVerifier [0x7ff6d1f51d54+1e804]
	chromedriver!GetHandleVerifier [0x7ff6d1f360e7+2b97]
	KERNEL32!BaseThreadInitThunk [0x7ffa119de957+17]
	ntdll!RtlUserThreadStart [0x7ffa1262427c+2c]

2026-05-27 21:18:45.337 | INFO     | __main__:check_messages_and_reply:70 - 🔗 Attempting LinkedIn connection for Indigo...
2026-05-27 21:18:45.340 | INFO     | __main__:check_messages_and_reply:70 - 🔗 Attempting LinkedIn connection for Lululemon...
2026-05-27 21:18:45.342 | INFO     | __main__:check_messages_and_reply:70 - 🔗 Attempting LinkedIn connection for Hudson's Bay...
2026-05-27 21:18:45.347 | INFO     | __main__:run_cycle:83 - ✅ Cycle Complete. Waiting for next cycle.
2026-05-28 08:10:51.849 | INFO     | __main__:__init__:23 - 🤖 Auto-Pilot System Initialized. AI is ready to take over.
2026-05-28 08:10:51.849 | SUCCESS  | __main__:start_24_7_operation:90 - 🚀 100% AUTO-PILOT MODE ACTIVATED. You can go sleep now!
2026-05-28 08:10:51.849 | INFO     | __main__:run_cycle:79 - 🔄 Starting Auto-Pilot Cycle...
2026-05-28 08:10:51.849 | INFO     | __main__:scan_for_upwork_jobs:29 - 🔍 [Auto-Pilot] Scanning Upwork for high-paying AI jobs...
2026-05-28 08:10:52.503 | INFO     | __main__:scan_for_upwork_jobs:31 - 📊 Found 0 new jobs to evaluate.
2026-05-28 08:10:52.503 | INFO     | __main__:evaluate_and_bid:38 - 💤 No new jobs to evaluate right now.
2026-05-28 08:10:52.503 | INFO     | __main__:check_messages_and_reply:54 - 💬 [Auto-Pilot] Checking for new leads in DB for WhatsApp outreach...
2026-05-28 08:11:13.712 | INFO     | agents.whatsapp_agent:_init_driver:65 - 📱 WhatsApp Browser Initialized.
2026-05-28 08:11:17.414 | INFO     | agents.whatsapp_agent:send_whatsapp_message:86 - ⏳ Waiting for WhatsApp Web to load for 9009334845650...
2026-05-28 08:12:02.677 | ERROR    | agents.whatsapp_agent:send_whatsapp_message:109 - ❌ Failed to send WhatsApp: Message: 
Stacktrace:
	chromedriver!GetHandleVerifier [0x7ff7fc707de5+14895]
	chromedriver!GetHandleVerifier [0x7ff7fc707e50+14900]
	chromedriver!(No symbol) [0x7ff7fc46d5ad]
	chromedriver!(No symbol) [0x7ff7fc4c7822]
	chromedriver!(No symbol) [0x7ff7fc4c7b2c]
	chromedriver!(No symbol) [0x7ff7fc517d17]
	chromedriver!(No symbol) [0x7ff7fc51486f]
	chromedriver!(No symbol) [0x7ff7fc4b9df8]
	chromedriver!(No symbol) [0x7ff7fc4bace3]
	chromedriver!GetHandleVerifier [0x7ff7fca1cc49+3296f9]
	chromedriver!GetHandleVerifier [0x7ff7fca17375+323e25]
	chromedriver!GetHandleVerifier [0x7ff7fca3bc82+348732]
	chromedriver!GetHandleVerifier [0x7ff7fc726045+32af5]
	chromedriver!GetHandleVerifier [0x7ff7fc72ecec+3b79c]
	chromedriver!GetHandleVerifier [0x7ff7fc711bc4+1e674]
	chromedriver!GetHandleVerifier [0x7ff7fc711d54+1e804]
	chromedriver!GetHandleVerifier [0x7ff7fc6f60e7+2b97]
	KERNEL32!BaseThreadInitThunk [0x7ffa119de957+17]
	ntdll!RtlUserThreadStart [0x7ffa1262427c+2c]

2026-05-28 08:12:02.678 | INFO     | __main__:check_messages_and_reply:70 - 🔗 Attempting LinkedIn connection for Indigo...
2026-05-28 08:12:11.305 | INFO     | __main__:check_messages_and_reply:70 - 🔗 Attempting LinkedIn connection for Lululemon...
2026-05-28 08:12:21.812 | INFO     | __main__:check_messages_and_reply:70 - 🔗 Attempting LinkedIn connection for Hudson's Bay...
2026-05-28 08:12:33.481 | INFO     | __main__:run_cycle:83 - ✅ Cycle Complete. Waiting for next cycle.
2026-05-28 08:20:52.735 | INFO     | __main__:run_cycle:79 - 🔄 Starting Auto-Pilot Cycle...
2026-05-28 08:20:52.738 | INFO     | __main__:scan_for_upwork_jobs:29 - 🔍 [Auto-Pilot] Scanning Upwork for high-paying AI jobs...
2026-05-28 08:20:53.703 | INFO     | __main__:scan_for_upwork_jobs:31 - 📊 Found 0 new jobs to evaluate.
2026-05-28 08:20:53.703 | INFO     | __main__:evaluate_and_bid:38 - 💤 No new jobs to evaluate right now.
2026-05-28 08:20:53.708 | INFO     | __main__:check_messages_and_reply:54 - 💬 [Auto-Pilot] Checking for new leads in DB for WhatsApp outreach...
2026-05-28 08:20:57.221 | INFO     | agents.whatsapp_agent:_init_driver:65 - 📱 WhatsApp Browser Initialized.
2026-05-28 08:20:58.456 | INFO     | agents.whatsapp_agent:send_whatsapp_message:86 - ⏳ Waiting for WhatsApp Web to load for 9009334845650...
2026-05-28 08:21:43.731 | ERROR    | agents.whatsapp_agent:send_whatsapp_message:109 - ❌ Failed to send WhatsApp: Message: 
Stacktrace:
	chromedriver!GetHandleVerifier [0x7ff7fc707de5+14895]
	chromedriver!GetHandleVerifier [0x7ff7fc707e50+14900]
	chromedriver!(No symbol) [0x7ff7fc46d5ad]
	chromedriver!(No symbol) [0x7ff7fc4c7822]
	chromedriver!(No symbol) [0x7ff7fc4c7b2c]
	chromedriver!(No symbol) [0x7ff7fc517d17]
	chromedriver!(No symbol) [0x7ff7fc51486f]
	chromedriver!(No symbol) [0x7ff7fc4b9df8]
	chromedriver!(No symbol) [0x7ff7fc4bace3]
	chromedriver!GetHandleVerifier [0x7ff7fca1cc49+3296f9]
	chromedriver!GetHandleVerifier [0x7ff7fca17375+323e25]
	chromedriver!GetHandleVerifier [0x7ff7fca3bc82+348732]
	chromedriver!GetHandleVerifier [0x7ff7fc726045+32af5]
	chromedriver!GetHandleVerifier [0x7ff7fc72ecec+3b79c]
	chromedriver!GetHandleVerifier [0x7ff7fc711bc4+1e674]
	chromedriver!GetHandleVerifier [0x7ff7fc711d54+1e804]
	chromedriver!GetHandleVerifier [0x7ff7fc6f60e7+2b97]
	KERNEL32!BaseThreadInitThunk [0x7ffa119de957+17]
	ntdll!RtlUserThreadStart [0x7ffa1262427c+2c]

2026-05-28 08:21:43.731 | INFO     | __main__:check_messages_and_reply:70 - 🔗 Attempting LinkedIn connection for Indigo...
2026-05-28 08:23:39.370 | INFO     | __main__:check_messages_and_reply:70 - 🔗 Attempting LinkedIn connection for Lululemon...
2026-05-28 08:23:53.247 | INFO     | __main__:check_messages_and_reply:70 - 🔗 Attempting LinkedIn connection for Hudson's Bay...
2026-05-28 08:24:07.089 | INFO     | __main__:run_cycle:83 - ✅ Cycle Complete. Waiting for next cycle.
2026-05-28 08:34:07.448 | INFO     | __main__:run_cycle:79 - 🔄 Starting Auto-Pilot Cycle...
2026-05-28 08:34:07.449 | INFO     | __main__:scan_for_upwork_jobs:29 - 🔍 [Auto-Pilot] Scanning Upwork for high-paying AI jobs...
2026-05-28 08:34:09.317 | INFO     | __main__:scan_for_upwork_jobs:31 - 📊 Found 0 new jobs to evaluate.
2026-05-28 08:34:09.318 | INFO     | __main__:evaluate_and_bid:38 - 💤 No new jobs to evaluate right now.
2026-05-28 08:34:09.318 | INFO     | __main__:check_messages_and_reply:54 - 💬 [Auto-Pilot] Checking for new leads in DB for WhatsApp outreach...
2026-05-28 08:34:15.705 | INFO     | agents.whatsapp_agent:_init_driver:65 - 📱 WhatsApp Browser Initialized.
2026-05-28 08:34:18.144 | INFO     | agents.whatsapp_agent:send_whatsapp_message:86 - ⏳ Waiting for WhatsApp Web to load for 9009334845650...
2026-05-28 08:35:03.632 | ERROR    | agents.whatsapp_agent:send_whatsapp_message:109 - ❌ Failed to send WhatsApp: Message: 
Stacktrace:
	chromedriver!GetHandleVerifier [0x7ff7fc707de5+14895]
	chromedriver!GetHandleVerifier [0x7ff7fc707e50+14900]
	chromedriver!(No symbol) [0x7ff7fc46d5ad]
	chromedriver!(No symbol) [0x7ff7fc4c7822]
	chromedriver!(No symbol) [0x7ff7fc4c7b2c]
	chromedriver!(No symbol) [0x7ff7fc517d17]
	chromedriver!(No symbol) [0x7ff7fc51486f]
	chromedriver!(No symbol) [0x7ff7fc4b9df8]
	chromedriver!(No symbol) [0x7ff7fc4bace3]
	chromedriver!GetHandleVerifier [0x7ff7fca1cc49+3296f9]
	chromedriver!GetHandleVerifier [0x7ff7fca17375+323e25]
	chromedriver!GetHandleVerifier [0x7ff7fca3bc82+348732]
	chromedriver!GetHandleVerifier [0x7ff7fc726045+32af5]
	chromedriver!GetHandleVerifier [0x7ff7fc72ecec+3b79c]
	chromedriver!GetHandleVerifier [0x7ff7fc711bc4+1e674]
	chromedriver!GetHandleVerifier [0x7ff7fc711d54+1e804]
	chromedriver!GetHandleVerifier [0x7ff7fc6f60e7+2b97]
	KERNEL32!BaseThreadInitThunk [0x7ffa119de957+17]
	ntdll!RtlUserThreadStart [0x7ffa1262427c+2c]

2026-05-28 08:35:03.635 | INFO     | __main__:check_messages_and_reply:70 - 🔗 Attempting LinkedIn connection for Indigo...
2026-05-28 08:35:17.689 | INFO     | __main__:check_messages_and_reply:70 - 🔗 Attempting LinkedIn connection for Lululemon...
2026-05-28 08:35:31.551 | INFO     | __main__:check_messages_and_reply:70 - 🔗 Attempting LinkedIn connection for Hudson's Bay...
2026-05-28 08:35:45.677 | INFO     | __main__:run_cycle:83 - ✅ Cycle Complete. Waiting for next cycle.
2026-05-28 08:45:46.009 | INFO     | __main__:run_cycle:79 - 🔄 Starting Auto-Pilot Cycle...
2026-05-28 08:45:46.009 | INFO     | __main__:scan_for_upwork_jobs:29 - 🔍 [Auto-Pilot] Scanning Upwork for high-paying AI jobs...
2026-05-28 08:45:46.969 | INFO     | __main__:scan_for_upwork_jobs:31 - 📊 Found 0 new jobs to evaluate.
2026-05-28 08:45:46.969 | INFO     | __main__:evaluate_and_bid:38 - 💤 No new jobs to evaluate right now.
2026-05-28 08:45:46.973 | INFO     | __main__:check_messages_and_reply:54 - 💬 [Auto-Pilot] Checking for new leads in DB for WhatsApp outreach...
2026-05-28 08:45:53.992 | INFO     | agents.whatsapp_agent:_init_driver:65 - 📱 WhatsApp Browser Initialized.
2026-05-28 08:45:55.753 | INFO     | agents.whatsapp_agent:send_whatsapp_message:86 - ⏳ Waiting for WhatsApp Web to load for 9009334845650...
2026-05-28 08:46:41.112 | ERROR    | agents.whatsapp_agent:send_whatsapp_message:109 - ❌ Failed to send WhatsApp: Message: 
Stacktrace:
	chromedriver!GetHandleVerifier [0x7ff7fc707de5+14895]
	chromedriver!GetHandleVerifier [0x7ff7fc707e50+14900]
	chromedriver!(No symbol) [0x7ff7fc46d5ad]
	chromedriver!(No symbol) [0x7ff7fc4c7822]
	chromedriver!(No symbol) [0x7ff7fc4c7b2c]
	chromedriver!(No symbol) [0x7ff7fc517d17]
	chromedriver!(No symbol) [0x7ff7fc51486f]
	chromedriver!(No symbol) [0x7ff7fc4b9df8]
	chromedriver!(No symbol) [0x7ff7fc4bace3]
	chromedriver!GetHandleVerifier [0x7ff7fca1cc49+3296f9]
	chromedriver!GetHandleVerifier [0x7ff7fca17375+323e25]
	chromedriver!GetHandleVerifier [0x7ff7fca3bc82+348732]
	chromedriver!GetHandleVerifier [0x7ff7fc726045+32af5]
	chromedriver!GetHandleVerifier [0x7ff7fc72ecec+3b79c]
	chromedriver!GetHandleVerifier [0x7ff7fc711bc4+1e674]
	chromedriver!GetHandleVerifier [0x7ff7fc711d54+1e804]
	chromedriver!GetHandleVerifier [0x7ff7fc6f60e7+2b97]
	KERNEL32!BaseThreadInitThunk [0x7ffa119de957+17]
	ntdll!RtlUserThreadStart [0x7ffa1262427c+2c]

2026-05-28 08:46:41.112 | INFO     | __main__:check_messages_and_reply:70 - 🔗 Attempting LinkedIn connection for Indigo...
2026-05-28 08:46:58.299 | INFO     | __main__:check_messages_and_reply:70 - 🔗 Attempting LinkedIn connection for Lululemon...
2026-05-28 08:47:12.062 | INFO     | __main__:check_messages_and_reply:70 - 🔗 Attempting LinkedIn connection for Hudson's Bay...
2026-05-28 08:47:28.273 | INFO     | __main__:run_cycle:83 - ✅ Cycle Complete. Waiting for next cycle.
2026-05-28 08:57:28.673 | INFO     | __main__:run_cycle:79 - 🔄 Starting Auto-Pilot Cycle...
2026-05-28 08:57:28.675 | INFO     | __main__:scan_for_upwork_jobs:29 - 🔍 [Auto-Pilot] Scanning Upwork for high-paying AI jobs...
2026-05-28 08:57:29.592 | INFO     | __main__:scan_for_upwork_jobs:31 - 📊 Found 0 new jobs to evaluate.
2026-05-28 08:57:29.592 | INFO     | __main__:evaluate_and_bid:38 - 💤 No new jobs to evaluate right now.
2026-05-28 08:57:29.592 | INFO     | __main__:check_messages_and_reply:54 - 💬 [Auto-Pilot] Checking for new leads in DB for WhatsApp outreach...
2026-05-28 08:57:35.451 | INFO     | agents.whatsapp_agent:_init_driver:65 - 📱 WhatsApp Browser Initialized.
2026-05-28 08:57:38.082 | INFO     | agents.whatsapp_agent:send_whatsapp_message:86 - ⏳ Waiting for WhatsApp Web to load for 9009334845650...
2026-05-28 08:58:23.227 | ERROR    | agents.whatsapp_agent:send_whatsapp_message:109 - ❌ Failed to send WhatsApp: Message: 
Stacktrace:
	chromedriver!GetHandleVerifier [0x7ff7fc707de5+14895]
	chromedriver!GetHandleVerifier [0x7ff7fc707e50+14900]
	chromedriver!(No symbol) [0x7ff7fc46d5ad]
	chromedriver!(No symbol) [0x7ff7fc4c7822]
	chromedriver!(No symbol) [0x7ff7fc4c7b2c]
	chromedriver!(No symbol) [0x7ff7fc517d17]
	chromedriver!(No symbol) [0x7ff7fc51486f]
	chromedriver!(No symbol) [0x7ff7fc4b9df8]
	chromedriver!(No symbol) [0x7ff7fc4bace3]
	chromedriver!GetHandleVerifier [0x7ff7fca1cc49+3296f9]
	chromedriver!GetHandleVerifier [0x7ff7fca17375+323e25]
	chromedriver!GetHandleVerifier [0x7ff7fca3bc82+348732]
	chromedriver!GetHandleVerifier [0x7ff7fc726045+32af5]
	chromedriver!GetHandleVerifier [0x7ff7fc72ecec+3b79c]
	chromedriver!GetHandleVerifier [0x7ff7fc711bc4+1e674]
	chromedriver!GetHandleVerifier [0x7ff7fc711d54+1e804]
	chromedriver!GetHandleVerifier [0x7ff7fc6f60e7+2b97]
	KERNEL32!BaseThreadInitThunk [0x7ffa119de957+17]
	ntdll!RtlUserThreadStart [0x7ffa1262427c+2c]

2026-05-28 08:58:23.227 | INFO     | __main__:check_messages_and_reply:70 - 🔗 Attempting LinkedIn connection for Indigo...
2026-05-28 08:58:23.236 | INFO     | __main__:check_messages_and_reply:70 - 🔗 Attempting LinkedIn connection for Lululemon...
2026-05-28 08:58:23.569 | INFO     | __main__:check_messages_and_reply:70 - 🔗 Attempting LinkedIn connection for Hudson's Bay...
2026-05-28 08:58:23.573 | INFO     | __main__:run_cycle:83 - ✅ Cycle Complete. Waiting for next cycle.
2026-05-28 09:08:23.969 | INFO     | __main__:run_cycle:79 - 🔄 Starting Auto-Pilot Cycle...
2026-05-28 09:08:23.969 | INFO     | __main__:scan_for_upwork_jobs:29 - 🔍 [Auto-Pilot] Scanning Upwork for high-paying AI jobs...
2026-05-28 09:08:24.756 | INFO     | __main__:scan_for_upwork_jobs:31 - 📊 Found 0 new jobs to evaluate.
2026-05-28 09:08:24.759 | INFO     | __main__:evaluate_and_bid:38 - 💤 No new jobs to evaluate right now.
2026-05-28 09:08:24.760 | INFO     | __main__:check_messages_and_reply:54 - 💬 [Auto-Pilot] Checking for new leads in DB for WhatsApp outreach...
2026-05-28 09:08:33.115 | INFO     | agents.whatsapp_agent:_init_driver:65 - 📱 WhatsApp Browser Initialized.
2026-05-28 09:08:38.730 | INFO     | agents.whatsapp_agent:send_whatsapp_message:86 - ⏳ Waiting for WhatsApp Web to load for 9009334845650...
2026-05-28 09:09:23.968 | ERROR    | agents.whatsapp_agent:send_whatsapp_message:109 - ❌ Failed to send WhatsApp: Message: 
Stacktrace:
	chromedriver!GetHandleVerifier [0x7ff7fc707de5+14895]
	chromedriver!GetHandleVerifier [0x7ff7fc707e50+14900]
	chromedriver!(No symbol) [0x7ff7fc46d5ad]
	chromedriver!(No symbol) [0x7ff7fc4c7822]
	chromedriver!(No symbol) [0x7ff7fc4c7b2c]
	chromedriver!(No symbol) [0x7ff7fc517d17]
	chromedriver!(No symbol) [0x7ff7fc51486f]
	chromedriver!(No symbol) [0x7ff7fc4b9df8]
	chromedriver!(No symbol) [0x7ff7fc4bace3]
	chromedriver!GetHandleVerifier [0x7ff7fca1cc49+3296f9]
	chromedriver!GetHandleVerifier [0x7ff7fca17375+323e25]
	chromedriver!GetHandleVerifier [0x7ff7fca3bc82+348732]
	chromedriver!GetHandleVerifier [0x7ff7fc726045+32af5]
	chromedriver!GetHandleVerifier [0x7ff7fc72ecec+3b79c]
	chromedriver!GetHandleVerifier [0x7ff7fc711bc4+1e674]
	chromedriver!GetHandleVerifier [0x7ff7fc711d54+1e804]
	chromedriver!GetHandleVerifier [0x7ff7fc6f60e7+2b97]
	KERNEL32!BaseThreadInitThunk [0x7ffa119de957+17]
	ntdll!RtlUserThreadStart [0x7ffa1262427c+2c]

2026-05-28 09:09:23.973 | INFO     | __main__:check_messages_and_reply:70 - 🔗 Attempting LinkedIn connection for Indigo...
2026-05-28 09:09:23.981 | INFO     | __main__:check_messages_and_reply:70 - 🔗 Attempting LinkedIn connection for Lululemon...
2026-05-28 09:09:23.986 | INFO     | __main__:check_messages_and_reply:70 - 🔗 Attempting LinkedIn connection for Hudson's Bay...
2026-05-28 09:09:23.999 | INFO     | __main__:run_cycle:83 - ✅ Cycle Complete. Waiting for next cycle.
2026-05-28 09:19:24.422 | INFO     | __main__:run_cycle:79 - 🔄 Starting Auto-Pilot Cycle...
2026-05-28 09:19:24.423 | INFO     | __main__:scan_for_upwork_jobs:29 - 🔍 [Auto-Pilot] Scanning Upwork for high-paying AI jobs...
2026-05-28 09:19:25.253 | INFO     | __main__:scan_for_upwork_jobs:31 - 📊 Found 0 new jobs to evaluate.
2026-05-28 09:19:25.253 | INFO     | __main__:evaluate_and_bid:38 - 💤 No new jobs to evaluate right now.
2026-05-28 09:19:25.253 | INFO     | __main__:check_messages_and_reply:54 - 💬 [Auto-Pilot] Checking for new leads in DB for WhatsApp outreach...
2026-05-28 09:19:29.651 | INFO     | agents.whatsapp_agent:_init_driver:65 - 📱 WhatsApp Browser Initialized.
2026-05-28 09:19:31.023 | INFO     | agents.whatsapp_agent:send_whatsapp_message:86 - ⏳ Waiting for WhatsApp Web to load for 9009334845650...
2026-05-28 09:20:16.092 | ERROR    | agents.whatsapp_agent:send_whatsapp_message:109 - ❌ Failed to send WhatsApp: Message: 
Stacktrace:
	chromedriver!GetHandleVerifier [0x7ff7fc707de5+14895]
	chromedriver!GetHandleVerifier [0x7ff7fc707e50+14900]
	chromedriver!(No symbol) [0x7ff7fc46d5ad]
	chromedriver!(No symbol) [0x7ff7fc4c7822]
	chromedriver!(No symbol) [0x7ff7fc4c7b2c]
	chromedriver!(No symbol) [0x7ff7fc517d17]
	chromedriver!(No symbol) [0x7ff7fc51486f]
	chromedriver!(No symbol) [0x7ff7fc4b9df8]
	chromedriver!(No symbol) [0x7ff7fc4bace3]
	chromedriver!GetHandleVerifier [0x7ff7fca1cc49+3296f9]
	chromedriver!GetHandleVerifier [0x7ff7fca17375+323e25]
	chromedriver!GetHandleVerifier [0x7ff7fca3bc82+348732]
	chromedriver!GetHandleVerifier [0x7ff7fc726045+32af5]
	chromedriver!GetHandleVerifier [0x7ff7fc72ecec+3b79c]
	chromedriver!GetHandleVerifier [0x7ff7fc711bc4+1e674]
	chromedriver!GetHandleVerifier [0x7ff7fc711d54+1e804]
	chromedriver!GetHandleVerifier [0x7ff7fc6f60e7+2b97]
	KERNEL32!BaseThreadInitThunk [0x7ffa119de957+17]
	ntdll!RtlUserThreadStart [0x7ffa1262427c+2c]

2026-05-28 09:20:16.096 | INFO     | __main__:check_messages_and_reply:70 - 🔗 Attempting LinkedIn connection for Indigo...
2026-05-28 09:20:16.099 | INFO     | __main__:check_messages_and_reply:70 - 🔗 Attempting LinkedIn connection for Lululemon...
2026-05-28 09:20:16.104 | INFO     | __main__:check_messages_and_reply:70 - 🔗 Attempting LinkedIn connection for Hudson's Bay...
2026-05-28 09:20:16.112 | INFO     | __main__:run_cycle:83 - ✅ Cycle Complete. Waiting for next cycle.
2026-05-28 09:30:16.443 | INFO     | __main__:run_cycle:79 - 🔄 Starting Auto-Pilot Cycle...
2026-05-28 09:30:16.446 | INFO     | __main__:scan_for_upwork_jobs:29 - 🔍 [Auto-Pilot] Scanning Upwork for high-paying AI jobs...
2026-05-28 09:30:31.562 | INFO     | __main__:scan_for_upwork_jobs:31 - 📊 Found 0 new jobs to evaluate.
2026-05-28 09:30:31.563 | INFO     | __main__:evaluate_and_bid:38 - 💤 No new jobs to evaluate right now.
2026-05-28 09:30:31.564 | INFO     | __main__:check_messages_and_reply:54 - 💬 [Auto-Pilot] Checking for new leads in DB for WhatsApp outreach...
2026-05-28 09:30:40.102 | INFO     | agents.whatsapp_agent:_init_driver:65 - 📱 WhatsApp Browser Initialized.
2026-05-28 09:31:25.609 | INFO     | agents.whatsapp_agent:send_whatsapp_message:86 - ⏳ Waiting for WhatsApp Web to load for 9009334845650...
2026-05-28 09:32:10.906 | ERROR    | agents.whatsapp_agent:send_whatsapp_message:109 - ❌ Failed to send WhatsApp: Message: 
Stacktrace:
	chromedriver!GetHandleVerifier [0x7ff7fc707de5+14895]
	chromedriver!GetHandleVerifier [0x7ff7fc707e50+14900]
	chromedriver!(No symbol) [0x7ff7fc46d5ad]
	chromedriver!(No symbol) [0x7ff7fc4c7822]
	chromedriver!(No symbol) [0x7ff7fc4c7b2c]
	chromedriver!(No symbol) [0x7ff7fc517d17]
	chromedriver!(No symbol) [0x7ff7fc51486f]
	chromedriver!(No symbol) [0x7ff7fc4b9df8]
	chromedriver!(No symbol) [0x7ff7fc4bace3]
	chromedriver!GetHandleVerifier [0x7ff7fca1cc49+3296f9]
	chromedriver!GetHandleVerifier [0x7ff7fca17375+323e25]
	chromedriver!GetHandleVerifier [0x7ff7fca3bc82+348732]
	chromedriver!GetHandleVerifier [0x7ff7fc726045+32af5]
	chromedriver!GetHandleVerifier [0x7ff7fc72ecec+3b79c]
	chromedriver!GetHandleVerifier [0x7ff7fc711bc4+1e674]
	chromedriver!GetHandleVerifier [0x7ff7fc711d54+1e804]
	chromedriver!GetHandleVerifier [0x7ff7fc6f60e7+2b97]
	KERNEL32!BaseThreadInitThunk [0x7ffa119de957+17]
	ntdll!RtlUserThreadStart [0x7ffa1262427c+2c]

2026-05-28 09:32:10.908 | INFO     | __main__:check_messages_and_reply:70 - 🔗 Attempting LinkedIn connection for Indigo...
2026-05-28 09:32:10.912 | INFO     | __main__:check_messages_and_reply:70 - 🔗 Attempting LinkedIn connection for Lululemon...
2026-05-28 09:32:10.917 | INFO     | __main__:check_messages_and_reply:70 - 🔗 Attempting LinkedIn connection for Hudson's Bay...
2026-05-28 09:32:10.923 | INFO     | __main__:run_cycle:83 - ✅ Cycle Complete. Waiting for next cycle.
2026-06-01 22:39:27.296 | INFO     | __main__:__init__:23 - 🤖 Auto-Pilot System Initialized. AI is ready to take over.
2026-06-01 22:39:27.297 | SUCCESS  | __main__:start_24_7_operation:90 - 🚀 100% AUTO-PILOT MODE ACTIVATED. You can go sleep now!
2026-06-01 22:39:27.297 | INFO     | __main__:run_cycle:79 - 🔄 Starting Auto-Pilot Cycle...
2026-06-01 22:39:27.297 | INFO     | __main__:scan_for_upwork_jobs:29 - 🔍 [Auto-Pilot] Scanning Upwork for high-paying AI jobs...
2026-06-01 22:39:27.870 | INFO     | __main__:scan_for_upwork_jobs:31 - 📊 Found 0 new jobs to evaluate.
2026-06-01 22:39:27.871 | INFO     | __main__:evaluate_and_bid:38 - 💤 No new jobs to evaluate right now.
2026-06-01 22:39:27.871 | INFO     | __main__:check_messages_and_reply:54 - 💬 [Auto-Pilot] Checking for new leads in DB for WhatsApp outreach...
2026-06-01 22:39:53.606 | INFO     | agents.whatsapp_agent:_init_driver:65 - 📱 WhatsApp Browser Initialized.
2026-06-01 22:40:06.437 | INFO     | agents.whatsapp_agent:send_whatsapp_message:86 - ⏳ Waiting for WhatsApp Web to load for 9009334845650...
2026-06-01 22:40:51.693 | ERROR    | agents.whatsapp_agent:send_whatsapp_message:109 - ❌ Failed to send WhatsApp: Message: 
Stacktrace:
	chromedriver!GetHandleVerifier [0x7ff7b5157de5+14895]
	chromedriver!GetHandleVerifier [0x7ff7b5157e50+14900]
	chromedriver!(No symbol) [0x7ff7b4ebd5ad]
	chromedriver!(No symbol) [0x7ff7b4f17822]
	chromedriver!(No symbol) [0x7ff7b4f17b2c]
	chromedriver!(No symbol) [0x7ff7b4f67d17]
	chromedriver!(No symbol) [0x7ff7b4f6486f]
	chromedriver!(No symbol) [0x7ff7b4f09df8]
	chromedriver!(No symbol) [0x7ff7b4f0ace3]
	chromedriver!GetHandleVerifier [0x7ff7b546cc49+3296f9]
	chromedriver!GetHandleVerifier [0x7ff7b5467375+323e25]
	chromedriver!GetHandleVerifier [0x7ff7b548bc82+348732]
	chromedriver!GetHandleVerifier [0x7ff7b5176045+32af5]
	chromedriver!GetHandleVerifier [0x7ff7b517ecec+3b79c]
	chromedriver!GetHandleVerifier [0x7ff7b5161bc4+1e674]
	chromedriver!GetHandleVerifier [0x7ff7b5161d54+1e804]
	chromedriver!GetHandleVerifier [0x7ff7b51460e7+2b97]
	KERNEL32!BaseThreadInitThunk [0x7ffa119de957+17]
	ntdll!RtlUserThreadStart [0x7ffa1262427c+2c]

2026-06-01 22:40:51.695 | INFO     | __main__:check_messages_and_reply:70 - 🔗 Attempting LinkedIn connection for Indigo...
2026-06-01 22:41:02.247 | INFO     | __main__:check_messages_and_reply:70 - 🔗 Attempting LinkedIn connection for Lululemon...
2026-06-01 22:41:13.945 | INFO     | __main__:check_messages_and_reply:70 - 🔗 Attempting LinkedIn connection for Hudson's Bay...
2026-06-01 22:41:24.248 | INFO     | __main__:run_cycle:83 - ✅ Cycle Complete. Waiting for next cycle.
2026-06-01 22:49:27.578 | INFO     | __main__:run_cycle:79 - 🔄 Starting Auto-Pilot Cycle...
2026-06-01 22:49:27.578 | INFO     | __main__:scan_for_upwork_jobs:29 - 🔍 [Auto-Pilot] Scanning Upwork for high-paying AI jobs...
2026-06-01 22:49:27.913 | INFO     | __main__:scan_for_upwork_jobs:31 - 📊 Found 0 new jobs to evaluate.
2026-06-01 22:49:27.913 | INFO     | __main__:evaluate_and_bid:38 - 💤 No new jobs to evaluate right now.
2026-06-01 22:49:27.913 | INFO     | __main__:check_messages_and_reply:54 - 💬 [Auto-Pilot] Checking for new leads in DB for WhatsApp outreach...
2026-06-01 22:49:30.299 | INFO     | agents.whatsapp_agent:_init_driver:65 - 📱 WhatsApp Browser Initialized.
2026-06-01 22:49:31.315 | INFO     | agents.whatsapp_agent:send_whatsapp_message:86 - ⏳ Waiting for WhatsApp Web to load for 9009334845650...
2026-06-01 22:50:16.768 | ERROR    | agents.whatsapp_agent:send_whatsapp_message:109 - ❌ Failed to send WhatsApp: Message: 
Stacktrace:
	chromedriver!GetHandleVerifier [0x7ff7b5157de5+14895]
	chromedriver!GetHandleVerifier [0x7ff7b5157e50+14900]
	chromedriver!(No symbol) [0x7ff7b4ebd5ad]
	chromedriver!(No symbol) [0x7ff7b4f17822]
	chromedriver!(No symbol) [0x7ff7b4f17b2c]
	chromedriver!(No symbol) [0x7ff7b4f67d17]
	chromedriver!(No symbol) [0x7ff7b4f6486f]
	chromedriver!(No symbol) [0x7ff7b4f09df8]
	chromedriver!(No symbol) [0x7ff7b4f0ace3]
	chromedriver!GetHandleVerifier [0x7ff7b546cc49+3296f9]
	chromedriver!GetHandleVerifier [0x7ff7b5467375+323e25]
	chromedriver!GetHandleVerifier [0x7ff7b548bc82+348732]
	chromedriver!GetHandleVerifier [0x7ff7b5176045+32af5]
	chromedriver!GetHandleVerifier [0x7ff7b517ecec+3b79c]
	chromedriver!GetHandleVerifier [0x7ff7b5161bc4+1e674]
	chromedriver!GetHandleVerifier [0x7ff7b5161d54+1e804]
	chromedriver!GetHandleVerifier [0x7ff7b51460e7+2b97]
	KERNEL32!BaseThreadInitThunk [0x7ffa119de957+17]
	ntdll!RtlUserThreadStart [0x7ffa1262427c+2c]

2026-06-01 22:50:16.769 | INFO     | __main__:check_messages_and_reply:70 - 🔗 Attempting LinkedIn connection for Indigo...
2026-06-01 22:50:25.031 | INFO     | __main__:check_messages_and_reply:70 - 🔗 Attempting LinkedIn connection for Lululemon...
2026-06-01 22:50:33.535 | INFO     | __main__:check_messages_and_reply:70 - 🔗 Attempting LinkedIn connection for Hudson's Bay...
2026-06-01 22:50:41.748 | INFO     | __main__:run_cycle:83 - ✅ Cycle Complete. Waiting for next cycle.
2026-06-01 23:00:42.117 | INFO     | __main__:run_cycle:79 - 🔄 Starting Auto-Pilot Cycle...
2026-06-01 23:00:42.119 | INFO     | __main__:scan_for_upwork_jobs:29 - 🔍 [Auto-Pilot] Scanning Upwork for high-paying AI jobs...
2026-06-01 23:00:42.725 | INFO     | __main__:scan_for_upwork_jobs:31 - 📊 Found 0 new jobs to evaluate.
2026-06-01 23:00:42.725 | INFO     | __main__:evaluate_and_bid:38 - 💤 No new jobs to evaluate right now.
2026-06-01 23:00:42.725 | INFO     | __main__:check_messages_and_reply:54 - 💬 [Auto-Pilot] Checking for new leads in DB for WhatsApp outreach...
2026-06-01 23:00:46.955 | INFO     | agents.whatsapp_agent:_init_driver:65 - 📱 WhatsApp Browser Initialized.
2026-06-01 23:00:47.723 | INFO     | agents.whatsapp_agent:send_whatsapp_message:86 - ⏳ Waiting for WhatsApp Web to load for 9009334845650...
2026-06-01 23:01:33.228 | ERROR    | agents.whatsapp_agent:send_whatsapp_message:109 - ❌ Failed to send WhatsApp: Message: 
Stacktrace:
	chromedriver!GetHandleVerifier [0x7ff7b5157de5+14895]
	chromedriver!GetHandleVerifier [0x7ff7b5157e50+14900]
	chromedriver!(No symbol) [0x7ff7b4ebd5ad]
	chromedriver!(No symbol) [0x7ff7b4f17822]
	chromedriver!(No symbol) [0x7ff7b4f17b2c]
	chromedriver!(No symbol) [0x7ff7b4f67d17]
	chromedriver!(No symbol) [0x7ff7b4f6486f]
	chromedriver!(No symbol) [0x7ff7b4f09df8]
	chromedriver!(No symbol) [0x7ff7b4f0ace3]
	chromedriver!GetHandleVerifier [0x7ff7b546cc49+3296f9]
	chromedriver!GetHandleVerifier [0x7ff7b5467375+323e25]
	chromedriver!GetHandleVerifier [0x7ff7b548bc82+348732]
	chromedriver!GetHandleVerifier [0x7ff7b5176045+32af5]
	chromedriver!GetHandleVerifier [0x7ff7b517ecec+3b79c]
	chromedriver!GetHandleVerifier [0x7ff7b5161bc4+1e674]
	chromedriver!GetHandleVerifier [0x7ff7b5161d54+1e804]
	chromedriver!GetHandleVerifier [0x7ff7b51460e7+2b97]
	KERNEL32!BaseThreadInitThunk [0x7ffa119de957+17]
	ntdll!RtlUserThreadStart [0x7ffa1262427c+2c]

2026-06-01 23:01:33.230 | INFO     | __main__:check_messages_and_reply:70 - 🔗 Attempting LinkedIn connection for Indigo...
2026-06-01 23:01:42.054 | INFO     | __main__:check_messages_and_reply:70 - 🔗 Attempting LinkedIn connection for Lululemon...
2026-06-01 23:01:51.164 | INFO     | __main__:check_messages_and_reply:70 - 🔗 Attempting LinkedIn connection for Hudson's Bay...
2026-06-01 23:02:00.054 | INFO     | __main__:run_cycle:83 - ✅ Cycle Complete. Waiting for next cycle.
2026-06-01 23:12:00.418 | INFO     | __main__:run_cycle:79 - 🔄 Starting Auto-Pilot Cycle...
2026-06-01 23:12:00.419 | INFO     | __main__:scan_for_upwork_jobs:29 - 🔍 [Auto-Pilot] Scanning Upwork for high-paying AI jobs...
2026-06-01 23:12:00.841 | INFO     | __main__:scan_for_upwork_jobs:31 - 📊 Found 0 new jobs to evaluate.
2026-06-01 23:12:00.842 | INFO     | __main__:evaluate_and_bid:38 - 💤 No new jobs to evaluate right now.
2026-06-01 23:12:00.842 | INFO     | __main__:check_messages_and_reply:54 - 💬 [Auto-Pilot] Checking for new leads in DB for WhatsApp outreach...
2026-06-01 23:12:05.877 | INFO     | agents.whatsapp_agent:_init_driver:65 - 📱 WhatsApp Browser Initialized.
2026-06-01 23:12:09.703 | INFO     | agents.whatsapp_agent:send_whatsapp_message:86 - ⏳ Waiting for WhatsApp Web to load for 9009334845650...
2026-06-01 23:12:54.944 | ERROR    | agents.whatsapp_agent:send_whatsapp_message:109 - ❌ Failed to send WhatsApp: Message: 
Stacktrace:
	chromedriver!GetHandleVerifier [0x7ff7b5157de5+14895]
	chromedriver!GetHandleVerifier [0x7ff7b5157e50+14900]
	chromedriver!(No symbol) [0x7ff7b4ebd5ad]
	chromedriver!(No symbol) [0x7ff7b4f17822]
	chromedriver!(No symbol) [0x7ff7b4f17b2c]
	chromedriver!(No symbol) [0x7ff7b4f67d17]
	chromedriver!(No symbol) [0x7ff7b4f6486f]
	chromedriver!(No symbol) [0x7ff7b4f09df8]
	chromedriver!(No symbol) [0x7ff7b4f0ace3]
	chromedriver!GetHandleVerifier [0x7ff7b546cc49+3296f9]
	chromedriver!GetHandleVerifier [0x7ff7b5467375+323e25]
	chromedriver!GetHandleVerifier [0x7ff7b548bc82+348732]
	chromedriver!GetHandleVerifier [0x7ff7b5176045+32af5]
	chromedriver!GetHandleVerifier [0x7ff7b517ecec+3b79c]
	chromedriver!GetHandleVerifier [0x7ff7b5161bc4+1e674]
	chromedriver!GetHandleVerifier [0x7ff7b5161d54+1e804]
	chromedriver!GetHandleVerifier [0x7ff7b51460e7+2b97]
	KERNEL32!BaseThreadInitThunk [0x7ffa119de957+17]
	ntdll!RtlUserThreadStart [0x7ffa1262427c+2c]

2026-06-01 23:12:54.945 | INFO     | __main__:check_messages_and_reply:70 - 🔗 Attempting LinkedIn connection for Indigo...
2026-06-01 23:13:09.890 | INFO     | __main__:check_messages_and_reply:70 - 🔗 Attempting LinkedIn connection for Lululemon...
2026-06-01 23:13:38.776 | INFO     | __main__:check_messages_and_reply:70 - 🔗 Attempting LinkedIn connection for Hudson's Bay...
2026-06-01 23:13:48.057 | INFO     | __main__:run_cycle:83 - ✅ Cycle Complete. Waiting for next cycle.
2026-06-01 23:23:48.391 | INFO     | __main__:run_cycle:79 - 🔄 Starting Auto-Pilot Cycle...
2026-06-01 23:23:48.392 | INFO     | __main__:scan_for_upwork_jobs:29 - 🔍 [Auto-Pilot] Scanning Upwork for high-paying AI jobs...
2026-06-01 23:23:48.973 | INFO     | __main__:scan_for_upwork_jobs:31 - 📊 Found 0 new jobs to evaluate.
2026-06-01 23:23:48.973 | INFO     | __main__:evaluate_and_bid:38 - 💤 No new jobs to evaluate right now.
2026-06-01 23:23:48.974 | INFO     | __main__:check_messages_and_reply:54 - 💬 [Auto-Pilot] Checking for new leads in DB for WhatsApp outreach...
2026-06-01 23:23:53.603 | INFO     | agents.whatsapp_agent:_init_driver:65 - 📱 WhatsApp Browser Initialized.
2026-06-01 23:23:54.495 | INFO     | agents.whatsapp_agent:send_whatsapp_message:86 - ⏳ Waiting for WhatsApp Web to load for 9009334845650...
2026-06-01 23:24:39.904 | ERROR    | agents.whatsapp_agent:send_whatsapp_message:109 - ❌ Failed to send WhatsApp: Message: 
Stacktrace:
	chromedriver!GetHandleVerifier [0x7ff7b5157de5+14895]
	chromedriver!GetHandleVerifier [0x7ff7b5157e50+14900]
	chromedriver!(No symbol) [0x7ff7b4ebd5ad]
	chromedriver!(No symbol) [0x7ff7b4f17822]
	chromedriver!(No symbol) [0x7ff7b4f17b2c]
	chromedriver!(No symbol) [0x7ff7b4f67d17]
	chromedriver!(No symbol) [0x7ff7b4f6486f]
	chromedriver!(No symbol) [0x7ff7b4f09df8]
	chromedriver!(No symbol) [0x7ff7b4f0ace3]
	chromedriver!GetHandleVerifier [0x7ff7b546cc49+3296f9]
	chromedriver!GetHandleVerifier [0x7ff7b5467375+323e25]
	chromedriver!GetHandleVerifier [0x7ff7b548bc82+348732]
	chromedriver!GetHandleVerifier [0x7ff7b5176045+32af5]
	chromedriver!GetHandleVerifier [0x7ff7b517ecec+3b79c]
	chromedriver!GetHandleVerifier [0x7ff7b5161bc4+1e674]
	chromedriver!GetHandleVerifier [0x7ff7b5161d54+1e804]
	chromedriver!GetHandleVerifier [0x7ff7b51460e7+2b97]
	KERNEL32!BaseThreadInitThunk [0x7ffa119de957+17]
	ntdll!RtlUserThreadStart [0x7ffa1262427c+2c]

2026-06-01 23:24:39.905 | INFO     | __main__:check_messages_and_reply:70 - 🔗 Attempting LinkedIn connection for Indigo...
2026-06-01 23:24:48.355 | INFO     | __main__:check_messages_and_reply:70 - 🔗 Attempting LinkedIn connection for Lululemon...
2026-06-01 23:25:00.825 | INFO     | __main__:check_messages_and_reply:70 - 🔗 Attempting LinkedIn connection for Hudson's Bay...
2026-06-01 23:25:51.351 | INFO     | __main__:run_cycle:83 - ✅ Cycle Complete. Waiting for next cycle.
2026-06-01 23:35:51.708 | INFO     | __main__:run_cycle:79 - 🔄 Starting Auto-Pilot Cycle...
2026-06-01 23:35:51.709 | INFO     | __main__:scan_for_upwork_jobs:29 - 🔍 [Auto-Pilot] Scanning Upwork for high-paying AI jobs...
2026-06-01 23:35:52.446 | INFO     | __main__:scan_for_upwork_jobs:31 - 📊 Found 0 new jobs to evaluate.
2026-06-01 23:35:52.448 | INFO     | __main__:evaluate_and_bid:38 - 💤 No new jobs to evaluate right now.
2026-06-01 23:35:52.448 | INFO     | __main__:check_messages_and_reply:54 - 💬 [Auto-Pilot] Checking for new leads in DB for WhatsApp outreach...
2026-06-01 23:35:57.310 | INFO     | agents.whatsapp_agent:_init_driver:65 - 📱 WhatsApp Browser Initialized.
2026-06-01 23:35:58.555 | INFO     | agents.whatsapp_agent:send_whatsapp_message:86 - ⏳ Waiting for WhatsApp Web to load for 9009334845650...
2026-06-01 23:36:43.955 | ERROR    | agents.whatsapp_agent:send_whatsapp_message:109 - ❌ Failed to send WhatsApp: Message: 
Stacktrace:
	chromedriver!GetHandleVerifier [0x7ff7b5157de5+14895]
	chromedriver!GetHandleVerifier [0x7ff7b5157e50+14900]
	chromedriver!(No symbol) [0x7ff7b4ebd5ad]
	chromedriver!(No symbol) [0x7ff7b4f17822]
	chromedriver!(No symbol) [0x7ff7b4f17b2c]
	chromedriver!(No symbol) [0x7ff7b4f67d17]
	chromedriver!(No symbol) [0x7ff7b4f6486f]
	chromedriver!(No symbol) [0x7ff7b4f09df8]
	chromedriver!(No symbol) [0x7ff7b4f0ace3]
	chromedriver!GetHandleVerifier [0x7ff7b546cc49+3296f9]
	chromedriver!GetHandleVerifier [0x7ff7b5467375+323e25]
	chromedriver!GetHandleVerifier [0x7ff7b548bc82+348732]
	chromedriver!GetHandleVerifier [0x7ff7b5176045+32af5]
	chromedriver!GetHandleVerifier [0x7ff7b517ecec+3b79c]
	chromedriver!GetHandleVerifier [0x7ff7b5161bc4+1e674]
	chromedriver!GetHandleVerifier [0x7ff7b5161d54+1e804]
	chromedriver!GetHandleVerifier [0x7ff7b51460e7+2b97]
	KERNEL32!BaseThreadInitThunk [0x7ffa119de957+17]
	ntdll!RtlUserThreadStart [0x7ffa1262427c+2c]

2026-06-01 23:36:43.956 | INFO     | __main__:check_messages_and_reply:70 - 🔗 Attempting LinkedIn connection for Indigo...
2026-06-01 23:36:57.489 | INFO     | __main__:check_messages_and_reply:70 - 🔗 Attempting LinkedIn connection for Lululemon...
2026-06-01 23:37:11.061 | INFO     | __main__:check_messages_and_reply:70 - 🔗 Attempting LinkedIn connection for Hudson's Bay...
2026-06-01 23:37:25.147 | INFO     | __main__:run_cycle:83 - ✅ Cycle Complete. Waiting for next cycle.
2026-06-01 23:55:00.838 | INFO     | __main__:run_cycle:79 - 🔄 Starting Auto-Pilot Cycle...
2026-06-01 23:55:00.885 | INFO     | __main__:scan_for_upwork_jobs:29 - 🔍 [Auto-Pilot] Scanning Upwork for high-paying AI jobs...
2026-06-01 23:55:03.018 | INFO     | __main__:scan_for_upwork_jobs:31 - 📊 Found 0 new jobs to evaluate.
2026-06-01 23:55:03.018 | INFO     | __main__:evaluate_and_bid:38 - 💤 No new jobs to evaluate right now.
2026-06-01 23:55:03.018 | INFO     | __main__:check_messages_and_reply:54 - 💬 [Auto-Pilot] Checking for new leads in DB for WhatsApp outreach...
2026-06-01 23:55:08.584 | INFO     | agents.whatsapp_agent:_init_driver:65 - 📱 WhatsApp Browser Initialized.
2026-06-01 23:55:11.555 | INFO     | agents.whatsapp_agent:send_whatsapp_message:86 - ⏳ Waiting for WhatsApp Web to load for 9009334845650...
2026-06-01 23:55:56.859 | ERROR    | agents.whatsapp_agent:send_whatsapp_message:109 - ❌ Failed to send WhatsApp: Message: 
Stacktrace:
	chromedriver!GetHandleVerifier [0x7ff7b5157de5+14895]
	chromedriver!GetHandleVerifier [0x7ff7b5157e50+14900]
	chromedriver!(No symbol) [0x7ff7b4ebd5ad]
	chromedriver!(No symbol) [0x7ff7b4f17822]
	chromedriver!(No symbol) [0x7ff7b4f17b2c]
	chromedriver!(No symbol) [0x7ff7b4f67d17]
	chromedriver!(No symbol) [0x7ff7b4f6486f]
	chromedriver!(No symbol) [0x7ff7b4f09df8]
	chromedriver!(No symbol) [0x7ff7b4f0ace3]
	chromedriver!GetHandleVerifier [0x7ff7b546cc49+3296f9]
	chromedriver!GetHandleVerifier [0x7ff7b5467375+323e25]
	chromedriver!GetHandleVerifier [0x7ff7b548bc82+348732]
	chromedriver!GetHandleVerifier [0x7ff7b5176045+32af5]
	chromedriver!GetHandleVerifier [0x7ff7b517ecec+3b79c]
	chromedriver!GetHandleVerifier [0x7ff7b5161bc4+1e674]
	chromedriver!GetHandleVerifier [0x7ff7b5161d54+1e804]
	chromedriver!GetHandleVerifier [0x7ff7b51460e7+2b97]
	KERNEL32!BaseThreadInitThunk [0x7ffa119de957+17]
	ntdll!RtlUserThreadStart [0x7ffa1262427c+2c]

2026-06-01 23:55:56.861 | INFO     | __main__:check_messages_and_reply:70 - 🔗 Attempting LinkedIn connection for Indigo...
2026-06-01 23:55:56.943 | INFO     | __main__:check_messages_and_reply:70 - 🔗 Attempting LinkedIn connection for Lululemon...
2026-06-01 23:55:57.131 | INFO     | __main__:check_messages_and_reply:70 - 🔗 Attempting LinkedIn connection for Hudson's Bay...
2026-06-01 23:55:57.134 | INFO     | __main__:run_cycle:83 - ✅ Cycle Complete. Waiting for next cycle.
2026-06-02 02:24:20.272 | INFO     | __main__:run_cycle:79 - 🔄 Starting Auto-Pilot Cycle...
2026-06-02 02:24:20.359 | INFO     | __main__:scan_for_upwork_jobs:29 - 🔍 [Auto-Pilot] Scanning Upwork for high-paying AI jobs...
2026-06-02 02:24:20.537 | INFO     | __main__:scan_for_upwork_jobs:31 - 📊 Found 0 new jobs to evaluate.
2026-06-02 02:24:20.547 | INFO     | __main__:evaluate_and_bid:38 - 💤 No new jobs to evaluate right now.
2026-06-02 02:24:20.568 | INFO     | __main__:check_messages_and_reply:54 - 💬 [Auto-Pilot] Checking for new leads in DB for WhatsApp outreach...
2026-06-02 02:24:25.047 | ERROR    | agents.whatsapp_agent:send_whatsapp_message:109 - ❌ Failed to send WhatsApp: Could not reach host. Are you offline?
2026-06-02 02:24:25.048 | INFO     | __main__:check_messages_and_reply:70 - 🔗 Attempting LinkedIn connection for Indigo...
2026-06-02 02:24:25.050 | INFO     | __main__:check_messages_and_reply:70 - 🔗 Attempting LinkedIn connection for Lululemon...
2026-06-02 02:24:25.052 | INFO     | __main__:check_messages_and_reply:70 - 🔗 Attempting LinkedIn connection for Hudson's Bay...
2026-06-02 02:24:25.054 | INFO     | __main__:run_cycle:83 - ✅ Cycle Complete. Waiting for next cycle.
2026-06-02 03:04:25.774 | INFO     | __main__:run_cycle:79 - 🔄 Starting Auto-Pilot Cycle...
2026-06-02 03:04:25.818 | INFO     | __main__:scan_for_upwork_jobs:29 - 🔍 [Auto-Pilot] Scanning Upwork for high-paying AI jobs...
2026-06-02 09:44:39.449 | INFO     | __main__:__init__:23 - 🤖 Auto-Pilot System Initialized. AI is ready to take over.
2026-06-02 09:44:39.449 | SUCCESS  | __main__:start_24_7_operation:90 - 🚀 100% AUTO-PILOT MODE ACTIVATED. You can go sleep now!
2026-06-02 09:44:39.449 | INFO     | __main__:run_cycle:79 - 🔄 Starting Auto-Pilot Cycle...
2026-06-02 09:44:39.449 | INFO     | __main__:scan_for_upwork_jobs:29 - 🔍 [Auto-Pilot] Scanning Upwork for high-paying AI jobs...
2026-06-02 09:44:44.092 | INFO     | __main__:scan_for_upwork_jobs:31 - 📊 Found 0 new jobs to evaluate.
2026-06-02 09:44:44.092 | INFO     | __main__:evaluate_and_bid:38 - 💤 No new jobs to evaluate right now.
2026-06-02 09:44:44.092 | INFO     | __main__:check_messages_and_reply:54 - 💬 [Auto-Pilot] Checking for new leads in DB for WhatsApp outreach...
2026-06-02 09:45:47.065 | INFO     | agents.whatsapp_agent:_init_driver:65 - 📱 WhatsApp Browser Initialized.
2026-06-02 09:46:34.715 | INFO     | agents.whatsapp_agent:send_whatsapp_message:86 - ⏳ Waiting for WhatsApp Web to load for 9009334845650...
2026-06-02 09:47:20.084 | ERROR    | agents.whatsapp_agent:send_whatsapp_message:109 - ❌ Failed to send WhatsApp: Message: 
Stacktrace:
	chromedriver!GetHandleVerifier [0x7ff6f0e47de5+14895]
	chromedriver!GetHandleVerifier [0x7ff6f0e47e50+14900]
	chromedriver!(No symbol) [0x7ff6f0bad5ad]
	chromedriver!(No symbol) [0x7ff6f0c07822]
	chromedriver!(No symbol) [0x7ff6f0c07b2c]
	chromedriver!(No symbol) [0x7ff6f0c57d17]
	chromedriver!(No symbol) [0x7ff6f0c5486f]
	chromedriver!(No symbol) [0x7ff6f0bf9df8]
	chromedriver!(No symbol) [0x7ff6f0bface3]
	chromedriver!GetHandleVerifier [0x7ff6f115cc49+3296f9]
	chromedriver!GetHandleVerifier [0x7ff6f1157375+323e25]
	chromedriver!GetHandleVerifier [0x7ff6f117bc82+348732]
	chromedriver!GetHandleVerifier [0x7ff6f0e66045+32af5]
	chromedriver!GetHandleVerifier [0x7ff6f0e6ecec+3b79c]
	chromedriver!GetHandleVerifier [0x7ff6f0e51bc4+1e674]
	chromedriver!GetHandleVerifier [0x7ff6f0e51d54+1e804]
	chromedriver!GetHandleVerifier [0x7ff6f0e360e7+2b97]
	KERNEL32!BaseThreadInitThunk [0x7ffbb465e957+17]
	ntdll!RtlUserThreadStart [0x7ffbb5be427c+2c]

2026-06-02 09:47:20.093 | INFO     | __main__:check_messages_and_reply:70 - 🔗 Attempting LinkedIn connection for Indigo...
2026-06-02 09:47:56.517 | INFO     | __main__:check_messages_and_reply:70 - 🔗 Attempting LinkedIn connection for Lululemon...
2026-06-02 09:48:12.718 | INFO     | __main__:check_messages_and_reply:70 - 🔗 Attempting LinkedIn connection for Hudson's Bay...
2026-06-02 09:48:36.187 | INFO     | __main__:run_cycle:83 - ✅ Cycle Complete. Waiting for next cycle.
2026-06-02 09:54:40.365 | INFO     | __main__:run_cycle:79 - 🔄 Starting Auto-Pilot Cycle...
2026-06-02 09:54:40.366 | INFO     | __main__:scan_for_upwork_jobs:29 - 🔍 [Auto-Pilot] Scanning Upwork for high-paying AI jobs...
2026-06-02 09:54:40.899 | INFO     | __main__:scan_for_upwork_jobs:31 - 📊 Found 0 new jobs to evaluate.
2026-06-02 09:54:40.900 | INFO     | __main__:evaluate_and_bid:38 - 💤 No new jobs to evaluate right now.
2026-06-02 09:54:40.900 | INFO     | __main__:check_messages_and_reply:54 - 💬 [Auto-Pilot] Checking for new leads in DB for WhatsApp outreach...
2026-06-02 09:54:43.274 | INFO     | agents.whatsapp_agent:_init_driver:65 - 📱 WhatsApp Browser Initialized.
2026-06-02 09:55:06.789 | INFO     | agents.whatsapp_agent:send_whatsapp_message:86 - ⏳ Waiting for WhatsApp Web to load for 9009334845650...
2026-06-02 09:55:52.204 | ERROR    | agents.whatsapp_agent:send_whatsapp_message:109 - ❌ Failed to send WhatsApp: Message: 
Stacktrace:
	chromedriver!GetHandleVerifier [0x7ff6f0e47de5+14895]
	chromedriver!GetHandleVerifier [0x7ff6f0e47e50+14900]
	chromedriver!(No symbol) [0x7ff6f0bad5ad]
	chromedriver!(No symbol) [0x7ff6f0c07822]
	chromedriver!(No symbol) [0x7ff6f0c07b2c]
	chromedriver!(No symbol) [0x7ff6f0c57d17]
	chromedriver!(No symbol) [0x7ff6f0c5486f]
	chromedriver!(No symbol) [0x7ff6f0bf9df8]
	chromedriver!(No symbol) [0x7ff6f0bface3]
	chromedriver!GetHandleVerifier [0x7ff6f115cc49+3296f9]
	chromedriver!GetHandleVerifier [0x7ff6f1157375+323e25]
	chromedriver!GetHandleVerifier [0x7ff6f117bc82+348732]
	chromedriver!GetHandleVerifier [0x7ff6f0e66045+32af5]
	chromedriver!GetHandleVerifier [0x7ff6f0e6ecec+3b79c]
	chromedriver!GetHandleVerifier [0x7ff6f0e51bc4+1e674]
	chromedriver!GetHandleVerifier [0x7ff6f0e51d54+1e804]
	chromedriver!GetHandleVerifier [0x7ff6f0e360e7+2b97]
	KERNEL32!BaseThreadInitThunk [0x7ffbb465e957+17]
	ntdll!RtlUserThreadStart [0x7ffbb5be427c+2c]

2026-06-02 09:55:52.204 | INFO     | __main__:check_messages_and_reply:70 - 🔗 Attempting LinkedIn connection for Indigo...
2026-06-02 09:56:01.859 | INFO     | __main__:check_messages_and_reply:70 - 🔗 Attempting LinkedIn connection for Lululemon...
2026-06-02 09:56:54.074 | INFO     | __main__:check_messages_and_reply:70 - 🔗 Attempting LinkedIn connection for Hudson's Bay...
2026-06-02 09:57:11.584 | INFO     | __main__:run_cycle:83 - ✅ Cycle Complete. Waiting for next cycle.
2026-06-02 10:07:11.893 | INFO     | __main__:run_cycle:79 - 🔄 Starting Auto-Pilot Cycle...
2026-06-02 10:07:11.894 | INFO     | __main__:scan_for_upwork_jobs:29 - 🔍 [Auto-Pilot] Scanning Upwork for high-paying AI jobs...
2026-06-02 10:07:12.551 | INFO     | __main__:scan_for_upwork_jobs:31 - 📊 Found 0 new jobs to evaluate.
2026-06-02 10:07:12.551 | INFO     | __main__:evaluate_and_bid:38 - 💤 No new jobs to evaluate right now.
2026-06-02 10:07:12.552 | INFO     | __main__:check_messages_and_reply:54 - 💬 [Auto-Pilot] Checking for new leads in DB for WhatsApp outreach...
2026-06-02 10:07:17.271 | INFO     | agents.whatsapp_agent:_init_driver:65 - 📱 WhatsApp Browser Initialized.
2026-06-02 10:07:21.187 | INFO     | agents.whatsapp_agent:send_whatsapp_message:86 - ⏳ Waiting for WhatsApp Web to load for 9009334845650...
2026-06-02 10:08:06.567 | ERROR    | agents.whatsapp_agent:send_whatsapp_message:109 - ❌ Failed to send WhatsApp: Message: 
Stacktrace:
	chromedriver!GetHandleVerifier [0x7ff6f0e47de5+14895]
	chromedriver!GetHandleVerifier [0x7ff6f0e47e50+14900]
	chromedriver!(No symbol) [0x7ff6f0bad5ad]
	chromedriver!(No symbol) [0x7ff6f0c07822]
	chromedriver!(No symbol) [0x7ff6f0c07b2c]
	chromedriver!(No symbol) [0x7ff6f0c57d17]
	chromedriver!(No symbol) [0x7ff6f0c5486f]
	chromedriver!(No symbol) [0x7ff6f0bf9df8]
	chromedriver!(No symbol) [0x7ff6f0bface3]
	chromedriver!GetHandleVerifier [0x7ff6f115cc49+3296f9]
	chromedriver!GetHandleVerifier [0x7ff6f1157375+323e25]
	chromedriver!GetHandleVerifier [0x7ff6f117bc82+348732]
	chromedriver!GetHandleVerifier [0x7ff6f0e66045+32af5]
	chromedriver!GetHandleVerifier [0x7ff6f0e6ecec+3b79c]
	chromedriver!GetHandleVerifier [0x7ff6f0e51bc4+1e674]
	chromedriver!GetHandleVerifier [0x7ff6f0e51d54+1e804]
	chromedriver!GetHandleVerifier [0x7ff6f0e360e7+2b97]
	KERNEL32!BaseThreadInitThunk [0x7ffbb465e957+17]
	ntdll!RtlUserThreadStart [0x7ffbb5be427c+2c]

2026-06-02 10:08:06.568 | INFO     | __main__:check_messages_and_reply:70 - 🔗 Attempting LinkedIn connection for Indigo...
2026-06-02 10:08:20.456 | INFO     | __main__:check_messages_and_reply:70 - 🔗 Attempting LinkedIn connection for Lululemon...
2026-06-02 10:08:34.204 | INFO     | __main__:check_messages_and_reply:70 - 🔗 Attempting LinkedIn connection for Hudson's Bay...
2026-06-02 10:08:52.865 | INFO     | __main__:run_cycle:83 - ✅ Cycle Complete. Waiting for next cycle.
2026-06-02 10:18:53.326 | INFO     | __main__:run_cycle:79 - 🔄 Starting Auto-Pilot Cycle...
2026-06-02 10:18:53.327 | INFO     | __main__:scan_for_upwork_jobs:29 - 🔍 [Auto-Pilot] Scanning Upwork for high-paying AI jobs...
2026-06-02 10:18:54.286 | INFO     | __main__:scan_for_upwork_jobs:31 - 📊 Found 0 new jobs to evaluate.
2026-06-02 10:18:54.286 | INFO     | __main__:evaluate_and_bid:38 - 💤 No new jobs to evaluate right now.
2026-06-02 10:18:54.286 | INFO     | __main__:check_messages_and_reply:54 - 💬 [Auto-Pilot] Checking for new leads in DB for WhatsApp outreach...
2026-06-02 10:19:07.519 | INFO     | agents.whatsapp_agent:_init_driver:65 - 📱 WhatsApp Browser Initialized.
2026-06-02 10:19:12.254 | INFO     | agents.whatsapp_agent:send_whatsapp_message:86 - ⏳ Waiting for WhatsApp Web to load for 9009334845650...
2026-06-02 10:19:57.602 | ERROR    | agents.whatsapp_agent:send_whatsapp_message:109 - ❌ Failed to send WhatsApp: Message: 
Stacktrace:
	chromedriver!GetHandleVerifier [0x7ff6f0e47de5+14895]
	chromedriver!GetHandleVerifier [0x7ff6f0e47e50+14900]
	chromedriver!(No symbol) [0x7ff6f0bad5ad]
	chromedriver!(No symbol) [0x7ff6f0c07822]
	chromedriver!(No symbol) [0x7ff6f0c07b2c]
	chromedriver!(No symbol) [0x7ff6f0c57d17]
	chromedriver!(No symbol) [0x7ff6f0c5486f]
	chromedriver!(No symbol) [0x7ff6f0bf9df8]
	chromedriver!(No symbol) [0x7ff6f0bface3]
	chromedriver!GetHandleVerifier [0x7ff6f115cc49+3296f9]
	chromedriver!GetHandleVerifier [0x7ff6f1157375+323e25]
	chromedriver!GetHandleVerifier [0x7ff6f117bc82+348732]
	chromedriver!GetHandleVerifier [0x7ff6f0e66045+32af5]
	chromedriver!GetHandleVerifier [0x7ff6f0e6ecec+3b79c]
	chromedriver!GetHandleVerifier [0x7ff6f0e51bc4+1e674]
	chromedriver!GetHandleVerifier [0x7ff6f0e51d54+1e804]
	chromedriver!GetHandleVerifier [0x7ff6f0e360e7+2b97]
	KERNEL32!BaseThreadInitThunk [0x7ffbb465e957+17]
	ntdll!RtlUserThreadStart [0x7ffbb5be427c+2c]

2026-06-02 10:19:57.602 | INFO     | __main__:check_messages_and_reply:70 - 🔗 Attempting LinkedIn connection for Indigo...
2026-06-02 10:20:11.590 | INFO     | __main__:check_messages_and_reply:70 - 🔗 Attempting LinkedIn connection for Lululemon...
2026-06-02 10:20:25.696 | INFO     | __main__:check_messages_and_reply:70 - 🔗 Attempting LinkedIn connection for Hudson's Bay...
2026-06-02 10:20:40.032 | INFO     | __main__:run_cycle:83 - ✅ Cycle Complete. Waiting for next cycle.
2026-06-02 10:30:40.394 | INFO     | __main__:run_cycle:79 - 🔄 Starting Auto-Pilot Cycle...
2026-06-02 10:30:40.394 | INFO     | __main__:scan_for_upwork_jobs:29 - 🔍 [Auto-Pilot] Scanning Upwork for high-paying AI jobs...
2026-06-02 10:30:41.201 | INFO     | __main__:scan_for_upwork_jobs:31 - 📊 Found 0 new jobs to evaluate.
2026-06-02 10:30:41.201 | INFO     | __main__:evaluate_and_bid:38 - 💤 No new jobs to evaluate right now.
2026-06-02 10:30:41.201 | INFO     | __main__:check_messages_and_reply:54 - 💬 [Auto-Pilot] Checking for new leads in DB for WhatsApp outreach...
2026-06-02 10:30:45.827 | INFO     | agents.whatsapp_agent:_init_driver:65 - 📱 WhatsApp Browser Initialized.
2026-06-02 10:30:46.928 | INFO     | agents.whatsapp_agent:send_whatsapp_message:86 - ⏳ Waiting for WhatsApp Web to load for 9009334845650...
2026-06-02 10:31:32.046 | ERROR    | agents.whatsapp_agent:send_whatsapp_message:109 - ❌ Failed to send WhatsApp: Message: 
Stacktrace:
	chromedriver!GetHandleVerifier [0x7ff6f0e47de5+14895]
	chromedriver!GetHandleVerifier [0x7ff6f0e47e50+14900]
	chromedriver!(No symbol) [0x7ff6f0bad5ad]
	chromedriver!(No symbol) [0x7ff6f0c07822]
	chromedriver!(No symbol) [0x7ff6f0c07b2c]
	chromedriver!(No symbol) [0x7ff6f0c57d17]
	chromedriver!(No symbol) [0x7ff6f0c5486f]
	chromedriver!(No symbol) [0x7ff6f0bf9df8]
	chromedriver!(No symbol) [0x7ff6f0bface3]
	chromedriver!GetHandleVerifier [0x7ff6f115cc49+3296f9]
	chromedriver!GetHandleVerifier [0x7ff6f1157375+323e25]
	chromedriver!GetHandleVerifier [0x7ff6f117bc82+348732]
	chromedriver!GetHandleVerifier [0x7ff6f0e66045+32af5]
	chromedriver!GetHandleVerifier [0x7ff6f0e6ecec+3b79c]
	chromedriver!GetHandleVerifier [0x7ff6f0e51bc4+1e674]
	chromedriver!GetHandleVerifier [0x7ff6f0e51d54+1e804]
	chromedriver!GetHandleVerifier [0x7ff6f0e360e7+2b97]
	KERNEL32!BaseThreadInitThunk [0x7ffbb465e957+17]
	ntdll!RtlUserThreadStart [0x7ffbb5be427c+2c]

2026-06-02 10:31:32.046 | INFO     | __main__:check_messages_and_reply:70 - 🔗 Attempting LinkedIn connection for Indigo...
2026-06-02 10:31:46.004 | INFO     | __main__:check_messages_and_reply:70 - 🔗 Attempting LinkedIn connection for Lululemon...
2026-06-02 10:31:59.966 | INFO     | __main__:check_messages_and_reply:70 - 🔗 Attempting LinkedIn connection for Hudson's Bay...
2026-06-02 10:32:15.761 | INFO     | __main__:run_cycle:83 - ✅ Cycle Complete. Waiting for next cycle.
2026-06-02 10:42:16.179 | INFO     | __main__:run_cycle:79 - 🔄 Starting Auto-Pilot Cycle...
2026-06-02 10:42:16.185 | INFO     | __main__:scan_for_upwork_jobs:29 - 🔍 [Auto-Pilot] Scanning Upwork for high-paying AI jobs...
2026-06-02 10:42:17.067 | INFO     | __main__:scan_for_upwork_jobs:31 - 📊 Found 0 new jobs to evaluate.
2026-06-02 10:42:17.067 | INFO     | __main__:evaluate_and_bid:38 - 💤 No new jobs to evaluate right now.
2026-06-02 10:42:17.067 | INFO     | __main__:check_messages_and_reply:54 - 💬 [Auto-Pilot] Checking for new leads in DB for WhatsApp outreach...
2026-06-02 10:42:23.200 | INFO     | agents.whatsapp_agent:_init_driver:65 - 📱 WhatsApp Browser Initialized.
2026-06-02 10:42:24.091 | INFO     | agents.whatsapp_agent:send_whatsapp_message:86 - ⏳ Waiting for WhatsApp Web to load for 9009334845650...
2026-06-02 10:43:09.495 | ERROR    | agents.whatsapp_agent:send_whatsapp_message:109 - ❌ Failed to send WhatsApp: Message: 
Stacktrace:
	chromedriver!GetHandleVerifier [0x7ff6f0e47de5+14895]
	chromedriver!GetHandleVerifier [0x7ff6f0e47e50+14900]
	chromedriver!(No symbol) [0x7ff6f0bad5ad]
	chromedriver!(No symbol) [0x7ff6f0c07822]
	chromedriver!(No symbol) [0x7ff6f0c07b2c]
	chromedriver!(No symbol) [0x7ff6f0c57d17]
	chromedriver!(No symbol) [0x7ff6f0c5486f]
	chromedriver!(No symbol) [0x7ff6f0bf9df8]
	chromedriver!(No symbol) [0x7ff6f0bface3]
	chromedriver!GetHandleVerifier [0x7ff6f115cc49+3296f9]
	chromedriver!GetHandleVerifier [0x7ff6f1157375+323e25]
	chromedriver!GetHandleVerifier [0x7ff6f117bc82+348732]
	chromedriver!GetHandleVerifier [0x7ff6f0e66045+32af5]
	chromedriver!GetHandleVerifier [0x7ff6f0e6ecec+3b79c]
	chromedriver!GetHandleVerifier [0x7ff6f0e51bc4+1e674]
	chromedriver!GetHandleVerifier [0x7ff6f0e51d54+1e804]
	chromedriver!GetHandleVerifier [0x7ff6f0e360e7+2b97]
	KERNEL32!BaseThreadInitThunk [0x7ffbb465e957+17]
	ntdll!RtlUserThreadStart [0x7ffbb5be427c+2c]

2026-06-02 10:43:09.496 | INFO     | __main__:check_messages_and_reply:70 - 🔗 Attempting LinkedIn connection for Indigo...
2026-06-02 10:43:23.214 | INFO     | __main__:check_messages_and_reply:70 - 🔗 Attempting LinkedIn connection for Lululemon...
2026-06-02 10:43:37.449 | INFO     | __main__:check_messages_and_reply:70 - 🔗 Attempting LinkedIn connection for Hudson's Bay...
2026-06-02 10:43:51.318 | INFO     | __main__:run_cycle:83 - ✅ Cycle Complete. Waiting for next cycle.
2026-06-02 10:53:51.712 | INFO     | __main__:run_cycle:79 - 🔄 Starting Auto-Pilot Cycle...
2026-06-02 10:53:51.712 | INFO     | __main__:scan_for_upwork_jobs:29 - 🔍 [Auto-Pilot] Scanning Upwork for high-paying AI jobs...
2026-06-02 10:53:52.470 | INFO     | __main__:scan_for_upwork_jobs:31 - 📊 Found 0 new jobs to evaluate.
2026-06-02 10:53:52.470 | INFO     | __main__:evaluate_and_bid:38 - 💤 No new jobs to evaluate right now.
2026-06-02 10:53:52.470 | INFO     | __main__:check_messages_and_reply:54 - 💬 [Auto-Pilot] Checking for new leads in DB for WhatsApp outreach...
2026-06-02 10:53:57.253 | INFO     | agents.whatsapp_agent:_init_driver:65 - 📱 WhatsApp Browser Initialized.
2026-06-02 10:53:58.551 | INFO     | agents.whatsapp_agent:send_whatsapp_message:86 - ⏳ Waiting for WhatsApp Web to load for 9009334845650...
2026-06-02 10:54:43.568 | ERROR    | agents.whatsapp_agent:send_whatsapp_message:109 - ❌ Failed to send WhatsApp: Message: 
Stacktrace:
	chromedriver!GetHandleVerifier [0x7ff6f0e47de5+14895]
	chromedriver!GetHandleVerifier [0x7ff6f0e47e50+14900]
	chromedriver!(No symbol) [0x7ff6f0bad5ad]
	chromedriver!(No symbol) [0x7ff6f0c07822]
	chromedriver!(No symbol) [0x7ff6f0c07b2c]
	chromedriver!(No symbol) [0x7ff6f0c57d17]
	chromedriver!(No symbol) [0x7ff6f0c5486f]
	chromedriver!(No symbol) [0x7ff6f0bf9df8]
	chromedriver!(No symbol) [0x7ff6f0bface3]
	chromedriver!GetHandleVerifier [0x7ff6f115cc49+3296f9]
	chromedriver!GetHandleVerifier [0x7ff6f1157375+323e25]
	chromedriver!GetHandleVerifier [0x7ff6f117bc82+348732]
	chromedriver!GetHandleVerifier [0x7ff6f0e66045+32af5]
	chromedriver!GetHandleVerifier [0x7ff6f0e6ecec+3b79c]
	chromedriver!GetHandleVerifier [0x7ff6f0e51bc4+1e674]
	chromedriver!GetHandleVerifier [0x7ff6f0e51d54+1e804]
	chromedriver!GetHandleVerifier [0x7ff6f0e360e7+2b97]
	KERNEL32!BaseThreadInitThunk [0x7ffbb465e957+17]
	ntdll!RtlUserThreadStart [0x7ffbb5be427c+2c]

2026-06-02 10:54:43.568 | INFO     | __main__:check_messages_and_reply:70 - 🔗 Attempting LinkedIn connection for Indigo...
2026-06-02 10:55:12.713 | INFO     | __main__:check_messages_and_reply:70 - 🔗 Attempting LinkedIn connection for Lululemon...
2026-06-02 10:55:27.389 | INFO     | __main__:check_messages_and_reply:70 - 🔗 Attempting LinkedIn connection for Hudson's Bay...
2026-06-02 10:55:41.534 | INFO     | __main__:run_cycle:83 - ✅ Cycle Complete. Waiting for next cycle.
2026-06-02 11:05:41.960 | INFO     | __main__:run_cycle:79 - 🔄 Starting Auto-Pilot Cycle...
2026-06-02 11:05:41.960 | INFO     | __main__:scan_for_upwork_jobs:29 - 🔍 [Auto-Pilot] Scanning Upwork for high-paying AI jobs...
2026-06-02 11:05:42.863 | INFO     | __main__:scan_for_upwork_jobs:31 - 📊 Found 0 new jobs to evaluate.
2026-06-02 11:05:42.863 | INFO     | __main__:evaluate_and_bid:38 - 💤 No new jobs to evaluate right now.
2026-06-02 11:05:42.879 | INFO     | __main__:check_messages_and_reply:54 - 💬 [Auto-Pilot] Checking for new leads in DB for WhatsApp outreach...
2026-06-02 11:05:49.583 | INFO     | agents.whatsapp_agent:_init_driver:65 - 📱 WhatsApp Browser Initialized.
2026-06-02 11:05:50.986 | INFO     | agents.whatsapp_agent:send_whatsapp_message:86 - ⏳ Waiting for WhatsApp Web to load for 9009334845650...
2026-06-02 11:06:36.004 | ERROR    | agents.whatsapp_agent:send_whatsapp_message:109 - ❌ Failed to send WhatsApp: Message: 
Stacktrace:
	chromedriver!GetHandleVerifier [0x7ff6f0e47de5+14895]
	chromedriver!GetHandleVerifier [0x7ff6f0e47e50+14900]
	chromedriver!(No symbol) [0x7ff6f0bad5ad]
	chromedriver!(No symbol) [0x7ff6f0c07822]
	chromedriver!(No symbol) [0x7ff6f0c07b2c]
	chromedriver!(No symbol) [0x7ff6f0c57d17]
	chromedriver!(No symbol) [0x7ff6f0c5486f]
	chromedriver!(No symbol) [0x7ff6f0bf9df8]
	chromedriver!(No symbol) [0x7ff6f0bface3]
	chromedriver!GetHandleVerifier [0x7ff6f115cc49+3296f9]
	chromedriver!GetHandleVerifier [0x7ff6f1157375+323e25]
	chromedriver!GetHandleVerifier [0x7ff6f117bc82+348732]
	chromedriver!GetHandleVerifier [0x7ff6f0e66045+32af5]
	chromedriver!GetHandleVerifier [0x7ff6f0e6ecec+3b79c]
	chromedriver!GetHandleVerifier [0x7ff6f0e51bc4+1e674]
	chromedriver!GetHandleVerifier [0x7ff6f0e51d54+1e804]
	chromedriver!GetHandleVerifier [0x7ff6f0e360e7+2b97]
	KERNEL32!BaseThreadInitThunk [0x7ffbb465e957+17]
	ntdll!RtlUserThreadStart [0x7ffbb5be427c+2c]

2026-06-02 11:06:36.006 | INFO     | __main__:check_messages_and_reply:70 - 🔗 Attempting LinkedIn connection for Indigo...
2026-06-02 11:06:50.133 | INFO     | __main__:check_messages_and_reply:70 - 🔗 Attempting LinkedIn connection for Lululemon...
2026-06-02 11:07:04.457 | INFO     | __main__:check_messages_and_reply:70 - 🔗 Attempting LinkedIn connection for Hudson's Bay...
2026-06-02 11:07:19.396 | INFO     | __main__:run_cycle:83 - ✅ Cycle Complete. Waiting for next cycle.
2026-06-02 11:17:19.849 | INFO     | __main__:run_cycle:79 - 🔄 Starting Auto-Pilot Cycle...
2026-06-02 11:17:19.849 | INFO     | __main__:scan_for_upwork_jobs:29 - 🔍 [Auto-Pilot] Scanning Upwork for high-paying AI jobs...
2026-06-02 11:17:20.790 | INFO     | __main__:scan_for_upwork_jobs:31 - 📊 Found 0 new jobs to evaluate.
2026-06-02 11:17:20.790 | INFO     | __main__:evaluate_and_bid:38 - 💤 No new jobs to evaluate right now.
2026-06-02 11:17:20.790 | INFO     | __main__:check_messages_and_reply:54 - 💬 [Auto-Pilot] Checking for new leads in DB for WhatsApp outreach...
2026-06-02 11:17:26.258 | INFO     | agents.whatsapp_agent:_init_driver:65 - 📱 WhatsApp Browser Initialized.
2026-06-02 11:17:27.282 | INFO     | agents.whatsapp_agent:send_whatsapp_message:86 - ⏳ Waiting for WhatsApp Web to load for 9009334845650...
2026-06-02 11:18:12.790 | ERROR    | agents.whatsapp_agent:send_whatsapp_message:109 - ❌ Failed to send WhatsApp: Message: 
Stacktrace:
	chromedriver!GetHandleVerifier [0x7ff6f0e47de5+14895]
	chromedriver!GetHandleVerifier [0x7ff6f0e47e50+14900]
	chromedriver!(No symbol) [0x7ff6f0bad5ad]
	chromedriver!(No symbol) [0x7ff6f0c07822]
	chromedriver!(No symbol) [0x7ff6f0c07b2c]
	chromedriver!(No symbol) [0x7ff6f0c57d17]
	chromedriver!(No symbol) [0x7ff6f0c5486f]
	chromedriver!(No symbol) [0x7ff6f0bf9df8]
	chromedriver!(No symbol) [0x7ff6f0bface3]
	chromedriver!GetHandleVerifier [0x7ff6f115cc49+3296f9]
	chromedriver!GetHandleVerifier [0x7ff6f1157375+323e25]
	chromedriver!GetHandleVerifier [0x7ff6f117bc82+348732]
	chromedriver!GetHandleVerifier [0x7ff6f0e66045+32af5]
	chromedriver!GetHandleVerifier [0x7ff6f0e6ecec+3b79c]
	chromedriver!GetHandleVerifier [0x7ff6f0e51bc4+1e674]
	chromedriver!GetHandleVerifier [0x7ff6f0e51d54+1e804]
	chromedriver!GetHandleVerifier [0x7ff6f0e360e7+2b97]
	KERNEL32!BaseThreadInitThunk [0x7ffbb465e957+17]
	ntdll!RtlUserThreadStart [0x7ffbb5be427c+2c]

2026-06-02 11:18:12.798 | INFO     | __main__:check_messages_and_reply:70 - 🔗 Attempting LinkedIn connection for Indigo...
2026-06-02 11:18:12.810 | INFO     | __main__:check_messages_and_reply:70 - 🔗 Attempting LinkedIn connection for Lululemon...
2026-06-02 11:18:13.175 | INFO     | __main__:check_messages_and_reply:70 - 🔗 Attempting LinkedIn connection for Hudson's Bay...
2026-06-02 11:18:13.183 | INFO     | __main__:run_cycle:83 - ✅ Cycle Complete. Waiting for next cycle.
2026-06-02 18:46:59.207 | INFO     | agents.fiverr_agent:__init__:14 - [Fiverr Agent] Online and hunting for briefs.
2026-06-02 18:46:59.207 | INFO     | __main__:__init__:24 - 🤖 Auto-Pilot System Initialized. AI is ready to take over.
2026-06-02 18:46:59.207 | SUCCESS  | __main__:start_24_7_operation:104 - 🚀 100% AUTO-PILOT MODE ACTIVATED. You can go sleep now!
2026-06-02 18:46:59.207 | INFO     | __main__:run_cycle:91 - 🔄 Starting Auto-Pilot Cycle...
2026-06-02 18:46:59.207 | INFO     | __main__:scan_for_upwork_jobs:30 - 🔍 [Auto-Pilot] Scanning Upwork for high-paying AI jobs...
2026-06-02 18:46:59.985 | INFO     | __main__:scan_for_upwork_jobs:32 - 📊 Found 0 new jobs to evaluate.
2026-06-02 18:46:59.985 | INFO     | __main__:scan_for_fiverr_briefs:38 - 🔍 [Auto-Pilot] Scanning Fiverr for new briefs...
2026-06-02 18:46:59.985 | INFO     | __main__:scan_for_fiverr_briefs:40 - 📊 Found 2 new briefs to evaluate.
2026-06-02 18:46:59.985 | INFO     | __main__:evaluate_and_bid:47 - 💤 No new jobs to evaluate right now.
2026-06-02 18:47:01.252 | SUCCESS  | agents.fiverr_agent:auto_submit_offer:52 - 🚀 [Fiverr] Offer drafted for: AI Content Generator
2026-06-02 18:47:01.877 | INFO     | __main__:check_messages_and_reply:75 - 💬 [Auto-Pilot] Checking for new leads in DB for outreach...
2026-06-02 18:47:02.493 | INFO     | __main__:check_messages_and_reply:82 - 🔗 Attempting LinkedIn connection for Indigo...
2026-06-02 18:47:23.976 | INFO     | __main__:check_messages_and_reply:82 - 🔗 Attempting LinkedIn connection for Lululemon...
2026-06-02 18:47:31.929 | INFO     | __main__:check_messages_and_reply:82 - 🔗 Attempting LinkedIn connection for Hudson's Bay...
2026-06-02 18:47:41.092 | INFO     | __main__:run_cycle:97 - ✅ Cycle Complete. Waiting for next cycle.
2026-06-02 19:23:46.156 | INFO     | agents.fiverr_agent:__init__:14 - [Fiverr Agent] Online and hunting for briefs.
2026-06-02 19:23:46.156 | INFO     | agents.freelancer_agent:__init__:14 - [Freelancer Agent] Initialized and ready to bid.
2026-06-02 19:23:46.157 | INFO     | __main__:__init__:27 - 🤖 Auto-Pilot System Initialized. AI is ready to take over.
2026-06-02 19:23:46.157 | SUCCESS  | __main__:start_24_7_operation:129 - 🚀 100% AUTO-PILOT MODE ACTIVATED. You can go sleep now!
2026-06-02 19:23:46.157 | INFO     | __main__:run_cycle:114 - 🔄 Starting Auto-Pilot Cycle...
2026-06-02 19:23:46.157 | INFO     | __main__:scan_for_upwork_jobs:33 - 🔍 [Auto-Pilot] Scanning Upwork for high-paying AI jobs...
2026-06-02 19:23:46.461 | INFO     | __main__:scan_for_upwork_jobs:35 - 📊 Found 0 new jobs to evaluate.
2026-06-02 19:23:46.462 | INFO     | __main__:scan_for_fiverr_briefs:41 - 🔍 [Auto-Pilot] Scanning Fiverr for new briefs...
2026-06-02 19:23:46.462 | INFO     | __main__:scan_for_fiverr_briefs:43 - 📊 Found 2 new briefs to evaluate.
2026-06-02 19:23:46.463 | INFO     | __main__:scan_for_freelancer_jobs:49 - 🔍 [Auto-Pilot] Scanning Freelancer.com for new projects...
2026-06-02 19:23:46.463 | INFO     | __main__:scan_for_freelancer_jobs:51 - 📊 Found 2 projects to evaluate.
2026-06-02 19:23:46.463 | INFO     | __main__:evaluate_and_bid:58 - 💤 No new jobs to evaluate right now.
2026-06-02 19:23:47.211 | SUCCESS  | agents.fiverr_agent:auto_submit_offer:52 - 🚀 [Fiverr] Offer drafted for: AI Content Generator
2026-06-02 19:23:48.876 | SUCCESS  | agents.freelancer_agent:auto_submit_bid:52 - 💰 [Freelancer] Bid prepared for: Build an AI Sales Bot
2026-06-02 19:23:50.188 | SUCCESS  | agents.freelancer_agent:auto_submit_bid:52 - 💰 [Freelancer] Bid prepared for: Excel Automation
2026-06-02 19:23:50.200 | INFO     | __main__:check_messages_and_reply:98 - 💬 [Auto-Pilot] Checking for new leads in DB for outreach...
2026-06-02 19:23:50.323 | INFO     | __main__:check_messages_and_reply:105 - 🔗 Attempting LinkedIn connection for Indigo...
2026-06-02 19:23:59.687 | INFO     | __main__:check_messages_and_reply:105 - 🔗 Attempting LinkedIn connection for Lululemon...
2026-06-02 19:24:09.401 | INFO     | __main__:check_messages_and_reply:105 - 🔗 Attempting LinkedIn connection for Hudson's Bay...
2026-06-02 19:24:22.410 | INFO     | __main__:run_cycle:122 - ✅ Cycle Complete. Waiting for next cycle.
2026-06-02 19:26:36.884 | INFO     | agents.fiverr_agent:__init__:14 - [Fiverr Agent] Online and hunting for briefs.
2026-06-02 19:26:36.884 | INFO     | agents.freelancer_agent:__init__:14 - [Freelancer Agent] Initialized and ready to bid.
2026-06-02 19:26:36.884 | INFO     | __main__:__init__:27 - 🤖 Auto-Pilot System Initialized. AI is ready to take over.
2026-06-02 19:26:36.884 | SUCCESS  | __main__:start_24_7_operation:134 - 🚀 100% AUTO-PILOT MODE ACTIVATED. You can go sleep now!
2026-06-02 19:26:36.884 | INFO     | __main__:run_cycle:119 - 🔄 Starting Auto-Pilot Cycle...
2026-06-02 19:26:36.884 | INFO     | __main__:scan_for_upwork_jobs:33 - 🔍 [Auto-Pilot] Scanning Upwork for high-paying AI jobs...
2026-06-02 19:26:37.646 | INFO     | __main__:scan_for_upwork_jobs:35 - 📊 Found 0 new jobs to evaluate.
2026-06-02 19:26:37.646 | INFO     | __main__:scan_for_fiverr_briefs:41 - 🔍 [Auto-Pilot] Scanning Fiverr for new briefs...
2026-06-02 19:26:37.646 | INFO     | __main__:scan_for_fiverr_briefs:43 - 📊 Found 2 new briefs to evaluate.
2026-06-02 19:26:37.646 | INFO     | __main__:scan_for_freelancer_jobs:49 - 🔍 [Auto-Pilot] Scanning Freelancer.com for new projects...
2026-06-02 19:26:37.646 | INFO     | __main__:scan_for_freelancer_jobs:51 - 📊 Found 2 projects to evaluate.
2026-06-02 19:26:37.646 | INFO     | __main__:evaluate_and_bid:58 - 💤 No new jobs to evaluate right now.
2026-06-02 19:26:42.642 | SUCCESS  | agents.fiverr_agent:auto_submit_offer:52 - 🚀 [Fiverr] Offer drafted for: AI Content Generator
2026-06-02 19:26:44.817 | SUCCESS  | agents.freelancer_agent:auto_submit_bid:52 - 💰 [Freelancer] Bid prepared for: Build an AI Sales Bot
2026-06-02 19:26:46.332 | SUCCESS  | agents.freelancer_agent:auto_submit_bid:52 - 💰 [Freelancer] Bid prepared for: Excel Automation
2026-06-02 19:26:46.332 | INFO     | __main__:check_messages_and_reply:98 - 💬 [Auto-Pilot] Checking for new leads in DB for outreach...
2026-06-02 19:26:46.491 | INFO     | __main__:check_messages_and_reply:106 - 🔗 Attempting LinkedIn connection for Indigo...
2026-06-02 19:27:31.964 | INFO     | __main__:check_messages_and_reply:106 - 🔗 Attempting LinkedIn connection for Lululemon...
2026-06-02 19:27:47.015 | INFO     | __main__:check_messages_and_reply:106 - 🔗 Attempting LinkedIn connection for Hudson's Bay...
2026-06-02 19:28:01.287 | INFO     | __main__:run_cycle:127 - ✅ Cycle Complete. Waiting for next cycle.
2026-06-02 19:35:23.510 | INFO     | agents.fiverr_agent:__init__:14 - [Fiverr Agent] Online and hunting for briefs.
2026-06-02 19:35:23.510 | INFO     | agents.freelancer_agent:__init__:14 - [Freelancer Agent] Initialized and ready to bid.
2026-06-02 19:35:23.510 | INFO     | __main__:__init__:27 - 🤖 Auto-Pilot System Initialized. AI is ready to take over.
2026-06-02 19:35:23.510 | SUCCESS  | __main__:start_24_7_operation:134 - 🚀 100% AUTO-PILOT MODE ACTIVATED. You can go sleep now!
2026-06-02 19:35:23.511 | INFO     | __main__:run_cycle:119 - 🔄 Starting Auto-Pilot Cycle...
2026-06-02 19:35:23.511 | INFO     | __main__:scan_for_upwork_jobs:33 - 🔍 [Auto-Pilot] Scanning Upwork for high-paying AI jobs...
2026-06-02 19:35:24.927 | INFO     | __main__:scan_for_upwork_jobs:35 - 📊 Found 0 new jobs to evaluate.
2026-06-02 19:35:24.927 | INFO     | __main__:scan_for_fiverr_briefs:41 - 🔍 [Auto-Pilot] Scanning Fiverr for new briefs...
2026-06-02 19:35:24.928 | INFO     | __main__:scan_for_fiverr_briefs:43 - 📊 Found 2 new briefs to evaluate.
2026-06-02 19:35:24.928 | INFO     | __main__:scan_for_freelancer_jobs:49 - 🔍 [Auto-Pilot] Scanning Freelancer.com for new projects...
2026-06-02 19:35:24.928 | INFO     | __main__:scan_for_freelancer_jobs:51 - 📊 Found 2 projects to evaluate.
2026-06-02 19:35:24.928 | INFO     | __main__:evaluate_and_bid:58 - 💤 No new jobs to evaluate right now.
2026-06-02 19:35:25.975 | SUCCESS  | agents.fiverr_agent:auto_submit_offer:52 - 🚀 [Fiverr] Offer drafted for: AI Content Generator
2026-06-02 19:35:27.389 | SUCCESS  | agents.freelancer_agent:auto_submit_bid:52 - 💰 [Freelancer] Bid prepared for: Build an AI Sales Bot
2026-06-02 19:35:28.960 | SUCCESS  | agents.freelancer_agent:auto_submit_bid:52 - 💰 [Freelancer] Bid prepared for: Excel Automation
2026-06-02 19:35:28.960 | INFO     | __main__:check_messages_and_reply:98 - 💬 [Auto-Pilot] Checking for new leads in DB for outreach...
2026-06-02 19:35:29.137 | INFO     | __main__:check_messages_and_reply:106 - 🔗 Attempting LinkedIn connection for Indigo...
2026-06-02 19:36:05.085 | INFO     | __main__:check_messages_and_reply:106 - 🔗 Attempting LinkedIn connection for Lululemon...
2026-06-02 19:36:38.305 | INFO     | __main__:check_messages_and_reply:106 - 🔗 Attempting LinkedIn connection for Hudson's Bay...
2026-06-02 19:37:10.880 | INFO     | __main__:run_cycle:127 - ✅ Cycle Complete. Waiting for next cycle.
2026-06-02 19:45:24.203 | INFO     | __main__:run_cycle:119 - 🔄 Starting Auto-Pilot Cycle...
2026-06-02 19:45:24.204 | INFO     | __main__:scan_for_upwork_jobs:33 - 🔍 [Auto-Pilot] Scanning Upwork for high-paying AI jobs...
2026-06-02 19:45:24.495 | INFO     | __main__:scan_for_upwork_jobs:35 - 📊 Found 0 new jobs to evaluate.
2026-06-02 19:45:24.496 | INFO     | __main__:scan_for_fiverr_briefs:41 - 🔍 [Auto-Pilot] Scanning Fiverr for new briefs...
2026-06-02 19:45:24.496 | INFO     | __main__:scan_for_fiverr_briefs:43 - 📊 Found 2 new briefs to evaluate.
2026-06-02 19:45:24.496 | INFO     | __main__:scan_for_freelancer_jobs:49 - 🔍 [Auto-Pilot] Scanning Freelancer.com for new projects...
2026-06-02 19:45:24.498 | INFO     | __main__:scan_for_freelancer_jobs:51 - 📊 Found 2 projects to evaluate.
2026-06-02 19:45:24.498 | INFO     | __main__:evaluate_and_bid:58 - 💤 No new jobs to evaluate right now.
2026-06-02 19:45:25.177 | SUCCESS  | agents.fiverr_agent:auto_submit_offer:52 - 🚀 [Fiverr] Offer drafted for: AI Content Generator
2026-06-02 19:45:27.575 | SUCCESS  | agents.freelancer_agent:auto_submit_bid:52 - 💰 [Freelancer] Bid prepared for: Build an AI Sales Bot
2026-06-02 19:45:28.379 | SUCCESS  | agents.freelancer_agent:auto_submit_bid:52 - 💰 [Freelancer] Bid prepared for: Excel Automation
2026-06-02 19:45:28.379 | INFO     | __main__:check_messages_and_reply:98 - 💬 [Auto-Pilot] Checking for new leads in DB for outreach...
2026-06-02 19:45:28.415 | INFO     | __main__:check_messages_and_reply:106 - 🔗 Attempting LinkedIn connection for Indigo...
2026-06-02 19:46:00.172 | INFO     | __main__:check_messages_and_reply:106 - 🔗 Attempting LinkedIn connection for Lululemon...
2026-06-03 14:32:26.228 | INFO     | agents.fiverr_agent:__init__:14 - [Fiverr Agent] Online and hunting for briefs.
2026-06-03 14:32:26.228 | INFO     | agents.freelancer_agent:__init__:14 - [Freelancer Agent] Initialized and ready to bid.
2026-06-03 14:32:26.228 | INFO     | __main__:__init__:27 - 🤖 Auto-Pilot System Initialized. AI is ready to take over.
2026-06-03 14:32:26.228 | SUCCESS  | __main__:start_24_7_operation:134 - 🚀 100% AUTO-PILOT MODE ACTIVATED. You can go sleep now!
2026-06-03 14:32:26.228 | INFO     | __main__:run_cycle:119 - 🔄 Starting Auto-Pilot Cycle...
2026-06-03 14:32:26.228 | INFO     | __main__:scan_for_upwork_jobs:33 - 🔍 [Auto-Pilot] Scanning Upwork for high-paying AI jobs...
2026-06-03 14:32:26.550 | INFO     | __main__:scan_for_upwork_jobs:35 - 📊 Found 0 new jobs to evaluate.
2026-06-03 14:32:26.550 | INFO     | __main__:scan_for_fiverr_briefs:41 - 🔍 [Auto-Pilot] Scanning Fiverr for new briefs...
2026-06-03 14:32:26.550 | INFO     | __main__:scan_for_fiverr_briefs:43 - 📊 Found 2 new briefs to evaluate.
2026-06-03 14:32:26.550 | INFO     | __main__:scan_for_freelancer_jobs:49 - 🔍 [Auto-Pilot] Scanning Freelancer.com for new projects...
2026-06-03 14:32:26.550 | INFO     | __main__:scan_for_freelancer_jobs:51 - 📊 Found 2 projects to evaluate.
2026-06-03 14:32:26.550 | INFO     | __main__:evaluate_and_bid:58 - 💤 No new jobs to evaluate right now.
2026-06-03 14:32:27.353 | SUCCESS  | agents.fiverr_agent:auto_submit_offer:52 - 🚀 [Fiverr] Offer drafted for: AI Content Generator
2026-06-03 14:32:29.595 | SUCCESS  | agents.freelancer_agent:auto_submit_bid:52 - 💰 [Freelancer] Bid prepared for: Build an AI Sales Bot
2026-06-03 14:32:31.996 | SUCCESS  | agents.freelancer_agent:auto_submit_bid:52 - 💰 [Freelancer] Bid prepared for: Excel Automation
2026-06-03 14:32:31.996 | INFO     | __main__:check_messages_and_reply:98 - 💬 [Auto-Pilot] Checking for new leads in DB for outreach...
2026-06-03 14:32:32.548 | INFO     | __main__:check_messages_and_reply:106 - 🔗 Attempting LinkedIn connection for Indigo...
2026-06-03 14:33:23.130 | INFO     | __main__:check_messages_and_reply:106 - 🔗 Attempting LinkedIn connection for Lululemon...
2026-06-03 14:33:52.217 | INFO     | __main__:check_messages_and_reply:106 - 🔗 Attempting LinkedIn connection for Hudson's Bay...
2026-06-03 14:38:26.881 | INFO     | agents.fiverr_agent:__init__:14 - [Fiverr Agent] Online and hunting for briefs.
2026-06-03 14:38:26.881 | INFO     | agents.freelancer_agent:__init__:14 - [Freelancer Agent] Initialized and ready to bid.
2026-06-03 14:38:26.881 | INFO     | __main__:__init__:27 - 🤖 Auto-Pilot System Initialized. AI is ready to take over.
2026-06-03 14:38:26.881 | SUCCESS  | __main__:start_24_7_operation:134 - 🚀 100% AUTO-PILOT MODE ACTIVATED. You can go sleep now!
2026-06-03 14:38:26.881 | INFO     | __main__:run_cycle:119 - 🔄 Starting Auto-Pilot Cycle...
2026-06-03 14:38:26.881 | INFO     | __main__:scan_for_upwork_jobs:33 - 🔍 [Auto-Pilot] Scanning Upwork for high-paying AI jobs...
2026-06-03 14:38:27.156 | INFO     | __main__:scan_for_upwork_jobs:35 - 📊 Found 0 new jobs to evaluate.
2026-06-03 14:38:27.156 | INFO     | __main__:scan_for_fiverr_briefs:41 - 🔍 [Auto-Pilot] Scanning Fiverr for new briefs...
2026-06-03 14:38:27.156 | INFO     | __main__:scan_for_fiverr_briefs:43 - 📊 Found 2 new briefs to evaluate.
2026-06-03 14:38:27.156 | INFO     | __main__:scan_for_freelancer_jobs:49 - 🔍 [Auto-Pilot] Scanning Freelancer.com for new projects...
2026-06-03 14:38:27.156 | INFO     | __main__:scan_for_freelancer_jobs:51 - 📊 Found 2 projects to evaluate.
2026-06-03 14:38:27.156 | INFO     | __main__:evaluate_and_bid:58 - 💤 No new jobs to evaluate right now.
2026-06-03 14:38:28.190 | SUCCESS  | agents.fiverr_agent:auto_submit_offer:52 - 🚀 [Fiverr] Offer drafted for: AI Content Generator
2026-06-03 14:38:29.756 | SUCCESS  | agents.freelancer_agent:auto_submit_bid:52 - 💰 [Freelancer] Bid prepared for: Build an AI Sales Bot
2026-06-03 14:38:31.544 | SUCCESS  | agents.freelancer_agent:auto_submit_bid:52 - 💰 [Freelancer] Bid prepared for: Excel Automation
2026-06-03 14:38:31.544 | INFO     | __main__:check_messages_and_reply:98 - 💬 [Auto-Pilot] Checking for new leads in DB for outreach...
2026-06-03 14:38:31.695 | INFO     | __main__:check_messages_and_reply:106 - 🔗 Attempting LinkedIn connection for Indigo...
2026-06-03 14:39:04.865 | INFO     | __main__:check_messages_and_reply:106 - 🔗 Attempting LinkedIn connection for Lululemon...
2026-06-03 14:39:38.689 | INFO     | __main__:check_messages_and_reply:106 - 🔗 Attempting LinkedIn connection for Hudson's Bay...
2026-06-03 14:40:13.984 | INFO     | __main__:run_cycle:127 - ✅ Cycle Complete. Waiting for next cycle.
2026-06-03 14:48:27.251 | INFO     | __main__:run_cycle:119 - 🔄 Starting Auto-Pilot Cycle...
2026-06-03 14:48:27.251 | INFO     | __main__:scan_for_upwork_jobs:33 - 🔍 [Auto-Pilot] Scanning Upwork for high-paying AI jobs...
2026-06-03 14:48:27.586 | INFO     | __main__:scan_for_upwork_jobs:35 - 📊 Found 0 new jobs to evaluate.
2026-06-03 14:48:27.586 | INFO     | __main__:scan_for_fiverr_briefs:41 - 🔍 [Auto-Pilot] Scanning Fiverr for new briefs...
2026-06-03 14:48:27.586 | INFO     | __main__:scan_for_fiverr_briefs:43 - 📊 Found 2 new briefs to evaluate.
2026-06-03 14:48:27.586 | INFO     | __main__:scan_for_freelancer_jobs:49 - 🔍 [Auto-Pilot] Scanning Freelancer.com for new projects...
2026-06-03 14:48:27.587 | INFO     | __main__:scan_for_freelancer_jobs:51 - 📊 Found 2 projects to evaluate.
2026-06-03 14:48:27.587 | INFO     | __main__:evaluate_and_bid:58 - 💤 No new jobs to evaluate right now.
2026-06-03 14:48:28.303 | SUCCESS  | agents.fiverr_agent:auto_submit_offer:52 - 🚀 [Fiverr] Offer drafted for: AI Content Generator
2026-06-03 14:48:29.856 | SUCCESS  | agents.freelancer_agent:auto_submit_bid:52 - 💰 [Freelancer] Bid prepared for: Build an AI Sales Bot
2026-06-03 14:48:30.916 | SUCCESS  | agents.freelancer_agent:auto_submit_bid:52 - 💰 [Freelancer] Bid prepared for: Excel Automation
2026-06-03 14:48:30.916 | INFO     | __main__:check_messages_and_reply:98 - 💬 [Auto-Pilot] Checking for new leads in DB for outreach...
2026-06-03 14:48:30.985 | INFO     | __main__:check_messages_and_reply:106 - 🔗 Attempting LinkedIn connection for Indigo...
2026-06-03 14:49:02.990 | INFO     | __main__:check_messages_and_reply:106 - 🔗 Attempting LinkedIn connection for Lululemon...
2026-06-03 14:49:35.177 | INFO     | __main__:check_messages_and_reply:106 - 🔗 Attempting LinkedIn connection for Hudson's Bay...
2026-06-03 14:50:06.825 | INFO     | __main__:run_cycle:127 - ✅ Cycle Complete. Waiting for next cycle.
2026-06-03 15:00:07.187 | INFO     | __main__:run_cycle:119 - 🔄 Starting Auto-Pilot Cycle...
2026-06-03 15:00:07.187 | INFO     | __main__:scan_for_upwork_jobs:33 - 🔍 [Auto-Pilot] Scanning Upwork for high-paying AI jobs...
2026-06-03 15:00:07.695 | INFO     | __main__:scan_for_upwork_jobs:35 - 📊 Found 0 new jobs to evaluate.
2026-06-03 15:00:07.695 | INFO     | __main__:scan_for_fiverr_briefs:41 - 🔍 [Auto-Pilot] Scanning Fiverr for new briefs...
2026-06-03 15:00:07.695 | INFO     | __main__:scan_for_fiverr_briefs:43 - 📊 Found 2 new briefs to evaluate.
2026-06-03 15:00:07.695 | INFO     | __main__:scan_for_freelancer_jobs:49 - 🔍 [Auto-Pilot] Scanning Freelancer.com for new projects...
2026-06-03 15:00:07.695 | INFO     | __main__:scan_for_freelancer_jobs:51 - 📊 Found 2 projects to evaluate.
2026-06-03 15:00:07.695 | INFO     | __main__:evaluate_and_bid:58 - 💤 No new jobs to evaluate right now.
2026-06-03 15:00:08.714 | SUCCESS  | agents.fiverr_agent:auto_submit_offer:52 - 🚀 [Fiverr] Offer drafted for: AI Content Generator
2026-06-03 15:00:12.453 | SUCCESS  | agents.freelancer_agent:auto_submit_bid:52 - 💰 [Freelancer] Bid prepared for: Build an AI Sales Bot
2026-06-03 15:00:13.387 | SUCCESS  | agents.freelancer_agent:auto_submit_bid:52 - 💰 [Freelancer] Bid prepared for: Excel Automation
2026-06-03 15:00:13.387 | INFO     | __main__:check_messages_and_reply:98 - 💬 [Auto-Pilot] Checking for new leads in DB for outreach...
2026-06-03 15:00:13.424 | INFO     | __main__:check_messages_and_reply:106 - 🔗 Attempting LinkedIn connection for Indigo...
2026-06-03 15:00:45.869 | INFO     | __main__:check_messages_and_reply:106 - 🔗 Attempting LinkedIn connection for Lululemon...
2026-06-03 15:01:19.072 | INFO     | __main__:check_messages_and_reply:106 - 🔗 Attempting LinkedIn connection for Hudson's Bay...
2026-06-03 15:01:31.044 | INFO     | __main__:run_cycle:127 - ✅ Cycle Complete. Waiting for next cycle.
2026-06-03 15:11:31.389 | INFO     | __main__:run_cycle:119 - 🔄 Starting Auto-Pilot Cycle...
2026-06-03 15:11:31.389 | INFO     | __main__:scan_for_upwork_jobs:33 - 🔍 [Auto-Pilot] Scanning Upwork for high-paying AI jobs...
2026-06-03 15:11:31.878 | INFO     | __main__:scan_for_upwork_jobs:35 - 📊 Found 0 new jobs to evaluate.
2026-06-03 15:11:31.878 | INFO     | __main__:scan_for_fiverr_briefs:41 - 🔍 [Auto-Pilot] Scanning Fiverr for new briefs...
2026-06-03 15:11:31.878 | INFO     | __main__:scan_for_fiverr_briefs:43 - 📊 Found 2 new briefs to evaluate.
2026-06-03 15:11:31.878 | INFO     | __main__:scan_for_freelancer_jobs:49 - 🔍 [Auto-Pilot] Scanning Freelancer.com for new projects...
2026-06-03 15:11:31.878 | INFO     | __main__:scan_for_freelancer_jobs:51 - 📊 Found 2 projects to evaluate.
2026-06-03 15:11:31.878 | INFO     | __main__:evaluate_and_bid:58 - 💤 No new jobs to evaluate right now.
2026-06-03 15:11:33.092 | SUCCESS  | agents.fiverr_agent:auto_submit_offer:52 - 🚀 [Fiverr] Offer drafted for: AI Content Generator
2026-06-03 15:11:36.217 | SUCCESS  | agents.freelancer_agent:auto_submit_bid:52 - 💰 [Freelancer] Bid prepared for: Build an AI Sales Bot
2026-06-03 15:11:37.475 | SUCCESS  | agents.freelancer_agent:auto_submit_bid:52 - 💰 [Freelancer] Bid prepared for: Excel Automation
2026-06-03 15:11:37.475 | INFO     | __main__:check_messages_and_reply:98 - 💬 [Auto-Pilot] Checking for new leads in DB for outreach...
2026-06-03 15:11:37.523 | INFO     | __main__:check_messages_and_reply:106 - 🔗 Attempting LinkedIn connection for Indigo...
2026-06-03 15:12:06.338 | INFO     | __main__:check_messages_and_reply:106 - 🔗 Attempting LinkedIn connection for Lululemon...
2026-06-03 15:12:44.306 | INFO     | __main__:check_messages_and_reply:106 - 🔗 Attempting LinkedIn connection for Hudson's Bay...
2026-06-03 15:13:16.860 | INFO     | __main__:run_cycle:127 - ✅ Cycle Complete. Waiting for next cycle.
2026-06-03 15:23:17.210 | INFO     | __main__:run_cycle:119 - 🔄 Starting Auto-Pilot Cycle...
2026-06-03 15:23:17.210 | INFO     | __main__:scan_for_upwork_jobs:33 - 🔍 [Auto-Pilot] Scanning Upwork for high-paying AI jobs...
2026-06-03 15:23:17.596 | INFO     | __main__:scan_for_upwork_jobs:35 - 📊 Found 0 new jobs to evaluate.
2026-06-03 15:23:17.596 | INFO     | __main__:scan_for_fiverr_briefs:41 - 🔍 [Auto-Pilot] Scanning Fiverr for new briefs...
2026-06-03 15:23:17.596 | INFO     | __main__:scan_for_fiverr_briefs:43 - 📊 Found 2 new briefs to evaluate.
2026-06-03 15:23:17.596 | INFO     | __main__:scan_for_freelancer_jobs:49 - 🔍 [Auto-Pilot] Scanning Freelancer.com for new projects...
2026-06-03 15:23:17.596 | INFO     | __main__:scan_for_freelancer_jobs:51 - 📊 Found 2 projects to evaluate.
2026-06-03 15:23:17.596 | INFO     | __main__:evaluate_and_bid:58 - 💤 No new jobs to evaluate right now.
2026-06-03 15:23:18.697 | SUCCESS  | agents.fiverr_agent:auto_submit_offer:52 - 🚀 [Fiverr] Offer drafted for: AI Content Generator
2026-06-03 15:23:21.604 | SUCCESS  | agents.freelancer_agent:auto_submit_bid:52 - 💰 [Freelancer] Bid prepared for: Build an AI Sales Bot
2026-06-03 15:23:22.918 | SUCCESS  | agents.freelancer_agent:auto_submit_bid:52 - 💰 [Freelancer] Bid prepared for: Excel Automation
2026-06-03 15:23:22.918 | INFO     | __main__:check_messages_and_reply:98 - 💬 [Auto-Pilot] Checking for new leads in DB for outreach...
2026-06-03 15:23:22.967 | INFO     | __main__:check_messages_and_reply:106 - 🔗 Attempting LinkedIn connection for Indigo...
2026-06-03 15:23:55.988 | INFO     | __main__:check_messages_and_reply:106 - 🔗 Attempting LinkedIn connection for Lululemon...
2026-06-03 15:24:29.199 | INFO     | __main__:check_messages_and_reply:106 - 🔗 Attempting LinkedIn connection for Hudson's Bay...
2026-06-03 15:25:03.413 | INFO     | __main__:run_cycle:127 - ✅ Cycle Complete. Waiting for next cycle.
2026-06-03 15:29:02.372 | INFO     | agents.fiverr_agent:__init__:14 - [Fiverr Agent] Online and hunting for briefs.
2026-06-03 15:29:02.372 | INFO     | agents.freelancer_agent:__init__:14 - [Freelancer Agent] Initialized and ready to bid.
2026-06-03 15:29:02.372 | INFO     | __main__:__init__:27 - 🤖 Auto-Pilot System Initialized. AI is ready to take over.
2026-06-03 15:29:02.372 | SUCCESS  | __main__:start_24_7_operation:134 - 🚀 100% AUTO-PILOT MODE ACTIVATED. You can go sleep now!
2026-06-03 15:29:02.372 | INFO     | __main__:run_cycle:119 - 🔄 Starting Auto-Pilot Cycle...
2026-06-03 15:29:02.372 | INFO     | __main__:scan_for_upwork_jobs:33 - 🔍 [Auto-Pilot] Scanning Upwork for high-paying AI jobs...
2026-06-03 15:29:02.638 | INFO     | __main__:scan_for_upwork_jobs:35 - 📊 Found 0 new jobs to evaluate.
2026-06-03 15:29:02.638 | INFO     | __main__:scan_for_fiverr_briefs:41 - 🔍 [Auto-Pilot] Scanning Fiverr for new briefs...
2026-06-03 15:29:02.638 | INFO     | __main__:scan_for_fiverr_briefs:43 - 📊 Found 2 new briefs to evaluate.
2026-06-03 15:29:02.638 | INFO     | __main__:scan_for_freelancer_jobs:49 - 🔍 [Auto-Pilot] Scanning Freelancer.com for new projects...
2026-06-03 15:29:02.638 | INFO     | __main__:scan_for_freelancer_jobs:51 - 📊 Found 2 projects to evaluate.
2026-06-03 15:29:02.638 | INFO     | __main__:evaluate_and_bid:58 - 💤 No new jobs to evaluate right now.
2026-06-03 15:29:04.801 | SUCCESS  | agents.fiverr_agent:auto_submit_offer:52 - 🚀 [Fiverr] Offer drafted for: AI Content Generator
2026-06-03 15:29:07.435 | SUCCESS  | agents.freelancer_agent:auto_submit_bid:52 - 💰 [Freelancer] Bid prepared for: Build an AI Sales Bot
2026-06-03 15:29:08.677 | SUCCESS  | agents.freelancer_agent:auto_submit_bid:52 - 💰 [Freelancer] Bid prepared for: Excel Automation
2026-06-03 15:29:08.678 | INFO     | __main__:check_messages_and_reply:98 - 💬 [Auto-Pilot] Checking for new leads in DB for outreach...
2026-06-03 15:29:08.810 | INFO     | __main__:check_messages_and_reply:106 - 🔗 Attempting LinkedIn connection for Indigo...
2026-06-03 15:29:33.573 | INFO     | __main__:check_messages_and_reply:106 - 🔗 Attempting LinkedIn connection for Lululemon...
2026-06-03 15:29:55.668 | INFO     | __main__:check_messages_and_reply:106 - 🔗 Attempting LinkedIn connection for Hudson's Bay...
2026-06-03 15:30:17.384 | INFO     | __main__:run_cycle:127 - ✅ Cycle Complete. Waiting for next cycle.
2026-06-03 15:39:02.688 | INFO     | __main__:run_cycle:119 - 🔄 Starting Auto-Pilot Cycle...
2026-06-03 15:39:02.688 | INFO     | __main__:scan_for_upwork_jobs:33 - 🔍 [Auto-Pilot] Scanning Upwork for high-paying AI jobs...
2026-06-03 15:39:02.707 | INFO     | __main__:scan_for_upwork_jobs:35 - 📊 Found 0 new jobs to evaluate.
2026-06-03 15:39:02.707 | INFO     | __main__:scan_for_fiverr_briefs:41 - 🔍 [Auto-Pilot] Scanning Fiverr for new briefs...
2026-06-03 15:39:02.707 | INFO     | __main__:scan_for_fiverr_briefs:43 - 📊 Found 2 new briefs to evaluate.
2026-06-03 15:39:02.707 | INFO     | __main__:scan_for_freelancer_jobs:49 - 🔍 [Auto-Pilot] Scanning Freelancer.com for new projects...
2026-06-03 15:39:02.707 | INFO     | __main__:scan_for_freelancer_jobs:51 - 📊 Found 2 projects to evaluate.
2026-06-03 15:39:02.708 | INFO     | __main__:evaluate_and_bid:58 - 💤 No new jobs to evaluate right now.
2026-06-03 15:39:02.710 | ERROR    | agents.fiverr_agent:evaluate_and_write_offer:48 - Fiverr AI Pitch Error: HTTPSConnectionPool(host='api.groq.com', port=443): Max retries exceeded with url: /openai/v1/chat/completions (Caused by NameResolutionError("HTTPSConnection(host='api.groq.com', port=443): Failed to resolve 'api.groq.com' ([Errno 11001] getaddrinfo failed)"))
2026-06-03 15:39:02.712 | ERROR    | agents.fiverr_agent:evaluate_and_write_offer:48 - Fiverr AI Pitch Error: HTTPSConnectionPool(host='api.groq.com', port=443): Max retries exceeded with url: /openai/v1/chat/completions (Caused by NameResolutionError("HTTPSConnection(host='api.groq.com', port=443): Failed to resolve 'api.groq.com' ([Errno 11001] getaddrinfo failed)"))
2026-06-03 15:39:02.713 | ERROR    | agents.freelancer_agent:evaluate_and_write_bid:48 - Freelancer Bid Generation Error: HTTPSConnectionPool(host='api.groq.com', port=443): Max retries exceeded with url: /openai/v1/chat/completions (Caused by NameResolutionError("HTTPSConnection(host='api.groq.com', port=443): Failed to resolve 'api.groq.com' ([Errno 11001] getaddrinfo failed)"))
2026-06-03 15:39:02.718 | ERROR    | agents.freelancer_agent:evaluate_and_write_bid:48 - Freelancer Bid Generation Error: HTTPSConnectionPool(host='api.groq.com', port=443): Max retries exceeded with url: /openai/v1/chat/completions (Caused by NameResolutionError("HTTPSConnection(host='api.groq.com', port=443): Failed to resolve 'api.groq.com' ([Errno 11001] getaddrinfo failed)"))
2026-06-03 15:39:02.718 | INFO     | __main__:check_messages_and_reply:98 - 💬 [Auto-Pilot] Checking for new leads in DB for outreach...
2026-06-03 15:39:02.775 | INFO     | __main__:check_messages_and_reply:106 - 🔗 Attempting LinkedIn connection for Indigo...
2026-06-03 15:39:27.983 | INFO     | __main__:check_messages_and_reply:106 - 🔗 Attempting LinkedIn connection for Lululemon...
2026-06-03 15:39:49.415 | INFO     | __main__:check_messages_and_reply:106 - 🔗 Attempting LinkedIn connection for Hudson's Bay...
2026-06-03 15:40:12.845 | INFO     | __main__:run_cycle:127 - ✅ Cycle Complete. Waiting for next cycle.
2026-06-03 15:50:13.183 | INFO     | __main__:run_cycle:119 - 🔄 Starting Auto-Pilot Cycle...
2026-06-03 15:50:13.183 | INFO     | __main__:scan_for_upwork_jobs:33 - 🔍 [Auto-Pilot] Scanning Upwork for high-paying AI jobs...
2026-06-03 15:50:13.426 | INFO     | __main__:scan_for_upwork_jobs:35 - 📊 Found 0 new jobs to evaluate.
2026-06-03 15:50:13.426 | INFO     | __main__:scan_for_fiverr_briefs:41 - 🔍 [Auto-Pilot] Scanning Fiverr for new briefs...
2026-06-03 15:50:13.426 | INFO     | __main__:scan_for_fiverr_briefs:43 - 📊 Found 2 new briefs to evaluate.
2026-06-03 15:50:13.427 | INFO     | __main__:scan_for_freelancer_jobs:49 - 🔍 [Auto-Pilot] Scanning Freelancer.com for new projects...
2026-06-03 15:50:13.427 | INFO     | __main__:scan_for_freelancer_jobs:51 - 📊 Found 2 projects to evaluate.
2026-06-03 15:50:13.427 | INFO     | __main__:evaluate_and_bid:58 - 💤 No new jobs to evaluate right now.
2026-06-03 15:50:14.232 | SUCCESS  | agents.fiverr_agent:auto_submit_offer:52 - 🚀 [Fiverr] Offer drafted for: AI Content Generator
2026-06-03 15:50:15.981 | SUCCESS  | agents.freelancer_agent:auto_submit_bid:52 - 💰 [Freelancer] Bid prepared for: Build an AI Sales Bot
2026-06-03 15:50:17.310 | SUCCESS  | agents.freelancer_agent:auto_submit_bid:52 - 💰 [Freelancer] Bid prepared for: Excel Automation
2026-06-03 15:50:17.310 | INFO     | __main__:check_messages_and_reply:98 - 💬 [Auto-Pilot] Checking for new leads in DB for outreach...
2026-06-03 15:50:17.341 | INFO     | __main__:check_messages_and_reply:106 - 🔗 Attempting LinkedIn connection for Indigo...
2026-06-03 15:50:22.354 | INFO     | __main__:check_messages_and_reply:106 - 🔗 Attempting LinkedIn connection for Lululemon...
2026-06-03 15:50:27.361 | INFO     | __main__:check_messages_and_reply:106 - 🔗 Attempting LinkedIn connection for Hudson's Bay...
2026-06-03 15:50:32.368 | INFO     | __main__:run_cycle:127 - ✅ Cycle Complete. Waiting for next cycle.
2026-06-03 21:07:08.447 | INFO     | agents.fiverr_agent:__init__:14 - [Fiverr Agent] Online and hunting for briefs.
2026-06-03 21:07:08.447 | INFO     | agents.freelancer_agent:__init__:14 - [Freelancer Agent] Initialized and ready to bid.
2026-06-03 21:07:08.457 | INFO     | __main__:__init__:27 - 🤖 Auto-Pilot System Initialized. AI is ready to take over.
2026-06-03 21:07:08.457 | SUCCESS  | __main__:start_24_7_operation:134 - 🚀 100% AUTO-PILOT MODE ACTIVATED. You can go sleep now!
2026-06-03 21:07:08.457 | INFO     | __main__:run_cycle:119 - 🔄 Starting Auto-Pilot Cycle...
2026-06-03 21:07:08.457 | INFO     | __main__:scan_for_upwork_jobs:33 - 🔍 [Auto-Pilot] Scanning Upwork for high-paying AI jobs...
2026-06-03 21:07:16.390 | INFO     | __main__:scan_for_upwork_jobs:35 - 📊 Found 0 new jobs to evaluate.
2026-06-03 21:07:16.390 | INFO     | __main__:scan_for_fiverr_briefs:41 - 🔍 [Auto-Pilot] Scanning Fiverr for new briefs...
2026-06-03 21:07:16.390 | INFO     | __main__:scan_for_fiverr_briefs:43 - 📊 Found 2 new briefs to evaluate.
2026-06-03 21:07:16.390 | INFO     | __main__:scan_for_freelancer_jobs:49 - 🔍 [Auto-Pilot] Scanning Freelancer.com for new projects...
2026-06-03 21:07:16.390 | INFO     | __main__:scan_for_freelancer_jobs:51 - 📊 Found 2 projects to evaluate.
2026-06-03 21:07:16.390 | INFO     | __main__:evaluate_and_bid:58 - 💤 No new jobs to evaluate right now.
2026-06-03 21:07:38.206 | SUCCESS  | agents.fiverr_agent:auto_submit_offer:52 - 🚀 [Fiverr] Offer drafted for: AI Content Generator
2026-06-03 21:07:39.919 | SUCCESS  | agents.freelancer_agent:auto_submit_bid:52 - 💰 [Freelancer] Bid prepared for: Build an AI Sales Bot
2026-06-03 21:07:42.083 | SUCCESS  | agents.freelancer_agent:auto_submit_bid:52 - 💰 [Freelancer] Bid prepared for: Excel Automation
2026-06-03 21:07:42.083 | INFO     | __main__:check_messages_and_reply:98 - 💬 [Auto-Pilot] Checking for new leads in DB for outreach...
2026-06-03 21:07:42.283 | INFO     | __main__:check_messages_and_reply:106 - 🔗 Attempting LinkedIn connection for Indigo...
2026-06-03 21:08:14.046 | INFO     | __main__:check_messages_and_reply:106 - 🔗 Attempting LinkedIn connection for Lululemon...
2026-06-03 21:08:34.069 | INFO     | __main__:check_messages_and_reply:106 - 🔗 Attempting LinkedIn connection for Hudson's Bay...
2026-06-03 21:08:56.364 | INFO     | __main__:run_cycle:127 - ✅ Cycle Complete. Waiting for next cycle.
2026-06-03 21:17:08.627 | INFO     | __main__:run_cycle:119 - 🔄 Starting Auto-Pilot Cycle...
2026-06-03 21:17:08.627 | INFO     | __main__:scan_for_upwork_jobs:33 - 🔍 [Auto-Pilot] Scanning Upwork for high-paying AI jobs...
2026-06-03 21:17:11.326 | INFO     | __main__:scan_for_upwork_jobs:35 - 📊 Found 0 new jobs to evaluate.
2026-06-03 21:17:11.326 | INFO     | __main__:scan_for_fiverr_briefs:41 - 🔍 [Auto-Pilot] Scanning Fiverr for new briefs...
2026-06-03 21:17:11.326 | INFO     | __main__:scan_for_fiverr_briefs:43 - 📊 Found 2 new briefs to evaluate.
2026-06-03 21:17:11.326 | INFO     | __main__:scan_for_freelancer_jobs:49 - 🔍 [Auto-Pilot] Scanning Freelancer.com for new projects...
2026-06-03 21:17:11.326 | INFO     | __main__:scan_for_freelancer_jobs:51 - 📊 Found 2 projects to evaluate.
2026-06-03 21:17:11.336 | INFO     | __main__:evaluate_and_bid:58 - 💤 No new jobs to evaluate right now.
2026-06-03 21:17:14.238 | SUCCESS  | agents.fiverr_agent:auto_submit_offer:52 - 🚀 [Fiverr] Offer drafted for: AI Content Generator
2026-06-03 21:17:17.967 | SUCCESS  | agents.freelancer_agent:auto_submit_bid:52 - 💰 [Freelancer] Bid prepared for: Build an AI Sales Bot
2026-06-03 21:17:20.143 | SUCCESS  | agents.freelancer_agent:auto_submit_bid:52 - 💰 [Freelancer] Bid prepared for: Excel Automation
2026-06-03 21:17:20.149 | INFO     | __main__:check_messages_and_reply:98 - 💬 [Auto-Pilot] Checking for new leads in DB for outreach...
2026-06-03 21:17:20.319 | INFO     | __main__:check_messages_and_reply:106 - 🔗 Attempting LinkedIn connection for Indigo...
2026-06-03 21:17:43.528 | INFO     | __main__:check_messages_and_reply:106 - 🔗 Attempting LinkedIn connection for Lululemon...
2026-06-03 21:18:06.727 | INFO     | __main__:check_messages_and_reply:106 - 🔗 Attempting LinkedIn connection for Hudson's Bay...
2026-06-03 21:18:29.684 | INFO     | __main__:run_cycle:127 - ✅ Cycle Complete. Waiting for next cycle.
2026-06-03 21:28:30.001 | INFO     | __main__:run_cycle:119 - 🔄 Starting Auto-Pilot Cycle...
2026-06-03 21:28:30.001 | INFO     | __main__:scan_for_upwork_jobs:33 - 🔍 [Auto-Pilot] Scanning Upwork for high-paying AI jobs...
2026-06-03 21:28:42.055 | INFO     | __main__:scan_for_upwork_jobs:35 - 📊 Found 0 new jobs to evaluate.
2026-06-03 21:28:42.055 | INFO     | __main__:scan_for_fiverr_briefs:41 - 🔍 [Auto-Pilot] Scanning Fiverr for new briefs...
2026-06-03 21:28:42.055 | INFO     | __main__:scan_for_fiverr_briefs:43 - 📊 Found 2 new briefs to evaluate.
2026-06-03 21:28:42.055 | INFO     | __main__:scan_for_freelancer_jobs:49 - 🔍 [Auto-Pilot] Scanning Freelancer.com for new projects...
2026-06-03 21:28:42.055 | INFO     | __main__:scan_for_freelancer_jobs:51 - 📊 Found 2 projects to evaluate.
2026-06-03 21:28:42.055 | INFO     | __main__:evaluate_and_bid:58 - 💤 No new jobs to evaluate right now.
2026-06-03 21:28:54.092 | ERROR    | agents.fiverr_agent:evaluate_and_write_offer:48 - Fiverr AI Pitch Error: HTTPSConnectionPool(host='api.groq.com', port=443): Max retries exceeded with url: /openai/v1/chat/completions (Caused by NameResolutionError("HTTPSConnection(host='api.groq.com', port=443): Failed to resolve 'api.groq.com' ([Errno 11001] getaddrinfo failed)"))
2026-06-03 21:29:27.681 | ERROR    | agents.freelancer_agent:evaluate_and_write_bid:48 - Freelancer Bid Generation Error: ('Connection aborted.', RemoteDisconnected('Remote end closed connection without response'))
2026-06-03 21:29:32.288 | SUCCESS  | agents.freelancer_agent:auto_submit_bid:52 - 💰 [Freelancer] Bid prepared for: Excel Automation
2026-06-03 21:29:32.288 | INFO     | __main__:check_messages_and_reply:98 - 💬 [Auto-Pilot] Checking for new leads in DB for outreach...
2026-06-03 21:29:32.399 | INFO     | __main__:check_messages_and_reply:106 - 🔗 Attempting LinkedIn connection for Indigo...
2026-06-03 21:29:52.421 | INFO     | __main__:check_messages_and_reply:106 - 🔗 Attempting LinkedIn connection for Lululemon...
2026-06-03 21:30:16.239 | INFO     | __main__:check_messages_and_reply:106 - 🔗 Attempting LinkedIn connection for Hudson's Bay...
2026-06-03 21:30:38.519 | INFO     | __main__:run_cycle:127 - ✅ Cycle Complete. Waiting for next cycle.
2026-06-03 21:40:38.874 | INFO     | __main__:run_cycle:119 - 🔄 Starting Auto-Pilot Cycle...
2026-06-03 21:40:38.875 | INFO     | __main__:scan_for_upwork_jobs:33 - 🔍 [Auto-Pilot] Scanning Upwork for high-paying AI jobs...
2026-06-03 21:40:39.744 | INFO     | __main__:scan_for_upwork_jobs:35 - 📊 Found 0 new jobs to evaluate.
2026-06-03 21:40:39.744 | INFO     | __main__:scan_for_fiverr_briefs:41 - 🔍 [Auto-Pilot] Scanning Fiverr for new briefs...
2026-06-03 21:40:39.744 | INFO     | __main__:scan_for_fiverr_briefs:43 - 📊 Found 2 new briefs to evaluate.
2026-06-03 21:40:39.744 | INFO     | __main__:scan_for_freelancer_jobs:49 - 🔍 [Auto-Pilot] Scanning Freelancer.com for new projects...
2026-06-03 21:40:39.744 | INFO     | __main__:scan_for_freelancer_jobs:51 - 📊 Found 2 projects to evaluate.
2026-06-03 21:40:39.744 | INFO     | __main__:evaluate_and_bid:58 - 💤 No new jobs to evaluate right now.
2026-06-03 21:40:51.803 | ERROR    | agents.fiverr_agent:evaluate_and_write_offer:48 - Fiverr AI Pitch Error: HTTPSConnectionPool(host='api.groq.com', port=443): Max retries exceeded with url: /openai/v1/chat/completions (Caused by NameResolutionError("HTTPSConnection(host='api.groq.com', port=443): Failed to resolve 'api.groq.com' ([Errno 11001] getaddrinfo failed)"))
2026-06-03 21:40:55.243 | SUCCESS  | agents.freelancer_agent:auto_submit_bid:52 - 💰 [Freelancer] Bid prepared for: Build an AI Sales Bot
2026-06-03 21:40:57.628 | SUCCESS  | agents.freelancer_agent:auto_submit_bid:52 - 💰 [Freelancer] Bid prepared for: Excel Automation
2026-06-03 21:40:57.628 | INFO     | __main__:check_messages_and_reply:98 - 💬 [Auto-Pilot] Checking for new leads in DB for outreach...
2026-06-03 21:40:57.779 | INFO     | __main__:check_messages_and_reply:106 - 🔗 Attempting LinkedIn connection for Indigo...
2026-06-03 21:41:20.351 | INFO     | __main__:check_messages_and_reply:106 - 🔗 Attempting LinkedIn connection for Lululemon...
2026-06-03 21:41:43.093 | INFO     | __main__:check_messages_and_reply:106 - 🔗 Attempting LinkedIn connection for Hudson's Bay...
2026-06-03 21:42:04.390 | INFO     | __main__:run_cycle:127 - ✅ Cycle Complete. Waiting for next cycle.
2026-06-03 21:52:04.733 | INFO     | __main__:run_cycle:119 - 🔄 Starting Auto-Pilot Cycle...
2026-06-03 21:52:04.733 | INFO     | __main__:scan_for_upwork_jobs:33 - 🔍 [Auto-Pilot] Scanning Upwork for high-paying AI jobs...
2026-06-03 21:52:07.636 | INFO     | __main__:scan_for_upwork_jobs:35 - 📊 Found 0 new jobs to evaluate.
2026-06-03 21:52:07.636 | INFO     | __main__:scan_for_fiverr_briefs:41 - 🔍 [Auto-Pilot] Scanning Fiverr for new briefs...
2026-06-03 21:52:07.636 | INFO     | __main__:scan_for_fiverr_briefs:43 - 📊 Found 2 new briefs to evaluate.
2026-06-03 21:52:07.636 | INFO     | __main__:scan_for_freelancer_jobs:49 - 🔍 [Auto-Pilot] Scanning Freelancer.com for new projects...
2026-06-03 21:52:07.636 | INFO     | __main__:scan_for_freelancer_jobs:51 - 📊 Found 2 projects to evaluate.
2026-06-03 21:52:07.636 | INFO     | __main__:evaluate_and_bid:58 - 💤 No new jobs to evaluate right now.
2026-06-03 21:52:19.679 | ERROR    | agents.fiverr_agent:evaluate_and_write_offer:48 - Fiverr AI Pitch Error: HTTPSConnectionPool(host='api.groq.com', port=443): Max retries exceeded with url: /openai/v1/chat/completions (Caused by NameResolutionError("HTTPSConnection(host='api.groq.com', port=443): Failed to resolve 'api.groq.com' ([Errno 11001] getaddrinfo failed)"))
2026-06-03 21:52:19.684 | ERROR    | agents.fiverr_agent:evaluate_and_write_offer:48 - Fiverr AI Pitch Error: HTTPSConnectionPool(host='api.groq.com', port=443): Max retries exceeded with url: /openai/v1/chat/completions (Caused by NameResolutionError("HTTPSConnection(host='api.groq.com', port=443): Failed to resolve 'api.groq.com' ([Errno 11001] getaddrinfo failed)"))
2026-06-03 21:52:19.684 | ERROR    | agents.freelancer_agent:evaluate_and_write_bid:48 - Freelancer Bid Generation Error: HTTPSConnectionPool(host='api.groq.com', port=443): Max retries exceeded with url: /openai/v1/chat/completions (Caused by NameResolutionError("HTTPSConnection(host='api.groq.com', port=443): Failed to resolve 'api.groq.com' ([Errno 11001] getaddrinfo failed)"))
2026-06-03 21:52:19.684 | ERROR    | agents.freelancer_agent:evaluate_and_write_bid:48 - Freelancer Bid Generation Error: HTTPSConnectionPool(host='api.groq.com', port=443): Max retries exceeded with url: /openai/v1/chat/completions (Caused by NameResolutionError("HTTPSConnection(host='api.groq.com', port=443): Failed to resolve 'api.groq.com' ([Errno 11001] getaddrinfo failed)"))
2026-06-03 21:52:19.684 | INFO     | __main__:check_messages_and_reply:98 - 💬 [Auto-Pilot] Checking for new leads in DB for outreach...
2026-06-03 21:52:19.834 | INFO     | __main__:check_messages_and_reply:106 - 🔗 Attempting LinkedIn connection for Indigo...
2026-06-03 21:52:39.864 | INFO     | __main__:check_messages_and_reply:106 - 🔗 Attempting LinkedIn connection for Lululemon...
2026-06-03 21:53:04.453 | INFO     | __main__:check_messages_and_reply:106 - 🔗 Attempting LinkedIn connection for Hudson's Bay...
2026-06-03 21:53:32.049 | INFO     | __main__:run_cycle:127 - ✅ Cycle Complete. Waiting for next cycle.
2026-06-03 22:03:32.370 | INFO     | __main__:run_cycle:119 - 🔄 Starting Auto-Pilot Cycle...
2026-06-03 22:03:32.371 | INFO     | __main__:scan_for_upwork_jobs:33 - 🔍 [Auto-Pilot] Scanning Upwork for high-paying AI jobs...
2026-06-03 22:03:33.707 | INFO     | __main__:scan_for_upwork_jobs:35 - 📊 Found 0 new jobs to evaluate.
2026-06-03 22:03:33.708 | INFO     | __main__:scan_for_fiverr_briefs:41 - 🔍 [Auto-Pilot] Scanning Fiverr for new briefs...
2026-06-03 22:03:33.708 | INFO     | __main__:scan_for_fiverr_briefs:43 - 📊 Found 2 new briefs to evaluate.
2026-06-03 22:03:33.710 | INFO     | __main__:scan_for_freelancer_jobs:49 - 🔍 [Auto-Pilot] Scanning Freelancer.com for new projects...
2026-06-03 22:03:33.710 | INFO     | __main__:scan_for_freelancer_jobs:51 - 📊 Found 2 projects to evaluate.
2026-06-03 22:03:33.710 | INFO     | __main__:evaluate_and_bid:58 - 💤 No new jobs to evaluate right now.
2026-06-03 22:03:35.065 | SUCCESS  | agents.fiverr_agent:auto_submit_offer:52 - 🚀 [Fiverr] Offer drafted for: AI Content Generator
2026-06-03 22:03:37.923 | SUCCESS  | agents.freelancer_agent:auto_submit_bid:52 - 💰 [Freelancer] Bid prepared for: Build an AI Sales Bot
2026-06-03 22:03:39.356 | SUCCESS  | agents.freelancer_agent:auto_submit_bid:52 - 💰 [Freelancer] Bid prepared for: Excel Automation
2026-06-03 22:03:39.358 | INFO     | __main__:check_messages_and_reply:98 - 💬 [Auto-Pilot] Checking for new leads in DB for outreach...
2026-06-03 22:03:39.496 | INFO     | __main__:check_messages_and_reply:106 - 🔗 Attempting LinkedIn connection for Indigo...
2026-06-03 22:04:02.165 | INFO     | __main__:check_messages_and_reply:106 - 🔗 Attempting LinkedIn connection for Lululemon...
2026-06-03 22:04:23.179 | INFO     | __main__:check_messages_and_reply:106 - 🔗 Attempting LinkedIn connection for Hudson's Bay...
2026-06-03 22:04:44.268 | INFO     | __main__:run_cycle:127 - ✅ Cycle Complete. Waiting for next cycle.
2026-06-03 22:14:44.565 | INFO     | __main__:run_cycle:119 - 🔄 Starting Auto-Pilot Cycle...
2026-06-03 22:14:44.566 | INFO     | __main__:scan_for_upwork_jobs:33 - 🔍 [Auto-Pilot] Scanning Upwork for high-paying AI jobs...
2026-06-03 22:15:02.692 | INFO     | __main__:scan_for_upwork_jobs:35 - 📊 Found 0 new jobs to evaluate.
2026-06-03 22:15:02.692 | INFO     | __main__:scan_for_fiverr_briefs:41 - 🔍 [Auto-Pilot] Scanning Fiverr for new briefs...
2026-06-03 22:15:02.692 | INFO     | __main__:scan_for_fiverr_briefs:43 - 📊 Found 2 new briefs to evaluate.
2026-06-03 22:15:02.692 | INFO     | __main__:scan_for_freelancer_jobs:49 - 🔍 [Auto-Pilot] Scanning Freelancer.com for new projects...
2026-06-03 22:15:02.692 | INFO     | __main__:scan_for_freelancer_jobs:51 - 📊 Found 2 projects to evaluate.
2026-06-03 22:15:02.692 | INFO     | __main__:evaluate_and_bid:58 - 💤 No new jobs to evaluate right now.
2026-06-03 22:15:26.047 | SUCCESS  | agents.fiverr_agent:auto_submit_offer:52 - 🚀 [Fiverr] Offer drafted for: AI Content Generator
2026-06-03 22:15:36.087 | ERROR    | agents.fiverr_agent:evaluate_and_write_offer:48 - Fiverr AI Pitch Error: ('Connection aborted.', ConnectionResetError(10054, 'An existing connection was forcibly closed by the remote host', None, 10054, None))
2026-06-03 22:15:52.395 | SUCCESS  | agents.freelancer_agent:auto_submit_bid:52 - 💰 [Freelancer] Bid prepared for: Build an AI Sales Bot
2026-06-03 22:16:06.166 | SUCCESS  | agents.freelancer_agent:auto_submit_bid:52 - 💰 [Freelancer] Bid prepared for: Excel Automation
2026-06-03 22:16:06.166 | INFO     | __main__:check_messages_and_reply:98 - 💬 [Auto-Pilot] Checking for new leads in DB for outreach...
2026-06-03 22:16:06.323 | INFO     | __main__:check_messages_and_reply:106 - 🔗 Attempting LinkedIn connection for Indigo...
2026-06-03 22:16:32.623 | INFO     | __main__:check_messages_and_reply:106 - 🔗 Attempting LinkedIn connection for Lululemon...
2026-06-03 22:17:06.291 | INFO     | __main__:check_messages_and_reply:106 - 🔗 Attempting LinkedIn connection for Hudson's Bay...
2026-06-03 22:17:31.518 | INFO     | __main__:run_cycle:127 - ✅ Cycle Complete. Waiting for next cycle.
